iId,sName,sDescription,sIcon,iQualityLevel,iLevelRequire,iMinDamage,iMaxDamage,iDefense,iProfessionRequire,iStrRequire,iDexRequire,iVitRequire,iType,iDruability,iStack,iBuyingRateCoin,iBuyingRate,iBuyingRateGold,sScript,iExtraAttributeID,iExtraAttributeGroup,iBind,iAlive,iAliveTime,iTrade,iStore,iRepaire,iWidth,iHeight,sAddEffect,iBodyType
1,木锤,木质的大锤，上面还束固定用的皮带。,/images/items/Equip/Temp/Chui3.png,1,1,16,18,-1,0,10,10,-1,1,90,-1,2000,-1,-1,null,-1,-1,2,0,-1,1,0,0,2,4,-1,10
2,石刀,刀身布满纹痕，似乎是上古时代遗留下来的。,/images/items/Equip/Temp/Dao2.png,2,6,22,25,-1,0,18,13,-1,1,90,-1,3200,0,-1,null,-1,-1,2,0,-1,1,0,0,2,4,-1,10
3,黄铜长枪,金黄色的枪身非常拉风。,/images/items/Equip/Temp/Qiang3.png,4,11,38,41,-1,0,20,19,-1,1,90,-1,5400,0,-1,null,-1,-1,2,0,-1,1,0,0,2,4,-1,10
4,青铜锤,由青铜铸造大锤，挥舞起来虎虎生风。,/images/items/Equip/Temp/Chui2.png,5,15,40,45,-1,0,27,21,-1,1,90,-1,7200,0,-1,null,-1,-1,2,0,-1,1,0,0,2,4,-1,10
5,精炼大刀,刀身光滑透亮，看上去非常锋利。,/images/items/Equip/Temp/Dao3.png,7,19,44,49,-1,0,34,23,-1,1,90,-1,9000,0,0,null,-1,-1,2,0,-1,1,0,0,2,4,-1,10
6,虎牙长枪,有虎牙状倒钩的长枪，在战斗中极具杀伤力。,/images/items/Equip/Temp/Qiang3.png,8,23,49,54,-1,0,41,25,-1,1,90,-1,10500,0,0,null,-1,-1,2,0,-1,1,0,0,2,4,-1,10
7,碧水之锤,锤身上刻有水波搬的纹饰。,/images/items/Equip/Temp/Chui1.png,9,27,54,60,-1,0,48,27,-1,1,90,-1,12500,0,0,null,-1,-1,2,0,-1,1,0,0,2,4,-1,10
8,青空大刀,能反射出熠熠光辉的大刀。,/images/items/Equip/Temp/Dao1.png,11,31,60,67,-1,0,55,29,-1,1,90,-1,13800,0,0,null,-1,-1,2,0,-1,1,0,0,2,4,-1,10
9,苍穹长枪,经过加长处理的长枪，看上去仿佛直指天际。,/images/items/Equip/Temp/Qiang1.png,12,35,68,75,-1,0,62,31,-1,1,90,-1,15500,0,0,null,-1,-1,2,0,-1,1,0,0,2,4,-1,10
10,精炼铁锤,精炼的铸铁打造的尖刺铁锤。,/images/items/Equip/Temp/Chui1.png,13,38,74,81,-1,0,68,33,-1,1,90,-1,16500,0,0,null,-1,-1,2,0,-1,1,0,0,2,4,-1,10
11,精钢大刀,由高级工匠日夜打造而成，削铁如泥。,/images/items/Equip/Temp/Dao2.png,14,42,82,91,-1,0,75,35,-1,1,90,-1,18000,0,0,null,-1,-1,2,0,-1,1,0,0,2,4,-1,10
12,镀银长枪,枪头镀银，异常锋利。,/images/items/Equip/Temp/Qiang1.png,15,45,90,99,-1,0,80,36,-1,1,90,-1,19500,0,0,null,-1,-1,2,0,-1,1,0,0,2,4,-1,10
13,远古之刃,从远古流传下来的剑。,/images/items/Equip/Temp/Chui3.png,16,48,97,107,-1,0,85,38,-1,1,90,-1,21000,0,0,null,-1,-1,2,0,-1,1,0,0,2,4,-1,10
14,琉璃刃,刀身琉璃异彩，看起来充满了能量。,/images/items/Equip/Temp/Dao2.png,18,52,108,120,-1,0,92,40,-1,1,90,-1,22000,0,0,null,-1,-1,2,0,-1,1,0,0,2,4,-1,10
15,魔神裂,相传从前一个大魔神所使用的刀刃。,/images/items/Equip/Temp/Qiang3.png,19,55,117,129,-1,0,97,41,-1,1,90,-1,23200,0,0,null,-1,-1,2,0,-1,1,0,0,2,4,-1,10
16,火焰斩,每次斩击能带出火焰，为例十分强劲！,/images/items/Equip/Temp/Chui2.png,20,58,126,140,-1,0,103,43,-1,1,90,-1,24500,0,0,null,-1,-1,2,0,-1,1,0,0,2,4,-1,10
17,魔龙弑,屠龙者专用的大刃！,/images/items/Equip/Temp/Dao3.png,21,62,139,154,-1,0,110,45,-1,1,90,-1,25800,0,0,null,-1,-1,2,0,-1,1,0,0,2,4,-1,10
18,玛娜之刃,以世界树玛娜的木头所铸造的刀。,/images/items/Equip/Temp/Qiang3.png,22,65,150,166,-1,0,115,46,-1,1,90,-1,27000,0,0,null,-1,-1,2,0,-1,1,0,0,2,4,-1,10
19,妖刀星碎,用生长在边境之地一种树龄达一万年的“金刚树”所打造。可电视邮购...,/images/items/Equip/Temp/Chui1.png,23,68,161,178,-1,0,120,48,-1,1,90,-1,28300,0,0,null,-1,-1,2,0,-1,1,0,0,2,4,-1,10
20,无尘剑,上古宝剑。指天天劈，指地地裂。,/images/items/Equip/Temp/Dao1.png,24,71,172,190,-1,0,125,49,-1,1,90,-1,29600,0,0,null,-1,-1,2,0,-1,1,0,0,2,4,-1,10
21,光之剑,利用光所铸造的剑，剑身被光所包围，甚至可以用光发出远程攻击。,/images/items/Equip/Temp/Qiang1.png,25,74,184,203,-1,0,131,51,-1,1,90,-1,31000,0,0,null,-1,-1,2,0,-1,1,0,0,2,4,-1,10
22,九字兼定,刀身上刻着“临兵L者皆阵烈在前”九个字。,/images/items/Equip/Temp/Chui1.png,26,77,196,217,-1,0,136,52,-1,1,90,-1,32500,0,0,null,-1,-1,2,0,-1,1,0,0,2,4,-1,10
23,贽殿遮那,永远追求强者之剑。,/images/items/Equip/Temp/Dao2.png,27,80,209,231,-1,0,141,54,-1,1,90,-1,34000,0,0,null,-1,-1,2,0,-1,1,0,0,2,4,-1,10
24,EX咖喱棒,传说是水中的精灵赠予王者之剑。又被称作“誓约胜利之剑”。,/images/items/Equip/Temp/Qiang1.png,28,83,223,246,-1,0,146,55,-1,1,90,-1,36000,0,0,null,-1,-1,2,0,-1,1,0,0,2,4,-1,10
51,木棍,棍身缠着油布条，是很常见的武器。,/images/items/Equip/Temp/Gun3.png,1,1,14,16,-1,0,10,10,-1,2,90,-1,2000,0,-1,null,-1,-1,2,0,-1,1,0,0,2,4,-1,10
52,石斧,已经看不出原本的颜色，斧刃上有许多伤痕，不过依旧锋利。,/images/items/Equip/Temp/Fuzi3.png,2,6,18,21,-1,0,15,15,-1,2,90,-1,3200,0,0,null,-1,-1,2,0,-1,1,0,0,2,4,-1,10
53,黄铜长剑,辉煌的剑身在乱军从中非常耀眼。,/images/items/Equip/Temp/Jian3.png,4,11,28,31,-1,0,19,19,-1,2,90,-1,5400,0,0,null,-1,-1,2,0,-1,1,0,0,2,4,-1,10
54,青铜长棍,棍的两端裹有青铜纹饰。,/images/items/Equip/Temp/Gun2.png,5,15,32,36,-1,0,24,24,-1,2,90,-1,7200,0,0,null,-1,-1,2,0,-1,1,0,0,2,4,-1,10
55,精炼短斧,由工匠千锤百炼打造出来的斧子。,/images/items/Equip/Temp/Fuzi2.png,7,19,35,39,-1,0,28,28,-1,2,90,-1,9000,0,0,null,-1,-1,2,0,-1,1,0,0,2,4,-1,10
56,虎牙长剑,剑刃有虎牙状的倒钩，极具杀伤力。,/images/items/Equip/Temp/Jian2.png,8,23,40,43,-1,0,32,32,-1,2,90,-1,10500,0,0,null,-1,-1,2,0,-1,1,0,0,2,4,-1,10
57,碧水长棍,棍身刻满流水的符记。,/images/items/Equip/Temp/Gun1.png,9,27,45,48,-1,0,35,35,-1,2,90,-1,12500,0,0,null,-1,-1,2,0,-1,1,0,0,2,4,-1,10
58,青空斧,微微泛着青光的斧子，斧刃非常锋利。,/images/items/Equip/Temp/Fuzi1.png,11,31,50,54,-1,0,40,40,-1,2,90,-1,13800,0,0,null,-1,-1,2,0,-1,1,0,0,2,4,-1,10
59,苍穹长剑,剑身散发着幽蓝的光芒，能清晰地映出天空的倒影。,/images/items/Equip/Temp/Jian1.png,12,35,56,62,-1,0,44,44,-1,2,90,-1,15500,0,0,null,-1,-1,2,0,-1,1,0,0,2,4,-1,10
60,精铁长棍,名工匠铸造的乌铁长棍，棍身上还留有锻造的纹痕。,/images/items/Equip/Temp/Gun1.png,13,38,60,63,-1,0,46,46,-1,2,90,-1,16500,0,0,null,-1,-1,2,0,-1,1,0,0,2,4,-1,10
61,精钢短斧,斧刃薄如发丝的精工战斧。,/images/items/Equip/Temp/Fuzi1.png,14,42,69,76,-1,0,50,50,-1,2,90,-1,18000,0,0,null,-1,-1,2,0,-1,1,0,0,2,4,-1,10
62,镶银长剑,剑刃闪着明亮的银色光芒，是不可多得的上乘兵器。,/images/items/Equip/Temp/Jian1.png,15,45,75,82,-1,0,54,54,-1,2,90,-1,19500,0,0,null,-1,-1,2,0,-1,1,0,0,2,4,-1,10
63,圣纹缠手布,刻有圣灵文字的布条，任何力量都难以损其分毫。,/images/items/Equip/Temp/Gun3.png,16,48,83,91,-1,0,57,57,-1,2,90,-1,21000,0,0,null,-1,-1,2,0,-1,1,0,0,2,4,-1,10
64,霸王道,是王道还是霸道，靠自己的拳头来证明吧。,/images/items/Equip/Temp/Fuzi3.png,18,52,92,102,-1,0,61,61,-1,2,90,-1,22000,0,0,null,-1,-1,2,0,-1,1,0,0,2,4,-1,10
65,破晓之拳,击破黑暗，方可看到光明。,/images/items/Equip/Temp/Jian3.png,19,55,99,109,-1,0,63,63,-1,2,90,-1,23200,0,0,null,-1,-1,2,0,-1,1,0,0,2,4,-1,10
66,兽王啸,挥舞时犹如百兽之王的咆哮。,/images/items/Equip/Temp/Gun2.png,20,58,107,118,-1,0,67,67,-1,2,90,-1,24500,0,0,null,-1,-1,2,0,-1,1,0,0,2,4,-1,10
67,幻兽吟,每次挥舞发出的声响好像猛兽在咆哮。,/images/items/Equip/Temp/Fuzi2.png,21,62,119,131,-1,0,71,71,-1,2,90,-1,25800,0,0,null,-1,-1,2,0,-1,1,0,0,2,4,-1,10
68,苍穹破,戴上一拳可划破苍穹！,/images/items/Equip/Temp/Jian2.png,22,65,128,142,-1,0,74,74,-1,2,90,-1,27000,0,0,null,-1,-1,2,0,-1,1,0,0,2,4,-1,10
69,狂岚,被此打败的敌人遗言都说“我只听到了一阵风声”。,/images/items/Equip/Temp/Gun1.png,23,68,137,151,-1,0,76,76,-1,2,90,-1,28300,0,0,null,-1,-1,2,0,-1,1,0,0,2,4,-1,10
70,星陨,以陨石的碎片做成的常自然超自然力量的拳套。,/images/items/Equip/Temp/Fuzi1.png,24,71,147,163,-1,0,80,80,-1,2,90,-1,29600,0,0,null,-1,-1,2,0,-1,1,0,0,2,4,-1,10
71,灵王护拳,受到大自然各位生灵祝福的拳套。,/images/items/Equip/Temp/Jian1.png,25,74,158,174,-1,0,82,82,-1,2,90,-1,31000,0,0,null,-1,-1,2,0,-1,1,0,0,2,4,-1,10
72,若林的手套,看起来是一副守门员手套，上面写着“若林源三”几个字。,/images/items/Equip/Temp/Gun1.png,26,77,168,186,-1,0,85,85,-1,2,90,-1,32500,0,0,null,-1,-1,2,0,-1,1,0,0,2,4,-1,10
73,神之手,神所携带的手套，可破除一切敌人！,/images/items/Equip/Temp/Fuzi1.png,27,80,180,200,-1,0,88,88,-1,2,90,-1,34000,0,0,null,-1,-1,2,0,-1,1,0,0,2,4,-1,10
74,诸神黄昏,为诸神带来最终末日的终极拳套。,/images/items/Equip/Temp/Jian1.png,28,83,192,212,-1,0,92,92,-1,2,90,-1,36000,0,0,null,-1,-1,2,0,-1,1,0,0,2,4,-1,10
101,桃木扇,桃木片制作的折扇，有驱散邪咒的功能。,/images/items/Equip/Temp/Shan3.png,1,1,10,13,-1,0,10,10,-1,4,90,-1,2000,-1,-1,null,-1,-1,2,0,-1,1,0,0,2,4,-1,10
102,石纹符咒,杏黄色的符纸上画着代表大地的符文。,/images/items/Equip/Temp/Fu3.png,2,6,15,19,-1,0,13,18,-1,4,90,-1,3200,0,0,null,-1,-1,2,0,-1,1,0,0,2,4,-1,10
103,黄铜手杖,黄铜制成的手杖，非常小巧。,/images/items/Equip/Temp/Zhang3.png,4,11,21,24,-1,0,19,20,-1,4,90,-1,5400,0,0,null,-1,-1,2,0,-1,1,0,0,2,4,-1,10
104,青铜雕扇,青铜片制成的折扇，上面还雕刻着镂空的花纹。,/images/items/Equip/Temp/Shan2.png,5,15,23,26,-1,0,21,27,-1,4,90,-1,7200,0,0,null,-1,-1,2,0,-1,1,0,0,2,4,-1,10
105,精炼符咒,由多种材料提炼而成的墨水所画的符咒。,/images/items/Equip/Temp/Fu2.png,7,19,26,29,-1,0,23,34,-1,4,90,-1,9000,0,0,null,-1,-1,2,0,-1,1,0,0,2,4,-1,10
106,虎牙手杖,杖首装饰着一串虎牙。,/images/items/Equip/Temp/Zhang2.png,8,23,29,32,-1,0,25,41,-1,4,90,-1,10500,0,0,null,-1,-1,2,0,-1,1,0,0,2,4,-1,10
107,碧水折扇,用碧翠翡翠镂刻的折扇。,/images/items/Equip/Temp/Shan1.png,9,27,33,36,-1,0,27,48,-1,4,90,-1,12500,0,0,null,-1,-1,2,0,-1,1,0,0,2,4,-1,10
108,青空符咒,用青冥色符纸和精炼墨水写成的符咒。,/images/items/Equip/Temp/Fu1.png,11,31,37,41,-1,0,29,55,-1,4,90,-1,13800,0,0,null,-1,-1,2,0,-1,1,0,0,2,4,-1,10
109,苍穹手杖,传说用龙骨制成的手杖，有着强大的法力。,/images/items/Equip/Temp/Zhang1.png,12,35,42,47,-1,0,31,62,-1,4,90,-1,15500,0,0,null,-1,-1,2,0,-1,1,0,0,2,4,-1,10
110,精铁铭文符咒,由提炼的精铁作为原料铭刻而成的符咒,/images/items/Equip/Temp/Fu1.png,13,38,46,51,-1,0,33,68,-1,4,90,-1,16500,0,0,null,-1,-1,2,0,-1,1,0,0,2,4,-1,10
111,精钢扇,钢制的折扇，散发出凛凛寒光。,/images/items/Equip/Temp/Shan1.png,14,42,53,58,-1,0,35,75,-1,4,90,-1,18000,0,0,null,-1,-1,2,0,-1,1,0,0,2,4,-1,10
112,白银手杖,纯银打造的手杖，能大幅提升法力。,/images/items/Equip/Temp/Zhang1.png,15,45,57,64,-1,0,36,80,-1,4,90,-1,19500,0,0,null,-1,-1,2,0,-1,1,0,0,2,4,-1,10
113,夜风,它割过就像黑夜里起了一阵轻敲的风。,/images/items/Equip/Temp/Shan3.png,16,48,63,69,-1,0,38,85,-1,4,90,-1,21000,0,0,null,-1,-1,2,0,-1,1,0,0,2,4,-1,10
114,魂遁影,这把匕首割过的人还没有活下来的。,/images/items/Equip/Temp/Fu3.png,18,52,70,78,-1,0,40,92,-1,4,90,-1,22000,0,0,null,-1,-1,2,0,-1,1,0,0,2,4,-1,10
115,恸哭杀,使用它时会发出鬼哭狼嚎的声响。,/images/items/Equip/Temp/Zhang3.png,19,55,76,85,-1,0,41,97,-1,4,90,-1,23200,0,0,null,-1,-1,2,0,-1,1,0,0,2,4,-1,10
116,逐风者,这把匕首挥舞地比风还快！,/images/items/Equip/Temp/Shan2.png,20,58,83,92,-1,0,43,103,-1,4,90,-1,24500,0,0,null,-1,-1,2,0,-1,1,0,0,2,4,-1,10
117,暗夜弑,月黑风高杀人夜。,/images/items/Equip/Temp/Fu2.png,21,62,92,102,-1,0,45,110,-1,4,90,-1,25800,0,0,null,-1,-1,2,0,-1,1,0,0,2,4,-1,10
118,影斩,被杀的人只会看到匕首的影子，看不到真身。,/images/items/Equip/Temp/Zhang2.png,22,65,99,110,-1,0,46,115,-1,4,90,-1,27000,0,0,null,-1,-1,2,0,-1,1,0,0,2,4,-1,10
119,直死之刃,样子是非常普通的匕首，刀把上刻着“七夜”两个字。,/images/items/Equip/Temp/Shan1.png,23,68,107,118,-1,0,48,120,-1,4,90,-1,28300,0,0,null,-1,-1,2,0,-1,1,0,0,2,4,-1,10
120,高震动粒子刀,刀刃告诉震动可以将接触到的物质分离、切断。,/images/items/Equip/Temp/Fu1.png,24,71,115,127,-1,0,49,125,-1,4,90,-1,29600,0,0,null,-1,-1,2,0,-1,1,0,0,2,4,-1,10
121,虚空撕裂者,神秘的匕首。刀刃十分锋利，据说甚至能将虚空撕裂。,/images/items/Equip/Temp/Zhang1.png,25,74,123,136,-1,0,51,131,-1,4,90,-1,31000,0,0,null,-1,-1,2,0,-1,1,0,0,2,4,-1,10
122,亡者的呼唤,宿有亡灵的匕首，它正想要更多的同伴呢。,/images/items/Equip/Temp/Fu1.png,26,77,132,146,-1,0,52,136,-1,4,90,-1,32500,0,0,null,-1,-1,2,0,-1,1,0,0,2,4,-1,10
123,死亡凝视,面对此匕首犹如被死神凝视一般，让人不寒而栗。,/images/items/Equip/Temp/Shan1.png,27,80,141,155,-1,0,54,141,-1,4,90,-1,34000,0,0,null,-1,-1,2,0,-1,1,0,0,2,4,-1,10
124,死神契印,宿有死神力量的匕首，没有杀不了的活物。,/images/items/Equip/Temp/Zhang1.png,28,83,150,166,-1,0,55,146,-1,4,90,-1,36000,0,0,null,-1,-1,2,0,-1,1,0,0,2,4,-1,10
151,武者头盔,简单打造的头盔，十分轻便，但防御力很低。,/images/items/Equip/Temp/Tou_1_1.png,5,15,-1,-1,58,0,27,21,-1,10010,75,-1,6000,0,-1,null,-1,-1,2,0,-1,1,0,0,2,2,-1,1
152,勇士头盔,青铜打造的头盔，能抵挡普通攻击。,/images/items/Equip/Temp/Tou_1_2.png,8,23,-1,-1,87,0,41,25,-1,10010,75,-1,8800,0,0,null,-1,-1,2,0,-1,1,0,0,2,2,-1,1
153,天狼头盔,表面刻有天狼的纹饰，伤痕累累。,/images/items/Equip/Temp/Tou_1_3.png,11,31,-1,-1,116,0,55,29,-1,10010,75,-1,11500,0,0,null,-1,-1,2,0,-1,1,0,0,2,2,-1,1
154,斗气头盔,做工精湛，张扬着一股斗气。,/images/items/Equip/Temp/Tou_1_4.png,13,39,-1,-1,146,0,69,33,-1,10010,75,-1,15000,0,0,null,-1,-1,2,0,-1,1,0,0,2,2,-1,1
155,金刚头盔,饰有金色镶边的头盔，适合冲锋陷阵。,/images/items/Equip/Temp/Tou_1_5.png,16,47,-1,-1,175,0,83,37,-1,10010,75,-1,16700,0,0,null,-1,-1,2,0,-1,1,0,0,2,2,-1,1
156,狂龙头盔,刻有狂龙纹饰的头盔。,/images/items/Equip/Temp/Tou_1_6.png,19,55,-1,-1,204,0,97,41,-1,10010,75,-1,21500,0,0,null,-1,-1,2,0,-1,1,0,0,2,2,-1,1
157,麒麟头盔,传说是麒麟洞穴的烈火打造的。,/images/items/Equip/Temp/Tou_1_7.png,21,63,-1,-1,233,0,111,45,-1,10010,75,-1,25800,0,0,null,-1,-1,2,0,-1,1,0,0,2,2,-1,1
158,玄武头盔,被神祝福过的头盔，有着超强的防御力。,/images/items/Equip/Temp/Tou_1_8.png,24,71,-1,-1,262,0,125,49,-1,10010,75,-1,28000,0,0,null,-1,-1,2,0,-1,1,0,0,2,2,-1,1
159,乱世头盔,主宰乱世的王者之盔。,/images/items/Equip/Temp/Tou_1_9.png,27,79,-1,-1,291,0,139,53,-1,10010,75,-1,30500,0,0,null,-1,-1,2,0,-1,1,0,0,2,2,-1,1
171,武者铠甲,简单打造的铠甲，有一定的防护作用。,/images/items/Equip/Temp/Yi_1_1.png,6,18,-1,-1,82,0,33,23,-1,10020,90,-1,8500,0,-1,null,-1,-1,2,0,-1,1,0,0,2,3,-1,2
172,勇士铠甲,青铜打造的铠甲，对普通攻击能起到有效的防御。,/images/items/Equip/Temp/Yi_1_2.png,9,26,-1,-1,117,0,47,27,-1,10020,90,-1,12000,0,0,null,-1,-1,2,0,-1,1,0,0,2,3,-1,2
173,天狼铠甲,伤痕累累战甲，刻有天狼的纹饰。,/images/items/Equip/Temp/Yi_1_3.png,12,34,-1,-1,152,0,61,31,-1,10020,90,-1,15000,0,0,null,-1,-1,2,0,-1,1,0,0,2,3,-1,2
174,斗气铠甲,做工精湛的战甲，是荣耀的象征。,/images/items/Equip/Temp/Yi_1_4.png,14,42,-1,-1,187,0,75,35,-1,10020,90,-1,18500,0,0,null,-1,-1,2,0,-1,1,0,0,2,3,-1,2
175,金刚铠甲,非常坚固的铠甲，饰有金色镶边。,/images/items/Equip/Temp/Yi_1_5.png,17,50,-1,-1,222,0,89,39,-1,10020,90,-1,21700,0,0,null,-1,-1,2,0,-1,1,0,0,2,3,-1,2
176,狂龙铠甲,据说战甲中蕴藏着龙的力量。,/images/items/Equip/Temp/Yi_1_6.png,20,58,-1,-1,257,0,103,43,-1,10020,90,-1,25000,0,0,null,-1,-1,2,0,-1,1,0,0,2,3,-1,2
177,麒麟铠甲,传说是麒麟洞穴的烈火打造的。,/images/items/Equip/Temp/Yi_1_7.png,22,66,-1,-1,292,0,117,47,-1,10020,90,-1,29000,0,0,null,-1,-1,2,0,-1,1,0,0,2,3,-1,2
178,玄武铠甲,被神祝福过的战甲，有着超强的防御力。,/images/items/Equip/Temp/Yi_1_8.png,25,74,-1,-1,327,0,131,51,-1,10020,90,-1,32000,0,0,null,-1,-1,2,0,-1,1,0,0,2,3,-1,2
179,乱世铠甲,主宰乱世的王者战甲。,/images/items/Equip/Temp/Yi_1_9.png,28,82,-1,-1,362,0,145,55,-1,10020,90,-1,35000,0,0,null,-1,-1,2,0,-1,1,0,0,2,3,-1,2
191,武者腰带,简单打造的腰带，很轻便。,/images/items/Equip/Temp/Yao_1_1.png,4,12,-1,-1,32,0,22,20,-1,10040,50,-1,3200,0,-1,null,-1,-1,2,0,-1,1,0,0,2,1,-1,3
192,勇士腰带,青铜打造的腰带，能抵御普通进攻。,/images/items/Equip/Temp/Yao_1_2.png,7,20,-1,-1,51,0,36,24,-1,10040,50,-1,5200,0,0,null,-1,-1,2,0,-1,1,0,0,2,1,-1,3
193,天狼腰带,有着天狼纹饰的腰带，是战士最常用的腰带。,/images/items/Equip/Temp/Yao_1_3.png,10,28,-1,-1,71,0,50,28,-1,10040,50,-1,7000,0,0,null,-1,-1,2,0,-1,1,0,0,2,1,-1,3
194,斗气腰带,做工精湛的腰带，看上去非常坚固。,/images/items/Equip/Temp/Yao_1_4.png,12,36,-1,-1,90,0,64,32,-1,10040,50,-1,8800,0,0,null,-1,-1,2,0,-1,1,0,0,2,1,-1,3
195,金刚腰带,饰有金色镶边的腰带。,/images/items/Equip/Temp/Yao_1_5.png,15,44,-1,-1,110,0,78,36,-1,10040,50,-1,10500,0,0,null,-1,-1,2,0,-1,1,0,0,2,1,-1,3
196,狂龙腰带,刻有狂龙纹饰的腰带。,/images/items/Equip/Temp/Yao_1_6.png,18,52,-1,-1,129,0,92,40,-1,10040,50,-1,11500,0,0,null,-1,-1,2,0,-1,1,0,0,2,1,-1,3
197,麒麟腰带,传说是麒麟洞穴的烈火打造的。,/images/items/Equip/Temp/Yao_1_7.png,20,60,-1,-1,148,0,106,44,-1,10040,50,-1,13000,0,0,null,-1,-1,2,0,-1,1,0,0,2,1,-1,3
198,玄武腰带,被神祝福过的腰带，有着超强的防御力。,/images/items/Equip/Temp/Yao_1_8.png,23,68,-1,-1,168,0,120,48,-1,10040,50,-1,14500,0,0,null,-1,-1,2,0,-1,1,0,0,2,1,-1,3
199,乱世腰带,主宰乱世的王者腰带。,/images/items/Equip/Temp/Yao_1_9.png,25,74,-1,-1,182,0,131,51,-1,10040,50,-1,16000,0,0,null,-1,-1,2,0,-1,1,0,0,2,1,-1,3
211,武者腿甲,简单打造的护腿，很轻便，但防御力不是很高。,/images/items/Equip/Temp/Tui_1_1.png,6,17,-1,-1,69,0,31,22,-1,10080,80,-1,7200,0,-1,null,-1,-1,2,0,-1,1,0,0,2,3,-1,4
212,勇士腿甲,青铜打造的护腿，能有效防御普通攻击。,/images/items/Equip/Temp/Tui_1_2.png,9,25,-1,-1,100,0,45,26,-1,10080,80,-1,10100,0,0,null,-1,-1,2,0,-1,1,0,0,2,3,-1,4
213,天狼腿甲,有着天狼纹饰的腿甲，贴身的设计更有利于战斗。,/images/items/Equip/Temp/Tui_1_3.png,11,33,-1,-1,131,0,59,30,-1,10080,80,-1,13000,0,0,null,-1,-1,2,0,-1,1,0,0,2,3,-1,4
214,斗气腿甲,做工精湛，斗气十足。,/images/items/Equip/Temp/Tui_1_4.png,14,41,-1,-1,162,0,73,34,-1,10080,80,-1,16000,0,0,null,-1,-1,2,0,-1,1,0,0,2,3,-1,4
215,金刚腿甲,饰有金色镶边的腿甲。,/images/items/Equip/Temp/Tui_1_5.png,17,49,-1,-1,193,0,87,38,-1,10080,80,-1,19000,0,0,null,-1,-1,2,0,-1,1,0,0,2,3,-1,4
216,狂龙腿甲,刻有狂龙纹饰的腿甲。,/images/items/Equip/Temp/Tui_1_6.png,19,57,-1,-1,224,0,101,42,-1,10080,80,-1,22000,0,0,null,-1,-1,2,0,-1,1,0,0,2,3,-1,4
217,麒麟腿甲,传说是麒麟洞穴的烈火打造的。,/images/items/Equip/Temp/Tui_1_7.png,22,65,-1,-1,255,0,115,46,-1,10080,80,-1,25000,0,0,null,-1,-1,2,0,-1,1,0,0,2,3,-1,4
218,玄武腿甲,被神祝福过的腿甲，有着超强的防御力。,/images/items/Equip/Temp/Tui_1_8.png,25,73,-1,-1,286,0,129,50,-1,10080,80,-1,28500,0,0,null,-1,-1,2,0,-1,1,0,0,2,3,-1,4
219,乱世腿甲,主宰乱世的王者腿甲。,/images/items/Equip/Temp/Tui_1_9.png,27,81,-1,-1,317,0,143,54,-1,10080,80,-1,32000,0,0,null,-1,-1,2,0,-1,1,0,0,2,3,-1,4
231,武者靴,由轻型金属打造的战靴，很轻便。,/images/items/Equip/Temp/Xie_1_1.png,5,14,-1,-1,43,0,26,21,-1,10160,60,-1,4500,0,-1,null,-1,-1,2,0,-1,1,0,0,2,2,-1,5
232,勇士靴,青铜打造的战靴，被士兵们广泛应用。,/images/items/Equip/Temp/Xie_1_2.png,8,22,-1,-1,67,0,40,25,-1,10160,60,-1,6800,0,0,null,-1,-1,2,0,-1,1,0,0,2,2,-1,5
233,天狼战靴,有着天狼纹饰的战靴。,/images/items/Equip/Temp/Xie_1_3.png,10,30,-1,-1,90,0,54,29,-1,10160,60,-1,9000,0,0,null,-1,-1,2,0,-1,1,0,0,2,2,-1,5
234,斗气战靴,坚固光滑的战靴。,/images/items/Equip/Temp/Xie_1_4.png,13,38,-1,-1,113,0,68,33,-1,10160,60,-1,11100,0,0,null,-1,-1,2,0,-1,1,0,0,2,2,-1,5
235,金刚战靴,室友金色镶边的战靴，非常坚固。,/images/items/Equip/Temp/Xie_1_5.png,16,46,-1,-1,136,0,82,37,-1,10160,60,-1,13500,0,0,null,-1,-1,2,0,-1,1,0,0,2,2,-1,5
236,狂龙战靴,刻有狂龙纹饰的战靴。,/images/items/Equip/Temp/Xie_1_6.png,18,54,-1,-1,160,0,96,41,-1,10160,60,-1,16000,0,0,null,-1,-1,2,0,-1,1,0,0,2,2,-1,5
237,麒麟战靴,传说是麒麟洞穴的烈火打造的。,/images/items/Equip/Temp/Xie_1_7.png,21,62,-1,-1,183,0,110,45,-1,10160,60,-1,18800,0,0,null,-1,-1,2,0,-1,1,0,0,2,2,-1,5
238,玄武铁靴,被神祝福过的战靴，有着超强的防御力。,/images/items/Equip/Temp/Xie_1_8.png,24,70,-1,-1,206,0,124,49,-1,10160,60,-1,21800,0,0,null,-1,-1,2,0,-1,1,0,0,2,2,-1,5
239,乱世铁靴,主宰乱世的王者战靴。,/images/items/Equip/Temp/Xie_1_9.png,26,78,-1,-1,230,0,138,53,-1,10160,60,-1,25000,0,0,null,-1,-1,2,0,-1,1,0,0,2,2,-1,5
251,武者腕甲,轻金属打造的腕甲，很薄。,/images/items/Equip/Temp/Shou_1_1.png,5,13,-1,-1,37,0,24,20,-1,10320,55,-1,3800,0,-1,null,-1,-1,2,0,-1,1,0,0,2,2,-1,6
252,勇士腕甲,青铜打造的腕甲，表面有细小的凹痕。,/images/items/Equip/Temp/Shou_1_2.png,7,21,-1,-1,58,0,38,24,-1,10320,55,-1,6000,0,0,null,-1,-1,2,0,-1,1,0,0,2,2,-1,6
253,天狼腕甲,刻着天狼纹饰的腕甲，表面有累累的剑痕。,/images/items/Equip/Temp/Shou_1_3.png,10,29,-1,-1,79,0,52,28,-1,10320,55,-1,8000,0,0,null,-1,-1,2,0,-1,1,0,0,2,2,-1,6
254,斗气腕甲,坚固光滑的全新腕甲，做工精湛，看上去充满斗气。,/images/items/Equip/Temp/Shou_1_4.png,13,37,-1,-1,101,0,66,32,-1,10320,55,-1,10000,0,0,null,-1,-1,2,0,-1,1,0,0,2,2,-1,6
255,金刚腕甲,饰有金色镶边的腕甲，非常坚固。,/images/items/Equip/Temp/Shou_1_5.png,15,45,-1,-1,122,0,80,36,-1,10320,55,-1,13000,0,0,null,-1,-1,2,0,-1,1,0,0,2,2,-1,6
256,狂龙腕甲,刻有狂龙纹饰的腕甲。,/images/items/Equip/Temp/Shou_1_6.png,18,53,-1,-1,143,0,94,40,-1,10320,55,-1,16000,0,0,null,-1,-1,2,0,-1,1,0,0,2,2,-1,6
257,麒麟腕甲,传说是麒麟洞穴的烈火打造的。,/images/items/Equip/Temp/Shou_1_7.png,21,61,-1,-1,165,0,108,44,-1,10320,55,-1,19000,0,0,null,-1,-1,2,0,-1,1,0,0,2,2,-1,6
258,玄武腕甲,被神祝福过的腕甲，有着超强的防御力。,/images/items/Equip/Temp/Shou_1_8.png,23,69,-1,-1,186,0,122,48,-1,10320,55,-1,22000,0,0,null,-1,-1,2,0,-1,1,0,0,2,2,-1,6
259,乱世腕甲,主宰乱世的王者腕甲。,/images/items/Equip/Temp/Shou_1_9.png,26,77,-1,-1,207,0,136,52,-1,10320,55,-1,25000,0,0,null,-1,-1,2,0,-1,1,0,0,2,2,-1,6
271,武者披风,简单的披风，很轻便。,/images/items/Equip/Temp/PiFeng_1_1.png,6,16,-1,-1,67,0,29,22,-1,10640,-1,-1,6800,0,-1,null,-1,-1,2,0,-1,1,0,1,2,4,-1,7
272,勇士披风,镶有青铜片的披风。,/images/items/Equip/Temp/PiFeng_1_2.png,8,24,-1,-1,98,0,43,26,-1,10640,-1,-1,9800,0,0,null,-1,-1,2,0,-1,1,0,1,2,4,-1,7
273,天狼披风,有着天狼纹记的披风。,/images/items/Equip/Temp/PiFeng_1_3.png,11,32,-1,-1,129,0,57,30,-1,10640,-1,-1,12500,0,0,null,-1,-1,2,0,-1,1,0,1,2,4,-1,7
274,斗气披风,全新打造的披风，没有一点伤痕。,/images/items/Equip/Temp/PiFeng_1_4.png,14,40,-1,-1,160,0,71,34,-1,10640,-1,-1,15500,0,0,null,-1,-1,2,0,-1,1,0,1,2,4,-1,7
275,金刚披风,饰有金色镶边的披风，非常结实。,/images/items/Equip/Temp/PiFeng_1_5.png,16,48,-1,-1,191,0,85,38,-1,10640,-1,-1,20000,0,0,null,-1,-1,2,0,-1,1,0,1,2,4,-1,7
276,狂龙披风,刻有狂龙纹饰的披风。,/images/items/Equip/Temp/PiFeng_1_6.png,19,56,-1,-1,222,0,99,42,-1,10640,-1,-1,23000,0,0,null,-1,-1,2,0,-1,1,0,1,2,4,-1,7
277,麒麟披风,传说是麒麟洞穴的烈火打造的。,/images/items/Equip/Temp/PiFeng_1_7.png,22,64,-1,-1,253,0,113,46,-1,10640,-1,-1,25800,0,0,null,-1,-1,2,0,-1,1,0,1,2,4,-1,7
278,玄武披风,被神祝福过的披风，有着超强的防御力。,/images/items/Equip/Temp/PiFeng_1_8.png,24,72,-1,-1,284,0,127,50,-1,10640,-1,-1,29000,0,0,null,-1,-1,2,0,-1,1,0,1,2,4,-1,7
279,乱世披风,主宰乱世的王者披风。,/images/items/Equip/Temp/PiFeng_1_9.png,27,80,-1,-1,315,0,141,54,-1,10640,-1,-1,32500,0,0,null,-1,-1,2,0,-1,1,0,1,2,4,-1,7
291,狩猎头带,薄薄的生皮头带。,/images/items/Equip/Temp/Tou_2_1.png,5,15,-1,-1,50,0,24,24,-1,20010,75,-1,6000,0,-1,null,-1,-1,2,0,-1,1,0,0,2,2,-1,1
292,怒涛头带,加厚的皮质头带，在战斗中能起到一定的防御作用。,/images/items/Equip/Temp/Tou_2_2.png,8,23,-1,-1,67,0,32,32,-1,20010,75,-1,8800,0,0,null,-1,-1,2,0,-1,1,0,0,2,2,-1,1
293,飞云头带,由硬化过的皮制成，上面刻有流云纹饰。,/images/items/Equip/Temp/Tou_2_3.png,11,31,-1,-1,83,0,40,40,-1,20010,75,-1,11500,0,0,null,-1,-1,2,0,-1,1,0,0,2,2,-1,1
294,苍月头盔,崭新的皮质头盔，很坚硬。,/images/items/Equip/Temp/Tou_2_4.png,13,39,-1,-1,100,0,48,48,-1,20010,75,-1,15000,0,0,null,-1,-1,2,0,-1,1,0,0,2,2,-1,1
295,烈纹头盔,镶有金属钉刺的头盔。,/images/items/Equip/Temp/Tou_2_5.png,16,47,-1,-1,116,0,56,56,-1,20010,75,-1,16700,0,0,null,-1,-1,2,0,-1,1,0,0,2,2,-1,1
296,猎豹头盔,蒙着豹皮的头盔。,/images/items/Equip/Temp/Tou_2_6.png,19,55,-1,-1,133,0,64,64,-1,20010,75,-1,21500,0,0,null,-1,-1,2,0,-1,1,0,0,2,2,-1,1
297,雄狮头盔,一个专门从事猎杀的民族所流传下来的。,/images/items/Equip/Temp/Tou_2_7.png,21,63,-1,-1,150,0,72,72,-1,20010,75,-1,25800,0,0,null,-1,-1,2,0,-1,1,0,0,2,2,-1,1
298,白虎头盔,被神祝福的头盔，十分坚固！,/images/items/Equip/Temp/Tou_2_8.png,24,71,-1,-1,166,0,80,80,-1,20010,75,-1,28000,0,0,null,-1,-1,2,0,-1,1,0,0,2,2,-1,1
299,无双头盔,戴上以后可以获得天下无双的力量，刀枪不入！,/images/items/Equip/Temp/Tou_2_9.png,27,79,-1,-1,183,0,88,88,-1,20010,75,-1,30500,0,0,null,-1,-1,2,0,-1,1,0,0,2,2,-1,1
311,狩猎外套,单层生皮制作的外衣，很轻便。,/images/items/Equip/Temp/Yi_2_1.png,6,18,-1,-1,67,0,27,27,-1,20020,90,-1,8500,0,-1,null,-1,-1,2,0,-1,1,0,0,2,3,-1,2
312,怒涛皮甲,加厚的皮质外衣，在战斗中能起到一定的防御作用。,/images/items/Equip/Temp/Yi_2_2.png,9,26,-1,-1,87,0,35,35,-1,20020,90,-1,12000,0,0,null,-1,-1,2,0,-1,1,0,0,2,3,-1,2
313,飞云甲,精心缝制的战斗皮甲，非常舒适。,/images/items/Equip/Temp/Yi_2_3.png,12,34,-1,-1,107,0,43,43,-1,20020,90,-1,15000,0,0,null,-1,-1,2,0,-1,1,0,0,2,3,-1,2
314,苍月外套,适合长期在外奔波时穿的皮外套，很结实。,/images/items/Equip/Temp/Yi_2_4.png,14,42,-1,-1,127,0,51,51,-1,20020,90,-1,18500,0,0,null,-1,-1,2,0,-1,1,0,0,2,3,-1,2
315,烈纹战甲,镶有金属钉刺的战甲。,/images/items/Equip/Temp/Yi_2_5.png,17,50,-1,-1,147,0,59,59,-1,20020,90,-1,21700,0,0,null,-1,-1,2,0,-1,1,0,0,2,3,-1,2
316,猎豹外套,蒙着豹皮的战甲。,/images/items/Equip/Temp/Yi_2_6.png,20,58,-1,-1,167,0,67,67,-1,20020,90,-1,25000,0,0,null,-1,-1,2,0,-1,1,0,0,2,3,-1,2
317,雄狮外套,一个专门从事猎杀的民族所流传下来的。,/images/items/Equip/Temp/Yi_2_7.png,22,66,-1,-1,187,0,75,75,-1,20020,90,-1,29000,0,0,null,-1,-1,2,0,-1,1,0,0,2,3,-1,2
318,白虎外套,被神祝福的战甲，十分坚固！,/images/items/Equip/Temp/Yi_2_8.png,25,74,-1,-1,207,0,83,83,-1,20020,90,-1,32000,0,0,null,-1,-1,2,0,-1,1,0,0,2,3,-1,2
319,无双战甲,穿上以后可以获得天下无双的力量，刀枪不入！,/images/items/Equip/Temp/Yi_2_9.png,28,82,-1,-1,227,0,91,91,-1,20020,90,-1,35000,0,0,null,-1,-1,2,0,-1,1,0,0,2,3,-1,2
331,狩猎腰带,轻薄的生皮制作的腰带。,/images/items/Equip/Temp/Yao_2_1.png,4,12,-1,-1,29,0,21,21,-1,20040,50,-1,3200,0,-1,null,-1,-1,2,0,-1,1,0,0,2,1,-1,3
332,怒涛腰带,加厚的皮质腰带，有一定的防御作用。,/images/items/Equip/Temp/Yao_2_2.png,7,20,-1,-1,40,0,29,29,-1,20040,50,-1,5200,0,0,null,-1,-1,2,0,-1,1,0,0,2,1,-1,3
333,飞云腰带,刻有流云纹饰的皮质腰带。,/images/items/Equip/Temp/Yao_2_3.png,10,28,-1,-1,51,0,37,37,-1,20040,50,-1,7000,0,0,null,-1,-1,2,0,-1,1,0,0,2,1,-1,3
334,苍月腰带,非常结实的皮制腰带。,/images/items/Equip/Temp/Yao_2_4.png,12,36,-1,-1,62,0,45,45,-1,20040,50,-1,8800,0,0,null,-1,-1,2,0,-1,1,0,0,2,1,-1,3
335,烈纹腰带,镶有金属钉刺的腰带。,/images/items/Equip/Temp/Yao_2_5.png,15,44,-1,-1,74,0,53,53,-1,20040,50,-1,10500,0,0,null,-1,-1,2,0,-1,1,0,0,2,1,-1,3
336,猎豹腰带,蒙着豹皮的腰带。,/images/items/Equip/Temp/Yao_2_6.png,18,52,-1,-1,85,0,61,61,-1,20040,50,-1,11500,0,0,null,-1,-1,2,0,-1,1,0,0,2,1,-1,3
337,雄狮腰带,一个专门从事猎杀的民族所流传下来的。,/images/items/Equip/Temp/Yao_2_7.png,20,60,-1,-1,96,0,69,69,-1,20040,50,-1,13000,0,0,null,-1,-1,2,0,-1,1,0,0,2,1,-1,3
338,白虎腰带,被神祝福的腰带，十分坚固！,/images/items/Equip/Temp/Yao_2_8.png,23,68,-1,-1,107,0,77,77,-1,20040,50,-1,14500,0,0,null,-1,-1,2,0,-1,1,0,0,2,1,-1,3
339,无双腰带,穿上以后可以获得天下无双的力量，刀枪不入！,/images/items/Equip/Temp/Yao_2_9.png,25,74,-1,-1,115,0,83,83,-1,20040,50,-1,16000,0,0,null,-1,-1,2,0,-1,1,0,0,2,1,-1,3
351,狩猎皮裤,单层生皮制作的轻便战裤。,/images/items/Equip/Temp/Tui_2_1.png,6,17,-1,-1,58,0,26,26,-1,20080,80,-1,7200,0,-1,null,-1,-1,2,0,-1,1,0,0,2,3,-1,4
352,怒涛皮裤,加厚的战斗皮裤，增加了防御力，不过依旧很轻便。,/images/items/Equip/Temp/Tui_2_2.png,9,25,-1,-1,75,0,34,34,-1,20080,80,-1,10100,0,0,null,-1,-1,2,0,-1,1,0,0,2,3,-1,4
353,飞云皮裤,非常结实的战斗皮裤，能有效抵御一般攻击。,/images/items/Equip/Temp/Tui_2_3.png,11,33,-1,-1,93,0,42,42,-1,20080,80,-1,13000,0,0,null,-1,-1,2,0,-1,1,0,0,2,3,-1,4
354,苍月长裤,即使长期在外奔波也依旧牢固的皮裤。,/images/items/Equip/Temp/Tui_2_4.png,14,41,-1,-1,111,0,50,50,-1,20080,80,-1,16000,0,0,null,-1,-1,2,0,-1,1,0,0,2,3,-1,4
355,烈纹战裤,镶有金属钉刺的皮裤。,/images/items/Equip/Temp/Tui_2_5.png,17,49,-1,-1,129,0,58,58,-1,20080,80,-1,19000,0,0,null,-1,-1,2,0,-1,1,0,0,2,3,-1,4
356,猎豹皮裤,蒙有豹皮的长裤。,/images/items/Equip/Temp/Tui_2_6.png,19,57,-1,-1,146,0,66,66,-1,20080,80,-1,22000,0,0,null,-1,-1,2,0,-1,1,0,0,2,3,-1,4
357,雄狮皮裤,一个专门从事猎杀的民族所流传下来的。,/images/items/Equip/Temp/Tui_2_7.png,22,65,-1,-1,164,0,74,74,-1,20080,80,-1,25000,0,0,null,-1,-1,2,0,-1,1,0,0,2,3,-1,4
358,白虎皮裤,被神祝福的皮裤，十分坚固！,/images/items/Equip/Temp/Tui_2_8.png,25,73,-1,-1,182,0,82,82,-1,20080,80,-1,28500,0,0,null,-1,-1,2,0,-1,1,0,0,2,3,-1,4
359,无双战裤,穿上以后可以获得天下无双的力量，刀枪不入！,/images/items/Equip/Temp/Tui_2_9.png,27,81,-1,-1,200,0,90,90,-1,20080,80,-1,32000,0,0,null,-1,-1,2,0,-1,1,0,0,2,3,-1,4
371,狩猎皮靴,轻便的单层生皮靴。,/images/items/Equip/Temp/Xie_2_1.png,5,14,-1,-1,38,0,23,23,-1,20160,60,-1,4500,0,-1,null,-1,-1,2,0,-1,1,0,0,2,2,-1,5
372,怒涛皮靴,加厚的皮靴，适合战斗时使用。,/images/items/Equip/Temp/Xie_2_2.png,8,22,-1,-1,52,0,31,31,-1,20160,60,-1,6800,0,0,null,-1,-1,2,0,-1,1,0,0,2,2,-1,5
373,飞云皮靴,精心缝制的战斗皮靴，非常牢固且舒适。,/images/items/Equip/Temp/Xie_2_3.png,10,30,-1,-1,65,0,39,39,-1,20160,60,-1,9000,0,0,null,-1,-1,2,0,-1,1,0,0,2,2,-1,5
374,苍月长靴,非常耐磨的皮质长靴。,/images/items/Equip/Temp/Xie_2_4.png,13,38,-1,-1,78,0,47,47,-1,20160,60,-1,11100,0,0,null,-1,-1,2,0,-1,1,0,0,2,2,-1,5
375,烈纹战靴,镶有金属钉刺的皮裤。,/images/items/Equip/Temp/Xie_2_5.png,16,46,-1,-1,92,0,55,55,-1,20160,60,-1,13500,0,0,null,-1,-1,2,0,-1,1,0,0,2,2,-1,5
376,猎豹皮靴,蒙着豹皮的战靴。,/images/items/Equip/Temp/Xie_2_6.png,18,54,-1,-1,105,0,63,63,-1,20160,60,-1,16000,0,0,null,-1,-1,2,0,-1,1,0,0,2,2,-1,5
377,雄狮皮靴,一个专门从事猎杀的民族所流传下来的。,/images/items/Equip/Temp/Xie_2_7.png,21,62,-1,-1,118,0,71,71,-1,20160,60,-1,18800,0,0,null,-1,-1,2,0,-1,1,0,0,2,2,-1,5
378,白虎皮靴,被神祝福的腰带，十分坚固！,/images/items/Equip/Temp/Xie_2_8.png,24,70,-1,-1,131,0,79,79,-1,20160,60,-1,21800,0,0,null,-1,-1,2,0,-1,1,0,0,2,2,-1,5
379,无双战靴,穿上以后可以获得天下无双的力量，刀枪不入！,/images/items/Equip/Temp/Xie_2_9.png,26,78,-1,-1,145,0,87,87,-1,20160,60,-1,25000,0,0,null,-1,-1,2,0,-1,1,0,0,2,2,-1,5
391,狩猎护腕,单块生皮制成的护腕。,/images/items/Equip/Temp/Shou_2_1.png,5,13,-1,-1,34,0,22,22,-1,20320,55,-1,3800,0,-1,null,-1,-1,2,0,-1,1,0,0,2,2,-1,6
392,怒涛护腕,加厚的皮护腕，适合战斗时使用。,/images/items/Equip/Temp/Shou_2_2.png,7,21,-1,-1,46,0,30,30,-1,20320,55,-1,6000,0,0,null,-1,-1,2,0,-1,1,0,0,2,2,-1,6
393,飞云护腕,刻有流云纹饰的硬皮护腕。,/images/items/Equip/Temp/Shou_2_3.png,10,29,-1,-1,58,0,38,38,-1,20320,55,-1,8000,0,0,null,-1,-1,2,0,-1,1,0,0,2,2,-1,6
394,苍月护腕,不易磨损的厚皮护腕。,/images/items/Equip/Temp/Shou_2_4.png,13,37,-1,-1,70,0,46,46,-1,20320,55,-1,10000,0,0,null,-1,-1,2,0,-1,1,0,0,2,2,-1,6
395,烈纹护腕,镶有金属钉刺的护腕。,/images/items/Equip/Temp/Shou_2_5.png,15,45,-1,-1,82,0,54,54,-1,20320,55,-1,13000,0,0,null,-1,-1,2,0,-1,1,0,0,2,2,-1,6
396,猎豹护腕,蒙着豹皮的护腕。,/images/items/Equip/Temp/Shou_2_6.png,18,53,-1,-1,95,0,62,62,-1,20320,55,-1,16000,0,0,null,-1,-1,2,0,-1,1,0,0,2,2,-1,6
397,雄狮护腕,一个专门从事猎杀的民族所流传下来的。,/images/items/Equip/Temp/Shou_2_7.png,21,61,-1,-1,107,0,70,70,-1,20320,55,-1,19000,0,0,null,-1,-1,2,0,-1,1,0,0,2,2,-1,6
398,白虎护腕,被神祝福的护腕，十分坚固！,/images/items/Equip/Temp/Shou_2_8.png,23,69,-1,-1,119,0,78,78,-1,20320,55,-1,22000,0,0,null,-1,-1,2,0,-1,1,0,0,2,2,-1,6
399,无双护腕,穿上以后可以获得天下无双的力量，刀枪不入！,/images/items/Equip/Temp/Shou_2_9.png,26,77,-1,-1,131,0,86,86,-1,20320,55,-1,25000,0,0,null,-1,-1,2,0,-1,1,0,0,2,2,-1,6
411,狩猎披风,单层轻皮制作的披风，很轻便。,/images/items/Equip/Temp/PiFeng_2_1.png,6,16,-1,-1,55,0,25,25,-1,20640,-1,-1,6800,0,-1,null,-1,-1,2,0,-1,1,0,1,2,4,-1,7
412,怒涛披风,加厚的皮质披风，看起来很拉风。,/images/items/Equip/Temp/PiFeng_2_2.png,8,24,-1,-1,73,0,33,33,-1,20640,-1,-1,9800,0,0,null,-1,-1,2,0,-1,1,0,1,2,4,-1,7
413,飞云披风,经过漂染的厚皮披风，并且缝有流云的纹饰。,/images/items/Equip/Temp/PiFeng_2_3.png,11,32,-1,-1,91,0,41,41,-1,20640,-1,-1,12500,0,0,null,-1,-1,2,0,-1,1,0,1,2,4,-1,7
414,苍月披风,非常低调的披风，具有隐蔽效果。,/images/items/Equip/Temp/PiFeng_2_4.png,14,40,-1,-1,109,0,49,49,-1,20640,-1,-1,15500,0,0,null,-1,-1,2,0,-1,1,0,1,2,4,-1,7
415,烈纹披风,镶有金属铆钉的披风。,/images/items/Equip/Temp/PiFeng_2_5.png,16,48,-1,-1,126,0,57,57,-1,20640,-1,-1,20000,0,0,null,-1,-1,2,0,-1,1,0,1,2,4,-1,7
416,猎豹披风,蒙着豹皮的披风,/images/items/Equip/Temp/PiFeng_2_6.png,19,56,-1,-1,144,0,65,65,-1,20640,-1,-1,23000,0,0,null,-1,-1,2,0,-1,1,0,1,2,4,-1,7
417,雄狮披风,一个专门从事猎杀的民族所流传下来的。,/images/items/Equip/Temp/PiFeng_2_7.png,22,64,-1,-1,162,0,73,73,-1,20640,-1,-1,25800,0,0,null,-1,-1,2,0,-1,1,0,1,2,4,-1,7
418,白虎披风,被神祝福的护腕，十分坚固！,/images/items/Equip/Temp/PiFeng_2_8.png,24,72,-1,-1,180,0,81,81,-1,20640,-1,-1,29000,0,0,null,-1,-1,2,0,-1,1,0,1,2,4,-1,7
419,无双披风,穿上以后可以获得天下无双的力量，刀枪不入！,/images/items/Equip/Temp/PiFeng_2_9.png,27,80,-1,-1,197,0,89,89,-1,20640,-1,-1,32500,0,0,null,-1,-1,2,0,-1,1,0,1,2,4,-1,7
431,粗布头带,较硬的粗布制成的头带。,/images/items/Equip/Temp/Tou_3_1.png,5,15,-1,-1,46,0,21,27,-1,40010,75,-1,6000,0,-1,null,-1,-1,2,0,-1,1,0,0,2,2,-1,1
432,智者头带,绘有金色饰边的头带。,/images/items/Equip/Temp/Tou_3_2.png,8,23,-1,-1,54,0,25,41,-1,40010,75,-1,8800,0,0,null,-1,-1,2,0,-1,1,0,0,2,2,-1,1
433,贤者头带,蓝色的厚布头带。,/images/items/Equip/Temp/Tou_3_3.png,11,31,-1,-1,62,0,29,55,-1,40010,75,-1,11500,0,0,null,-1,-1,2,0,-1,1,0,0,2,2,-1,1
434,隐士罩帽,有着清幽花香的布制罩帽。,/images/items/Equip/Temp/Tou_3_4.png,13,39,-1,-1,71,0,33,69,-1,40010,75,-1,15000,0,0,null,-1,-1,2,0,-1,1,0,0,2,2,-1,1
435,巫师罩帽,画满符文的厚布罩帽。,/images/items/Equip/Temp/Tou_3_5.png,16,47,-1,-1,79,0,37,83,-1,40010,75,-1,16700,0,0,null,-1,-1,2,0,-1,1,0,0,2,2,-1,1
436,祭祀头冠,镶满珠宝的金色头冠。,/images/items/Equip/Temp/Tou_3_6.png,19,55,-1,-1,87,0,41,97,-1,40010,75,-1,21500,0,0,null,-1,-1,2,0,-1,1,0,0,2,2,-1,1
437,朱雀冠,装饰着朱雀羽翎的头冠。,/images/items/Equip/Temp/Tou_3_7.png,21,63,-1,-1,96,0,45,111,-1,40010,75,-1,25800,0,0,null,-1,-1,2,0,-1,1,0,0,2,2,-1,1
438,青龙冠,神祝福过的头冠，上面雕满符文。,/images/items/Equip/Temp/Tou_3_8.png,24,71,-1,-1,104,0,49,125,-1,40010,75,-1,28000,0,0,null,-1,-1,2,0,-1,1,0,0,2,2,-1,1
439,国士之冠,具有统领天下才能的人佩戴的头冠。,/images/items/Equip/Temp/Tou_3_9.png,27,79,-1,-1,112,0,53,139,-1,40010,75,-1,30500,0,0,null,-1,-1,2,0,-1,1,0,0,2,2,-1,1
451,粗布衣,硬粗布制成的上衣。,/images/items/Equip/Temp/Yi_3_1.png,6,18,-1,-1,57,0,23,33,-1,40020,90,-1,8500,0,-1,null,-1,-1,2,0,-1,1,0,0,2,3,-1,2
452,智者长袍,用生丝和金线装饰的长袍。,/images/items/Equip/Temp/Yi_3_2.png,9,26,-1,-1,67,0,27,47,-1,40020,90,-1,12000,0,0,null,-1,-1,2,0,-1,1,0,0,2,3,-1,2
453,贤者长袍,边缘绘有符咒的蓝色长袍。,/images/items/Equip/Temp/Yi_3_3.png,12,34,-1,-1,77,0,31,61,-1,40020,90,-1,15000,0,0,null,-1,-1,2,0,-1,1,0,0,2,3,-1,2
454,隐士长袍,飘散着淡淡花香的布制长袍。,/images/items/Equip/Temp/Yi_3_4.png,14,42,-1,-1,87,0,35,75,-1,40020,90,-1,18500,0,0,null,-1,-1,2,0,-1,1,0,0,2,3,-1,2
455,巫师长袍,画满符文的厚布长袍。,/images/items/Equip/Temp/Yi_3_5.png,17,50,-1,-1,97,0,39,89,-1,40020,90,-1,21700,0,0,null,-1,-1,2,0,-1,1,0,0,2,3,-1,2
456,祭祀长袍,镶满珠宝的金色长袍。,/images/items/Equip/Temp/Yi_3_6.png,20,58,-1,-1,107,0,43,103,-1,40020,90,-1,25000,0,0,null,-1,-1,2,0,-1,1,0,0,2,3,-1,2
457,朱雀长袍,饰有朱雀羽的长袍。,/images/items/Equip/Temp/Yi_3_7.png,22,66,-1,-1,117,0,47,117,-1,40020,90,-1,29000,0,0,null,-1,-1,2,0,-1,1,0,0,2,3,-1,2
458,青龙长袍,神祝福过的长袍，上面雕满符文。,/images/items/Equip/Temp/Yi_3_8.png,25,74,-1,-1,127,0,51,131,-1,40020,90,-1,32000,0,0,null,-1,-1,2,0,-1,1,0,0,2,3,-1,2
459,国士长袍,具有统领天下才能的人穿着的长袍。,/images/items/Equip/Temp/Yi_3_9.png,28,82,-1,-1,137,0,55,145,-1,40020,90,-1,35000,0,0,null,-1,-1,2,0,-1,1,0,0,2,3,-1,2
471,粗布腰带,硬粗布制成的腰带，很粗糙。,/images/items/Equip/Temp/Yao_3_1.png,4,12,-1,-1,28,0,20,22,-1,40040,50,-1,3200,0,-1,null,-1,-1,2,0,-1,1,0,0,2,1,-1,3
472,智者腰带,夹有生丝和金线的长袍。,/images/items/Equip/Temp/Yao_3_2.png,7,20,-1,-1,33,0,24,36,-1,40040,50,-1,5200,0,0,null,-1,-1,2,0,-1,1,0,0,2,1,-1,3
473,贤者腰带,边缘绘有符咒的蓝色腰带。,/images/items/Equip/Temp/Yao_3_3.png,10,28,-1,-1,39,0,28,50,-1,40040,50,-1,7000,0,0,null,-1,-1,2,0,-1,1,0,0,2,1,-1,3
474,隐士腰带,飘散着淡淡花香的布制腰带。,/images/items/Equip/Temp/Yao_3_4.png,12,36,-1,-1,44,0,32,64,-1,40040,50,-1,8800,0,0,null,-1,-1,2,0,-1,1,0,0,2,1,-1,3
475,巫师腰带,画满符文的厚布腰带。,/images/items/Equip/Temp/Yao_3_5.png,15,44,-1,-1,50,0,36,78,-1,40040,50,-1,10500,0,0,null,-1,-1,2,0,-1,1,0,0,2,1,-1,3
476,祭祀腰带,镶满珠宝的金色腰带。,/images/items/Equip/Temp/Yao_3_6.png,18,52,-1,-1,55,0,40,92,-1,40040,50,-1,11500,0,0,null,-1,-1,2,0,-1,1,0,0,2,1,-1,3
477,朱雀腰带,缀有朱雀羽饰的腰带。,/images/items/Equip/Temp/Yao_3_7.png,20,60,-1,-1,61,0,44,106,-1,40040,50,-1,13000,0,0,null,-1,-1,2,0,-1,1,0,0,2,1,-1,3
478,青龙腰带,神祝福过的腰带，上面雕满符文。,/images/items/Equip/Temp/Yao_3_8.png,23,68,-1,-1,67,0,48,120,-1,40040,50,-1,14500,0,0,null,-1,-1,2,0,-1,1,0,0,2,1,-1,3
479,国士腰带,具有统领天下才能的人穿着的腰带。,/images/items/Equip/Temp/Yao_3_9.png,25,74,-1,-1,71,0,51,131,-1,40040,50,-1,16000,0,0,null,-1,-1,2,0,-1,1,0,0,2,1,-1,3
491,粗布裤,麻布制成的长裤，并不是很结实。,/images/items/Equip/Temp/Tui_3_1.png,6,17,-1,-1,51,0,22,31,-1,40080,80,-1,7200,0,-1,null,-1,-1,2,0,-1,1,0,0,2,3,-1,4
492,智者布裤,用生丝和金线装饰的长裤。,/images/items/Equip/Temp/Tui_3_2.png,9,25,-1,-1,60,0,26,45,-1,40080,80,-1,10100,0,0,null,-1,-1,2,0,-1,1,0,0,2,3,-1,4
493,贤者布裤,边缘绘有符咒的蓝色长裤。,/images/items/Equip/Temp/Tui_3_3.png,11,33,-1,-1,69,0,30,59,-1,40080,80,-1,13000,0,0,null,-1,-1,2,0,-1,1,0,0,2,3,-1,4
494,隐士长裤,有着淡淡花香的布制长裤。,/images/items/Equip/Temp/Tui_3_4.png,14,41,-1,-1,78,0,34,73,-1,40080,80,-1,16000,0,0,null,-1,-1,2,0,-1,1,0,0,2,3,-1,4
495,巫师长裤,画满符文的厚布长裤。,/images/items/Equip/Temp/Tui_3_5.png,17,49,-1,-1,87,0,38,87,-1,40080,80,-1,19000,0,0,null,-1,-1,2,0,-1,1,0,0,2,3,-1,4
496,祭祀长裤,镶满珠宝的金色长裤。,/images/items/Equip/Temp/Tui_3_6.png,19,57,-1,-1,95,0,42,101,-1,40080,80,-1,22000,0,0,null,-1,-1,2,0,-1,1,0,0,2,3,-1,4
497,朱雀裤,饰有朱雀尾羽的长裤。,/images/items/Equip/Temp/Tui_3_7.png,22,65,-1,-1,104,0,46,115,-1,40080,80,-1,25000,0,0,null,-1,-1,2,0,-1,1,0,0,2,3,-1,4
498,青龙裤,神祝福过的长裤，上面雕满符文。,/images/items/Equip/Temp/Tui_3_8.png,25,73,-1,-1,113,0,50,129,-1,40080,80,-1,28500,0,0,null,-1,-1,2,0,-1,1,0,0,2,3,-1,4
499,国士长裤,具有统领天下才能的人穿着的长裤。,/images/items/Equip/Temp/Tui_3_9.png,27,81,-1,-1,122,0,54,143,-1,40080,80,-1,32000,0,0,null,-1,-1,2,0,-1,1,0,0,2,3,-1,4
511,粗布鞋,简陋的普通布鞋。,/images/items/Equip/Temp/Xie_3_1.png,5,14,-1,-1,35,0,21,26,-1,40160,60,-1,4500,0,-1,null,-1,-1,2,0,-1,1,0,0,2,2,-1,5
512,智者布靴,用生丝和金线装饰的布靴。,/images/items/Equip/Temp/Xie_3_2.png,8,22,-1,-1,42,0,25,40,-1,40160,60,-1,6800,0,0,null,-1,-1,2,0,-1,1,0,0,2,2,-1,5
513,贤者布靴,边缘绘有符咒的蓝色布制长靴。,/images/items/Equip/Temp/Xie_3_3.png,10,30,-1,-1,48,0,29,54,-1,40160,60,-1,9000,0,0,null,-1,-1,2,0,-1,1,0,0,2,2,-1,5
514,隐士长靴,微微飘散花香的布制长靴。,/images/items/Equip/Temp/Xie_3_4.png,13,38,-1,-1,55,0,33,68,-1,40160,60,-1,11100,0,0,null,-1,-1,2,0,-1,1,0,0,2,2,-1,5
515,巫师长靴,画满符文的厚布长靴。,/images/items/Equip/Temp/Xie_3_5.png,16,46,-1,-1,62,0,37,82,-1,40160,60,-1,13500,0,0,null,-1,-1,2,0,-1,1,0,0,2,2,-1,5
516,祭祀长靴,镶满珠宝的金色长靴。,/images/items/Equip/Temp/Xie_3_6.png,18,54,-1,-1,68,0,41,96,-1,40160,60,-1,16000,0,0,null,-1,-1,2,0,-1,1,0,0,2,2,-1,5
517,朱雀靴,饰有朱雀尾羽的长靴。,/images/items/Equip/Temp/Xie_3_7.png,21,62,-1,-1,75,0,45,110,-1,40160,60,-1,18800,0,0,null,-1,-1,2,0,-1,1,0,0,2,2,-1,5
518,青龙靴,神祝福过的长靴，上面雕满符文。,/images/items/Equip/Temp/Xie_3_8.png,24,70,-1,-1,82,0,49,124,-1,40160,60,-1,21800,0,0,null,-1,-1,2,0,-1,1,0,0,2,2,-1,5
519,国士长靴,具有统领天下才能的人穿着的长靴。,/images/items/Equip/Temp/Xie_3_9.png,26,78,-1,-1,88,0,53,138,-1,40160,60,-1,25000,0,0,null,-1,-1,2,0,-1,1,0,0,2,2,-1,5
531,粗布护腕,由一块硬布缝制的护腕。,/images/items/Equip/Temp/Shou_3_1.png,5,13,-1,-1,32,0,20,24,-1,40320,55,-1,3800,0,-1,null,-1,-1,2,0,-1,1,0,0,2,2,-1,6
532,智者护腕,用生丝和金线装饰的护腕。,/images/items/Equip/Temp/Shou_3_2.png,7,21,-1,-1,38,0,24,38,-1,40320,55,-1,6000,0,0,null,-1,-1,2,0,-1,1,0,0,2,2,-1,6
533,贤者护腕,边缘绘有符咒的蓝色布制护腕。,/images/items/Equip/Temp/Shou_3_3.png,10,29,-1,-1,44,0,28,52,-1,40320,55,-1,8000,0,0,null,-1,-1,2,0,-1,1,0,0,2,2,-1,6
534,隐士腕轮,散发着淡淡花香的布制腕轮。,/images/items/Equip/Temp/Shou_3_4.png,13,37,-1,-1,50,0,32,66,-1,40320,55,-1,10000,0,0,null,-1,-1,2,0,-1,1,0,0,2,2,-1,6
535,巫师腕轮,画满符文的厚布腕轮。,/images/items/Equip/Temp/Shou_3_5.png,15,45,-1,-1,56,0,36,80,-1,40320,55,-1,13000,0,0,null,-1,-1,2,0,-1,1,0,0,2,2,-1,6
536,祭祀腕轮,镶满珠宝的金色腕轮。,/images/items/Equip/Temp/Shou_3_6.png,18,53,-1,-1,63,0,40,94,-1,40320,55,-1,16000,0,0,null,-1,-1,2,0,-1,1,0,0,2,2,-1,6
537,朱雀腕,饰有朱雀羽翎的护腕。,/images/items/Equip/Temp/Shou_3_7.png,21,61,-1,-1,69,0,44,108,-1,40320,55,-1,19000,0,0,null,-1,-1,2,0,-1,1,0,0,2,2,-1,6
538,青龙腕,神祝福过的护腕，上面雕满符文。,/images/items/Equip/Temp/Shou_3_8.png,23,69,-1,-1,75,0,48,122,-1,40320,55,-1,22000,0,0,null,-1,-1,2,0,-1,1,0,0,2,2,-1,6
539,国士腕轮,具有统领天下才能的人穿着的长靴。,/images/items/Equip/Temp/Shou_3_9.png,26,77,-1,-1,81,0,52,136,-1,40320,55,-1,25000,0,0,null,-1,-1,2,0,-1,1,0,0,2,2,-1,6
551,粗布披风,简陋的麻布披风。,/images/items/Equip/Temp/PiFeng_3_1.png,6,16,-1,-1,49,0,22,29,-1,40640,-1,-1,6800,0,-1,null,-1,-1,2,0,-1,1,0,1,2,4,-1,7
552,智者披风,用生丝和金线装饰的披风。,/images/items/Equip/Temp/PiFeng_3_2.png,8,24,-1,-1,58,0,26,43,-1,40640,-1,-1,9800,0,0,null,-1,-1,2,0,-1,1,0,1,2,4,-1,7
553,贤者披风,边缘绘有符咒的蓝色布制披风。,/images/items/Equip/Temp/PiFeng_3_3.png,11,32,-1,-1,67,0,30,57,-1,40640,-1,-1,12500,0,0,null,-1,-1,2,0,-1,1,0,1,2,4,-1,7
554,隐士披风,飘散着淡淡花香的布披风。,/images/items/Equip/Temp/PiFeng_3_4.png,14,40,-1,-1,75,0,34,71,-1,40640,-1,-1,15500,0,0,null,-1,-1,2,0,-1,1,0,1,2,4,-1,7
555,巫师披风,画满符文的厚布披风。,/images/items/Equip/Temp/PiFeng_3_5.png,16,48,-1,-1,84,0,38,85,-1,40640,-1,-1,20000,0,0,null,-1,-1,2,0,-1,1,0,1,2,4,-1,7
556,祭祀披风,镶满珠宝的金色披风。,/images/items/Equip/Temp/PiFeng_3_6.png,19,56,-1,-1,93,0,42,99,-1,40640,-1,-1,23000,0,0,null,-1,-1,2,0,-1,1,0,1,2,4,-1,7
557,朱雀披风,饰有朱雀尾羽的披风。,/images/items/Equip/Temp/PiFeng_3_7.png,22,64,-1,-1,102,0,46,113,-1,40640,-1,-1,25800,0,0,null,-1,-1,2,0,-1,1,0,1,2,4,-1,7
558,青龙披风,神祝福过的披风，上面雕满符文。,/images/items/Equip/Temp/PiFeng_3_8.png,24,72,-1,-1,111,0,50,127,-1,40640,-1,-1,29000,0,0,null,-1,-1,2,0,-1,1,0,1,2,4,-1,7
559,国士披风,具有统领天下才能的人穿着的披风。,/images/items/Equip/Temp/PiFeng_3_9.png,27,80,-1,-1,120,0,54,141,-1,40640,-1,-1,32500,0,0,null,-1,-1,2,0,-1,1,0,1,2,4,-1,7
571,桐木项链,桐木制成的项链。,/images/items/Equip/Temp/XiangLian1.png,6,16,-1,-1,-1,0,-1,-1,-1,100000,-1,-1,8000,0,-1,null,-1,-1,2,0,-1,1,0,1,1,1,-1,8
572,顽石项链,精巧的石头制成的项链。,/images/items/Equip/Temp/XiangLian2.png,8,24,-1,-1,-1,0,-1,-1,-1,100000,-1,-1,12000,0,0,null,-1,-1,2,0,-1,1,0,1,1,1,-1,8
573,铜制项链,精制的铜制项链。,/images/items/Equip/Temp/XiangLian3.png,11,32,-1,-1,-1,0,-1,-1,-1,100000,-1,-1,16000,0,0,null,-1,-1,2,0,-1,1,0,1,1,1,-1,8
574,玲珑项链,玉制的精巧项链，刻有精美的花纹。,/images/items/Equip/Temp/XiangLian4.png,14,40,-1,-1,-1,0,-1,-1,-1,100000,-1,-1,20000,0,0,null,-1,-1,2,0,-1,1,0,1,1,1,-1,8
575,金玉项链,黄金和玉石一共雕琢而成的精美项链。,/images/items/Equip/Temp/XiangLian5.png,16,48,-1,-1,-1,0,-1,-1,-1,100000,-1,-1,24000,0,0,null,-1,-1,2,0,-1,1,0,1,1,1,-1,8
576,翡翠项链,美丽的翡翠制成的项链。,/images/items/Equip/Temp/XiangLian6.png,19,56,-1,-1,-1,0,-1,-1,-1,100000,-1,-1,28000,0,0,null,-1,-1,2,0,-1,1,0,1,1,1,-1,8
577,玛瑙项链,名贵的玛瑙制成的项链。,/images/items/Equip/Temp/XiangLian7.png,22,64,-1,-1,-1,0,-1,-1,-1,100000,-1,-1,32000,0,0,null,-1,-1,2,0,-1,1,0,1,1,1,-1,8
578,七彩项链,使用各种宝石雕琢而成的项链，散发着七色光彩。,/images/items/Equip/Temp/XiangLian8.png,24,72,-1,-1,-1,0,-1,-1,-1,100000,-1,-1,36000,0,0,null,-1,-1,2,0,-1,1,0,1,1,1,-1,8
579,黄金项链,纯金打造的名贵项链，做工精美。,/images/items/Equip/Temp/XiangLian9.png,27,80,-1,-1,-1,0,-1,-1,-1,100000,-1,-1,40000,0,0,null,-1,-1,2,0,-1,1,0,1,1,1,-1,8
601,桐木腰饰,桐木制成的腰饰。,/images/items/Equip/Temp/YaoShi1.png,6,16,-1,-1,-1,0,-1,-1,-1,200000,-1,-1,8000,0,-1,null,-1,-1,2,0,-1,1,0,1,1,1,-1,9
602,顽石腰饰,精巧的石头制成的腰饰。,/images/items/Equip/Temp/YaoShi2.png,8,24,-1,-1,-1,0,-1,-1,-1,200000,-1,-1,12000,0,0,null,-1,-1,2,0,-1,1,0,1,1,1,-1,9
603,铜制腰饰,精制的铜制腰饰。,/images/items/Equip/Temp/YaoShi3.png,11,32,-1,-1,-1,0,-1,-1,-1,200000,-1,-1,16000,0,0,null,-1,-1,2,0,-1,1,0,1,1,1,-1,9
604,玲珑腰饰,玉制的精巧腰饰，刻有精美的花纹。,/images/items/Equip/Temp/YaoShi4.png,14,40,-1,-1,-1,0,-1,-1,-1,200000,-1,-1,20000,0,0,null,-1,-1,2,0,-1,1,0,1,1,1,-1,9
605,金玉腰饰,黄金和玉石一共雕琢而成的精美腰饰。,/images/items/Equip/Temp/YaoShi5.png,16,48,-1,-1,-1,0,-1,-1,-1,200000,-1,-1,24000,0,0,null,-1,-1,2,0,-1,1,0,1,1,1,-1,9
606,翡翠腰饰,美丽的翡翠制成的腰饰。,/images/items/Equip/Temp/YaoShi6.png,19,56,-1,-1,-1,0,-1,-1,-1,200000,-1,-1,28000,0,0,null,-1,-1,2,0,-1,1,0,1,1,1,-1,9
607,玛瑙腰饰,名贵的玛瑙制成的腰饰。,/images/items/Equip/Temp/YaoShi7.png,22,64,-1,-1,-1,0,-1,-1,-1,200000,-1,-1,32000,0,0,null,-1,-1,2,0,-1,1,0,1,1,1,-1,9
608,七彩腰饰,使用各种宝石雕琢而成的腰饰，散发着七色光彩。,/images/items/Equip/Temp/YaoShi8.png,24,72,-1,-1,-1,0,-1,-1,-1,200000,-1,-1,36000,0,0,null,-1,-1,2,0,-1,1,0,1,1,1,-1,9
609,黄金腰饰,纯金打造的名贵腰饰，做工精美。,/images/items/Equip/Temp/YaoShi9.png,27,80,-1,-1,-1,0,-1,-1,-1,200000,-1,-1,40000,0,0,null,-1,-1,2,0,-1,1,0,1,1,1,-1,9
1001,草药,使用后恢复微量体力。,/images/items/Item/HongPingLv1.gif,1,0,-1,-1,-1,0,-1,-1,-1,1000000,-1,10,200,0,-1,null,-1,-1,0,0,-1,2,0,1,1,1,10010,-1
1002,疗伤草,使用后恢复少量体力。,/images/items/Item/HongPingLv2.gif,3,0,-1,-1,-1,0,-1,-1,-1,1000000,-1,10,300,0,-1,null,-1,-1,0,0,-1,2,0,1,1,1,10020,-1
1003,金疮药,使用后恢复中等量的体力。,/images/items/Item/HongPingLv3.gif,6,0,-1,-1,-1,0,-1,-1,-1,1000000,-1,10,500,0,-1,null,-1,-1,0,0,-1,2,0,1,1,1,10030,-1
1004,赤心丹,使用后恢复大部分体力。,/images/items/Item/HongPingLv4.gif,10,0,-1,-1,-1,0,-1,-1,-1,1000000,-1,10,700,0,-1,null,-1,-1,0,0,-1,2,0,1,1,1,10040,-1
1005,铜仙丹,使用后恢复大量体力。,/images/items/Item/HongPingLv5.gif,15,0,-1,-1,-1,0,-1,-1,-1,1000000,-1,10,900,0,-1,null,-1,-1,0,0,-1,2,0,1,1,1,10050,-1
1031,灵果,使用后恢复微量法力。,/images/items/Item/LanPingLv1.gif,1,0,-1,-1,-1,0,-1,-1,-1,1000000,-1,10,200,0,-1,null,-1,-1,0,0,-1,2,0,1,1,1,10310,-1
1032,药茶,使用后恢复少量法力。,/images/items/Item/LanPingLv2.gif,3,0,-1,-1,-1,0,-1,-1,-1,1000000,-1,10,300,0,-1,null,-1,-1,0,0,-1,2,0,1,1,1,10320,-1
1033,灵芝水,使用后恢复中等量的法力。,/images/items/Item/LanPingLv3.gif,6,0,-1,-1,-1,0,-1,-1,-1,1000000,-1,10,400,0,-1,null,-1,-1,0,0,-1,2,0,1,1,1,10330,-1
1034,天山灵水,使用后恢复大部分法力。,/images/items/Item/LanPingLv4.gif,10,0,-1,-1,-1,0,-1,-1,-1,1000000,-1,10,500,0,-1,null,-1,-1,0,0,-1,2,0,1,1,1,10340,-1
1035,南华灵水,使用后回复大量法力。,/images/items/Item/LanPingLv5.gif,15,0,-1,-1,-1,0,-1,-1,-1,1000000,-1,10,600,0,-1,null,-1,-1,0,0,-1,2,0,1,1,1,10350,-1
1061,活身散,使用后恢复微量体力和法力。,/images/items/Item/ZiPingLv1.gif,3,0,-1,-1,-1,0,-1,-1,-1,1000000,-1,10,600,0,-1,null,-1,-1,0,0,-1,2,0,1,1,1,10610,-1
1062,键身草,使用后恢复少量体力和法力。,/images/items/Item/ZiPingLv2.gif,6,0,-1,-1,-1,0,-1,-1,-1,1000000,-1,10,900,0,-1,null,-1,-1,0,0,-1,2,0,1,1,1,10620,-1
1063,强体草,使用后恢复中等的体力和法力。,/images/items/Item/ZiPingLv3.gif,10,0,-1,-1,-1,0,-1,-1,-1,1000000,-1,10,1300,0,-1,null,-1,-1,0,0,-1,2,0,1,1,1,10630,-1
1064,行军散,使用后恢复大部分体力和法力。,/images/items/Item/ZiPingLv4.gif,15,0,-1,-1,-1,0,-1,-1,-1,1000000,-1,10,1800,0,-1,null,-1,-1,0,0,-1,2,0,1,1,1,10640,-1
1065,大补丸,使用后恢复大量体力和法力。,/images/items/Item/ZiPingLv5.gif,21,0,-1,-1,-1,0,-1,-1,-1,1000000,-1,10,2400,0,-1,null,-1,-1,0,0,-1,2,0,1,1,1,10650,-1
1091,微型力量卷轴,使用后略微增加力量值。,/images/items/Item/JZLiLiang/Lv01.png,4,12,-1,-1,-1,0,-1,-1,-1,10000000,-1,10,0,0,-1,null,-1,-1,1,0,-1,6,0,1,1,1,10910,-1
1092,小型力量卷轴,使用后增加少量力量值。,/images/items/Item/JZLiLiang/Lv02.png,8,24,-1,-1,-1,0,-1,-1,-1,10000000,-1,10,0,0,0,null,-1,-1,1,0,-1,6,0,1,1,1,10920,-1
1093,中型力量卷轴,使用后增加中等量的力量值。,/images/items/Item/JZLiLiang/Lv03.png,12,36,-1,-1,-1,0,-1,-1,-1,10000000,-1,10,0,0,0,null,-1,-1,1,0,-1,6,0,1,1,1,10930,-1
1121,微型灵巧卷轴,使用后略微增加灵巧值。,/images/items/Item/JZLingQiao/Lv01.png,4,12,-1,-1,-1,0,-1,-1,-1,10000000,-1,10,0,0,-1,null,-1,-1,1,0,-1,6,0,1,1,1,11210,-1
1122,小型灵巧卷轴,使用后增加少量灵巧值。,/images/items/Item/JZLingQiao/Lv02.png,8,24,-1,-1,-1,0,-1,-1,-1,10000000,-1,10,0,0,0,null,-1,-1,1,0,-1,6,0,1,1,1,11220,-1
1123,中型灵巧卷轴,使用后增加中等量的灵巧值。,/images/items/Item/JZLingQiao/Lv03.png,12,36,-1,-1,-1,0,-1,-1,-1,10000000,-1,10,0,0,0,null,-1,-1,1,0,-1,6,0,1,1,1,11230,-1
1151,微型体质卷轴,使用后略微提高体质上限。,/images/items/Item/JZTiZhi/Lv01.png,4,12,-1,-1,-1,0,-1,-1,-1,10000000,-1,10,0,0,-1,null,-1,-1,1,0,-1,6,0,1,1,1,11510,-1
1152,小型体质卷轴,使用后提高少量提高体质上限。,/images/items/Item/JZTiZhi/Lv02.png,8,24,-1,-1,-1,0,-1,-1,-1,10000000,-1,10,0,0,0,null,-1,-1,1,0,-1,6,0,1,1,1,11520,-1
1153,中型体质卷轴,使用后提高中等的体质上限。,/images/items/Item/JZTiZhi/Lv03.png,12,36,-1,-1,-1,0,-1,-1,-1,10000000,-1,10,0,0,0,null,-1,-1,1,0,-1,6,0,1,1,1,11530,-1
1181,微型体力卷轴,使用后略微增加体力值。,/images/items/Item/JZTiLi/Lv01.png,4,12,-1,-1,-1,0,-1,-1,-1,10000000,-1,10,0,0,-1,null,-1,-1,1,0,-1,6,0,1,1,1,11810,-1
1182,小型体力卷轴,使用后增加少量体力值。,/images/items/Item/JZTiLi/Lv02.png,8,24,-1,-1,-1,0,-1,-1,-1,10000000,-1,10,0,0,0,null,-1,-1,1,0,-1,6,0,1,1,1,11820,-1
1183,中型体力卷轴,使用后增加中等量的体力值。,/images/items/Item/JZTiLi/Lv03.png,2,36,-1,-1,-1,0,-1,-1,-1,10000000,-1,10,0,0,0,null,-1,-1,1,0,-1,6,0,1,1,1,11830,-1
1211,微型智力卷轴,使用后略微增加智力值。,/images/items/Item/JZZhiLi/Lv01.png,4,12,-1,-1,-1,0,-1,-1,-1,10000000,-1,10,0,0,-1,null,-1,-1,1,0,-1,6,0,1,1,1,12110,-1
1212,小型智力卷轴,使用后增加少量智力值。,/images/items/Item/JZZhiLi/Lv02.png,8,24,-1,-1,-1,0,-1,-1,-1,10000000,-1,10,0,0,0,null,-1,-1,1,0,-1,6,0,1,1,1,12120,-1
1213,中型智力卷轴,使用后增加中等量的智力值。,/images/items/Item/JZZhiLi/Lv03.png,12,36,-1,-1,-1,0,-1,-1,-1,10000000,-1,10,0,0,0,null,-1,-1,1,0,-1,6,0,1,1,1,12130,-1
1241,微型攻击卷轴,使用后略微提高攻击力。,/images/items/Item/JZGongJi/Lv01.png,4,10,-1,-1,-1,0,-1,-1,-1,10000000,-1,10,0,0,0,null,-1,-1,1,0,-1,6,0,1,1,1,12410,-1
1242,小型攻击卷轴,使用后提高少量的攻击力。,/images/items/Item/JZGongJi/Lv02.png,7,20,-1,-1,-1,0,-1,-1,-1,10000000,-1,10,0,0,0,null,-1,-1,1,0,-1,6,0,1,1,1,12420,-1
1243,中型攻击卷轴,使用后提高中等量的攻击力。,/images/items/Item/JZGongJi/Lv03.png,10,30,-1,-1,-1,0,-1,-1,-1,10000000,-1,10,0,0,0,null,-1,-1,1,0,-1,6,0,1,1,1,12430,-1
1244,大型攻击卷轴,使用后大量提高攻击力。,/images/items/Item/JZGongJi/Lv04.png,14,40,-1,-1,-1,0,-1,-1,-1,10000000,-1,10,0,0,0,null,-1,-1,1,0,-1,6,0,1,1,1,12440,-1
1271,微型防御卷轴,使用后略微提高防御力。,/images/items/Item/JZFangYu/Lv01.png,4,10,-1,-1,-1,0,-1,-1,-1,10000000,-1,10,0,0,0,null,-1,-1,1,0,-1,6,0,1,1,1,12710,-1
1272,小型防御卷轴,使用后提高少量的防御力。,/images/items/Item/JZFangYu/Lv02.png,7,20,-1,-1,-1,0,-1,-1,-1,10000000,-1,10,0,0,0,null,-1,-1,1,0,-1,6,0,1,1,1,12720,-1
1273,中型防御卷轴,使用后提高中等量的防御力。,/images/items/Item/JZFangYu/Lv03.png,10,30,-1,-1,-1,0,-1,-1,-1,10000000,-1,10,0,0,0,null,-1,-1,1,0,-1,6,0,1,1,1,12730,-1
1274,大型防御卷轴,使用后大量提高防御力。,/images/items/Item/JZFangYu/Lv04.png,14,40,-1,-1,-1,0,-1,-1,-1,10000000,-1,10,0,0,0,null,-1,-1,1,0,-1,6,0,1,1,1,12740,-1
1301,微型命中卷轴,使用后略微提高命中率。,/images/items/Item/JZMingZhong/Lv01.png,4,12,-1,-1,-1,0,-1,-1,-1,10000000,-1,10,0,0,0,null,-1,-1,1,0,-1,6,0,1,1,1,13010,-1
1302,小型命中卷轴,使用后提高少量的命中率。,/images/items/Item/JZMingZhong/Lv02.png,8,24,-1,-1,-1,0,-1,-1,-1,10000000,-1,10,0,0,0,null,-1,-1,1,0,-1,6,0,1,1,1,13020,-1
1303,中型命中卷轴,使用后提高中等量的命中率。,/images/items/Item/JZMingZhong/Lv03.png,12,36,-1,-1,-1,0,-1,-1,-1,10000000,-1,10,0,0,0,null,-1,-1,1,0,-1,6,0,1,1,1,13030,-1
1331,微型闪避卷轴,使用后略微提高闪避率。,/images/items/Item/JZShanBi/Lv01.png,4,12,-1,-1,-1,0,-1,-1,-1,10000000,-1,10,0,0,0,null,-1,-1,1,0,-1,6,0,1,1,1,13310,-1
1332,小型闪避卷轴,使用后提高少量的闪避率。,/images/items/Item/JZShanBi/Lv02.png,8,24,-1,-1,-1,0,-1,-1,-1,10000000,-1,10,0,0,0,null,-1,-1,1,0,-1,6,0,1,1,1,13320,-1
1333,中型闪避卷轴,使用后提高中等量的闪避率。,/images/items/Item/JZShanBi/Lv03.png,12,36,-1,-1,-1,0,-1,-1,-1,10000000,-1,10,0,0,0,null,-1,-1,1,0,-1,6,0,1,1,1,13330,-1
1361,微型暴击卷轴,使用后略微提高暴击率。,/images/items/Item/JZBaoJi/Lv01.png,4,12,-1,-1,-1,0,-1,-1,-1,10000000,-1,10,0,0,0,null,-1,-1,1,0,-1,6,0,1,1,1,13610,-1
1362,小型暴击卷轴,使用后提高少量的暴击率。,/images/items/Item/JZBaoJi/Lv02.png,8,24,-1,-1,-1,0,-1,-1,-1,10000000,-1,10,0,0,0,null,-1,-1,1,0,-1,6,0,1,1,1,13620,-1
1363,中型暴击卷轴,使用后提高中等量的暴击率。,/images/items/Item/JZBaoJi/Lv03.png,12,36,-1,-1,-1,0,-1,-1,-1,10000000,-1,10,0,0,0,null,-1,-1,1,0,-1,6,0,1,1,1,13630,-1
1391,微型破防卷轴,使用后略微提高破防率。,/images/items/Item/JZPoFang/Lv01.png,4,12,-1,-1,-1,0,-1,-1,-1,10000000,-1,10,0,0,0,null,-1,-1,1,0,-1,6,0,1,1,1,13910,-1
1392,小型破防卷轴,使用后提高少量的破防率。,/images/items/Item/JZPoFang/Lv02.png,8,24,-1,-1,-1,0,-1,-1,-1,10000000,-1,10,0,0,0,null,-1,-1,1,0,-1,6,0,1,1,1,13920,-1
1393,中型破防卷轴,使用后提高中等量的破防率。,/images/items/Item/JZPoFang/Lv03.png,12,36,-1,-1,-1,0,-1,-1,-1,10000000,-1,10,0,0,0,null,-1,-1,1,0,-1,6,0,1,1,1,13930,-1
1421,微型经验卷轴,使用后略微提高经验值。,/images/items/Item/JZJingYan/Lv01.png,0,0,-1,-1,-1,0,-1,-1,-1,10000000,-1,10,0,0,0,null,-1,-1,1,0,-1,6,0,1,1,1,14210,-1
1422,小型经验卷轴,使用后少量增加经验值。,/images/items/Item/JZJingYan/Lv02.png,0,0,-1,-1,-1,0,-1,-1,-1,10000000,-1,10,0,0,0,null,-1,-1,1,0,-1,6,0,1,1,1,14220,-1
1451,微型幸运卷轴,使用后略微提高高级装备的获得率。,/images/items/Item/JZXingYun/Lv01.png,0,0,-1,-1,-1,0,-1,-1,-1,10000000,-1,10,0,0,0,null,-1,-1,1,0,-1,6,0,1,1,1,14510,-1
1452,小型幸运卷轴,使用后少量提高高级装备的获得率。,/images/items/Item/JZXingYun/Lv02.png,0,0,-1,-1,-1,0,-1,-1,-1,10000000,-1,10,0,0,0,null,-1,-1,1,0,-1,6,0,1,1,1,14520,-1
1453,中型幸运卷轴,使用后提高中等量的高级装备获得率。,/images/items/Item/JZXingYun/Lv03.png,0,0,-1,-1,-1,0,-1,-1,-1,10000000,-1,10,0,0,0,null,-1,-1,1,0,-1,6,0,1,1,1,14530,-1
9999,升级宝石,测试用道具,/images/items/Item/HuangBaoShi.png,99,99,-1,-1,-1,0,-1,-1,-1,100,-1,10,200,0,-1,null,-1,-1,0,0,-1,2,0,1,1,1,-1,-1
9001,低级升级宝石,等级1-4装备所用升级宝石（同类宝石每次升级只能使用1个）,/images/items/Item/HuangBaoShi.png,99,99,-1,-1,-1,0,-1,-1,-1,100,-1,10,200,0,-1,null,-1,-1,0,0,-1,2,0,1,1,1,-1,-1
9002,高级升级宝石,等级1-9装备所用升级宝石（同类宝石每次升级只能使用1个）,/images/items/Item/HuangBaoShi.png,99,99,-1,-1,-1,0,-1,-1,-1,100,-1,10,200,0,-1,null,-1,-1,0,0,-1,2,0,1,1,1,-1,-1
9101,几率宝石5%,提高5%升级成功率的宝石（同类宝石每次升级只能使用1个）,/images/items/Item/HuangBaoShi.png,99,99,-1,-1,-1,0,-1,-1,-1,100,-1,10,200,0,-1,null,-1,-1,0,0,-1,2,0,1,1,1,-1,-1
9102,几率宝石10%,提高10%升级成功率的宝石（同类宝石每次升级只能使用1个）,/images/items/Item/HuangBaoShi.png,99,99,-1,-1,-1,0,-1,-1,-1,100,-1,10,200,0,-1,null,-1,-1,0,0,-1,2,0,1,1,1,-1,-1
9103,几率宝石0.5倍,提高0.5倍的升级成功率的宝石（同类宝石每次升级只能使用1个）,/images/items/Item/HuangBaoShi.png,99,99,-1,-1,-1,0,-1,-1,-1,100,-1,10,200,0,-1,null,-1,-1,0,0,-1,2,0,1,1,1,-1,-1
9104,几率宝石1倍,提高1倍升级成功率的宝石（同类宝石每次升级只能使用1个）,/images/items/Item/HuangBaoShi.png,99,99,-1,-1,-1,0,-1,-1,-1,100,-1,10,200,0,-1,null,-1,-1,0,0,-1,2,0,1,1,1,-1,-1
9201,保护宝石,保护升级失败时装备不降级的宝石,/images/items/Item/HuangBaoShi.png,99,99,-1,-1,-1,0,-1,-1,-1,100,-1,10,200,0,-1,null,-1,-1,0,0,-1,2,0,1,1,1,-1,-1
100110,风纪袖章,红色袖章，上写“风纪”二字。戴上以后别人对你肃然起敬。,/images/items/QuestItem/HuangTouJin.png,0,0,-1,-1,-1,0,-1,-1,-1,4000000,-1,10,0,0,0,null,-1,-1,1,0,-1,6,0,1,1,1,-1,-1
100111,黄巾头巾,一条看似很普通的袖章。,/images/items/QuestItem/HuangTouJin.png,0,0,-1,-1,-1,0,-1,-1,-1,4000000,-1,10,0,0,0,null,-1,-1,1,0,-1,6,0,1,1,1,-1,-1
100112,黄巾队长头巾,一条看似很普通的袖章。,/images/items/QuestItem/HuangTouJin.png,0,0,-1,-1,-1,0,-1,-1,-1,4000000,-1,10,0,0,0,null,-1,-1,1,0,-1,6,0,1,1,1,-1,-1
100113,药膏绷带,敷有药膏的绷带，可以治疗各种外伤，不过扭伤似乎属于内伤...,/images/items/QuestItem/HuangTouJin.png,0,0,-1,-1,-1,0,-1,-1,-1,4000000,-1,10,0,0,0,null,-1,-1,1,0,-1,6,0,1,1,1,-1,-1
100119,滤霸袖章,拥有把邪恶的东西都滤洗掉的神奇力量。,/images/items/QuestItem/DunPai.png,0,0,-1,-1,-1,0,-1,-1,-1,4000000,-1,10,0,0,0,null,-1,-1,1,0,-1,6,0,1,1,1,-1,-1
100131,可缝补的袖章,可以用来缝补的袖章布。,/images/items/QuestItem/DunPai.png,0,0,-1,-1,-1,0,-1,-1,-1,4000000,-1,10,0,0,0,null,-1,-1,1,0,-1,6,0,1,1,1,-1,-1
100132,纪律的袖章,用来维持纪律的袖章。,/images/items/QuestItem/DunPai.png,0,0,-1,-1,-1,0,-1,-1,-1,4000000,-1,10,0,0,0,null,-1,-1,1,0,-1,6,0,1,1,1,-1,-1
100133,秩序袖章,用来维持秩序的袖章。,/images/items/QuestItem/DunPai.png,0,0,-1,-1,-1,0,-1,-1,-1,4000000,-1,10,0,0,0,null,-1,-1,1,0,-1,6,0,1,1,1,-1,-1
100210,蓝蓝路面具,一件神秘的面具，什么是蓝蓝路，为什么会有这么面具，一切都无从知晓。,/images/items/QuestItem/DunPai.png,0,0,-1,-1,-1,0,-1,-1,-1,4000000,-1,10,0,0,0,null,-1,-1,1,0,-1,6,0,1,1,1,-1,-1
100211,黄巾盾牌,一件看似很有趣的面具。,/images/items/QuestItem/DunPai.png,0,0,-1,-1,-1,0,-1,-1,-1,4000000,-1,10,0,0,0,null,-1,-1,1,0,-1,6,0,1,1,1,-1,-1
100212,黄巾首领盾牌,一件看似很有趣的面具。,/images/items/QuestItem/DunPai.png,0,0,-1,-1,-1,0,-1,-1,-1,4000000,-1,10,0,0,0,null,-1,-1,1,0,-1,6,0,1,1,1,-1,-1
100213,游击地形图,董卓军游击部队的地图,/images/items/QuestItem/DiTu.png,0,0,-1,-1,-1,0,-1,-1,-1,4000000,-1,10,0,0,0,null,-1,-1,1,0,-1,6,0,1,1,1,-1,-1
100214,游击计划书,董卓军游击部队的计划书,/images/items/QuestItem/JiHuaShu.png,0,0,-1,-1,-1,0,-1,-1,-1,4000000,-1,10,0,0,0,null,-1,-1,1,0,-1,6,0,1,1,1,-1,-1
100218,红鼻子面具,一个小丑面具，上面有个巨大的红鼻子。,/images/items/QuestItem/JiHuaShu.png,0,0,-1,-1,-1,0,-1,-1,-1,4000000,-1,10,0,0,0,null,-1,-1,1,0,-1,6,0,1,1,1,-1,-1
100219,小丑面具,似笑非笑的面具，不知道藏着什么玄机。,/images/items/QuestItem/JiHuaShu.png,0,0,-1,-1,-1,0,-1,-1,-1,4000000,-1,10,0,0,0,null,-1,-1,1,0,-1,6,0,1,1,1,-1,-1
100221,紫色襟章,上面有很模糊的金色花纹。,/images/items/QuestItem/JinZhang.png,0,0,-1,-1,-1,0,-1,-1,-1,4000000,-1,10,0,0,0,null,-1,-1,1,0,-1,6,0,1,1,1,-1,-1
100222,普通箭矢,一般用作城墙上的防御。,/images/items/QuestItem/JianShi.png,0,0,-1,-1,-1,0,-1,-1,-1,4000000,-1,10,0,0,0,null,-1,-1,1,0,-1,6,0,1,1,1,-1,-1
100231,黄巾力士护腕,传说中附有符咒的能量。,/images/items/QuestItem/HuangHuWan.png,0,0,-1,-1,-1,0,-1,-1,-1,4000000,-1,10,0,0,0,null,-1,-1,1,0,-1,6,0,1,1,1,-1,-1
100232,精致的小盒子,不知道里面藏着什么宝贝。,/images/items/QuestItem/XiaoDaiZi.png,0,0,-1,-1,-1,0,-1,-1,-1,4000000,-1,10,0,0,0,null,-1,-1,1,0,-1,6,0,1,1,1,-1,-1
100233,收藏的面具,很多人收藏的面具，为什么收藏呢？,/images/items/QuestItem/XiaoDaiZi.png,0,0,-1,-1,-1,0,-1,-1,-1,4000000,-1,10,0,0,0,null,-1,-1,1,0,-1,6,0,1,1,1,-1,-1
100310,猫耳,猫耳朵型的头饰，戴上以后显得非常可爱。,/images/items/QuestItem/XiaoDaiZi.png,0,0,-1,-1,-1,0,-1,-1,-1,4000000,-1,10,0,0,0,null,-1,-1,1,0,-1,6,0,1,1,1,-1,-1
100311,古怪草药,让人觉得很温馨的头饰。,/images/items/QuestItem/CaoYao.png,0,0,-1,-1,-1,0,-1,-1,-1,4000000,-1,10,0,0,0,null,-1,-1,1,0,-1,6,0,1,1,1,-1,-1
100321,精良的装备,京都羽林军所用的装备,/images/items/QuestItem/TouKui.png,0,0,-1,-1,-1,0,-1,-1,-1,4000000,-1,10,0,0,0,null,-1,-1,1,0,-1,6,0,1,1,1,-1,-1
100322,长箭矢,董卓军中的士兵常用的箭矢,/images/items/QuestItem/JianShi.png,0,0,-1,-1,-1,0,-1,-1,-1,4000000,-1,10,0,0,0,null,-1,-1,1,0,-1,6,0,1,1,1,-1,-1
100331,黄巾长剑,细长的剑刃非常锋利。,/images/items/QuestItem/ChangJian.png,0,0,-1,-1,-1,0,-1,-1,-1,4000000,-1,10,0,0,0,null,-1,-1,1,0,-1,6,0,1,1,1,-1,-1
100332,神圣头饰,某个宗教做为圣物带着的头饰，据说带上后就会变的对宗教非常虔诚。,/images/items/QuestItem/ChangJian.png,0,0,-1,-1,-1,0,-1,-1,-1,4000000,-1,10,0,0,0,null,-1,-1,1,0,-1,6,0,1,1,1,-1,-1
100410,兔耳,兔耳朵型的头饰，戴上以后显得非常乖巧。,/images/items/QuestItem/ChangJian.png,0,0,-1,-1,-1,0,-1,-1,-1,4000000,-1,10,0,0,0,null,-1,-1,1,0,-1,6,0,1,1,1,-1,-1
100411,奇怪草药,让人觉得很纯情的头饰。,/images/items/QuestItem/CaoYao.png,0,0,-1,-1,-1,0,-1,-1,-1,4000000,-1,10,0,0,0,null,-1,-1,1,0,-1,6,0,1,1,1,-1,-1
100412,乖乖牌,有了这个，就能拍出好看的六连拍哦~,/images/items/QuestItem/CaoYao.png,0,0,-1,-1,-1,0,-1,-1,-1,4000000,-1,10,0,0,0,null,-1,-1,1,0,-1,6,0,1,1,1,-1,-1
100421,袖珍翡翠虎,很小的老虎，不过好像是用真的翡翠做成的。,/images/items/QuestItem/YuShiZi.png,0,0,-1,-1,-1,0,-1,-1,-1,4000000,-1,10,0,0,0,null,-1,-1,1,0,-1,6,0,1,1,1,-1,-1
100431,黄巾拳刃,适合近身肉搏的锋利兵器。,/images/items/QuestItem/QuanRen.png,0,0,-1,-1,-1,0,-1,-1,-1,4000000,-1,10,0,0,0,null,-1,-1,1,0,-1,6,0,1,1,1,-1,-1
100432,粮草,储备的干粮。,/images/items/QuestItem/XiaoDaiZi.png,0,0,-1,-1,-1,0,-1,-1,-1,4000000,-1,10,0,0,0,null,-1,-1,1,0,-1,6,0,1,1,1,-1,-1
100510,羊皮纸,你可以随意在上面写写画画，前提是你有笔和墨水。,/images/items/QuestItem/BaiChi.png,0,0,-1,-1,-1,0,-1,-1,-1,4000000,-1,10,0,0,0,null,-1,-1,1,0,-1,6,0,1,1,1,-1,-1
100511,铸造图样,上面记载着一些装备品的制作公式图样。,/images/items/QuestItem/BaiChi.png,0,0,-1,-1,-1,0,-1,-1,-1,4000000,-1,10,0,0,0,null,-1,-1,1,0,-1,6,0,1,1,1,-1,-1
100512,公文碎片,被撕下来的记录一些实验的纸。,/images/items/QuestItem/GongWen.png,0,0,-1,-1,-1,0,-1,-1,-1,4000000,-1,10,0,0,0,null,-1,-1,1,0,-1,6,0,1,1,1,-1,-1
100513,袁绍的信,一封有袁绍印记的信,/images/items/QuestItem/GongWen.png,0,0,-1,-1,-1,0,-1,-1,-1,4000000,-1,10,0,0,0,null,-1,-1,1,0,-1,6,0,1,1,1,-1,-1
100514,指令书,作战的指令书，上面的作战计划写的非常详细，最后还有BOSS的签名。,/images/items/QuestItem/JiHuaShu.png,0,0,-1,-1,-1,0,-1,-1,-1,4000000,-1,10,0,0,0,null,-1,-1,1,0,-1,6,0,1,1,1,-1,-1
100518,残页,好像记录了重要的东西，应该很厉害，可我看不懂~,/images/items/QuestItem/CanYe.png,0,0,-1,-1,-1,0,-1,-1,-1,4000000,-1,10,0,0,0,null,-1,-1,1,0,-1,6,0,1,1,1,-1,-1
100519,攻击计划,用恶魔文写成的攻击计划，完全无法破译。,/images/items/QuestItem/JiHuaShu.png,0,0,-1,-1,-1,0,-1,-1,-1,4000000,-1,10,0,0,0,null,-1,-1,1,0,-1,6,0,1,1,1,-1,-1
100521,优质木料,为了制造小提琴而特意寻找的木料。,/images/items/QuestItem/MuCai.png,0,0,-1,-1,-1,0,-1,-1,-1,4000000,-1,10,0,0,0,null,-1,-1,1,0,-1,6,0,1,1,1,-1,-1
100531,木材,能做成各种木器。,/images/items/QuestItem/MuCai.png,0,0,-1,-1,-1,0,-1,-1,-1,4000000,-1,10,0,0,0,null,-1,-1,1,0,-1,6,0,1,1,1,-1,-1
110110,通缉令样本,空白的通缉令。就算你把自己的照片贴上去也没人介意。,/images/items/QuestItem/MuCai.png,0,0,-1,-1,-1,0,-1,-1,-1,4000000,-1,10,0,0,0,null,-1,-1,1,0,-1,6,0,1,1,1,-1,-1
110111,通缉令,通缉令。似乎上面的悬赏金额会代表实力的强弱。,/images/items/QuestItem/MuCai.png,0,0,-1,-1,-1,0,-1,-1,-1,4000000,-1,10,0,0,0,null,-1,-1,1,0,-1,6,0,1,1,1,-1,-1
110112,感应卡片,具有神奇力量的卡片，持有者相互之间不需要任何通讯工具就可以联络。,/images/items/QuestItem/MuCai.png,0,0,-1,-1,-1,0,-1,-1,-1,4000000,-1,10,0,0,0,null,-1,-1,1,0,-1,6,0,1,1,1,-1,-1
110210,游泳果实,伪恶魔果实，不具有任何能力。不过会让你的游泳技术有所提高。,/images/items/QuestItem/MuCai.png,0,0,-1,-1,-1,0,-1,-1,-1,4000000,-1,10,0,0,0,null,-1,-1,1,0,-1,6,0,1,1,1,-1,-1
110211,解毒果,看起来有些干涩的水果。,/images/items/QuestItem/GuoZi.png,0,0,-1,-1,-1,0,-1,-1,-1,4000000,-1,10,0,0,0,null,-1,-1,1,0,-1,6,0,1,1,1,-1,-1
110212,野果子,随处可见的野果子。,/images/items/QuestItem/GuoZi.png,0,0,-1,-1,-1,0,-1,-1,-1,4000000,-1,10,0,0,0,null,-1,-1,1,0,-1,6,0,1,1,1,-1,-1
110213,撤退命令,董卓军的命令文，内容是放弃洛阳西迁,/images/items/QuestItem/JiHuaShu.png,0,0,-1,-1,-1,0,-1,-1,-1,4000000,-1,10,0,0,0,null,-1,-1,1,0,-1,6,0,1,1,1,-1,-1
110219,菠萝果实,长得像恶魔果实的菠萝，吃下去依然是菠萝味~,/images/items/QuestItem/JiHuaShu.png,0,0,-1,-1,-1,0,-1,-1,-1,4000000,-1,10,0,0,0,null,-1,-1,1,0,-1,6,0,1,1,1,-1,-1
110221,可口果子,看起来很可口的小果子。,/images/items/QuestItem/GuoZi.png,0,0,-1,-1,-1,0,-1,-1,-1,4000000,-1,10,0,0,0,null,-1,-1,1,0,-1,6,0,1,1,1,-1,-1
110222,白马缰绳,栓着白马的缰绳,/images/items/QuestItem/BaiMa.png,0,0,-1,-1,-1,0,-1,-1,-1,4000000,-1,10,0,0,0,null,-1,-1,1,0,-1,6,0,1,1,1,-1,-1
110223,奢华的物品,装饰华丽却没有实际作用的物品。,/images/items/QuestItem/HuangWenWu.png,0,0,-1,-1,-1,0,-1,-1,-1,4000000,-1,10,0,0,0,null,-1,-1,1,0,-1,6,0,1,1,1,-1,-1
110224,苦果子,很苦的果子，虽然对身体有好处，但一般不会有人去吃。,/images/items/QuestItem/GuoZi.png,0,0,-1,-1,-1,0,-1,-1,-1,4000000,-1,10,0,0,0,null,-1,-1,1,0,-1,6,0,1,1,1,-1,-1
110310,海贼旗,黑底骷髅双刀旗，已经见怪不怪了。,/images/items/QuestItem/GuoZi.png,0,0,-1,-1,-1,0,-1,-1,-1,4000000,-1,10,0,0,0,null,-1,-1,1,0,-1,6,0,1,1,1,-1,-1
110321,写有文字的旗子,一面海盗旗，背面写了许多看不懂的文字。,/images/items/QuestItem/GuoZi.png,0,0,-1,-1,-1,0,-1,-1,-1,4000000,-1,10,0,0,0,null,-1,-1,1,0,-1,6,0,1,1,1,-1,-1
110410,海楼石,大海的结晶，可以用它来砸大海的敌人。,/images/items/QuestItem/GuoZi.png,0,0,-1,-1,-1,0,-1,-1,-1,4000000,-1,10,0,0,0,null,-1,-1,1,0,-1,6,0,1,1,1,-1,-1
110411,能量碎片,你能感觉到不稳定的能量在这小石块一样的物体中翻滚。,/images/items/QuestItem/KuangShi.png,0,0,-1,-1,-1,0,-1,-1,-1,4000000,-1,10,0,0,0,null,-1,-1,1,0,-1,6,0,1,1,1,-1,-1
110412,董卓将令,远古遗留下来的石头，有巨大的能量。,/images/items/QuestItem/GongWen.png,0,0,-1,-1,-1,0,-1,-1,-1,4000000,-1,10,0,0,0,null,-1,-1,1,0,-1,6,0,1,1,1,-1,-1
110417,似曾相识的物质,貌似在那里刚见过的样子…,/images/items/QuestItem/XiaoDaiZi.png,0,0,-1,-1,-1,0,-1,-1,-1,4000000,-1,10,0,0,0,null,-1,-1,1,0,-1,6,0,1,1,1,-1,-1
110418,幻影的残渣,打败罗杰幻影时所留下的残渣。,/images/items/QuestItem/KuangShi.png,0,0,-1,-1,-1,0,-1,-1,-1,4000000,-1,10,0,0,0,null,-1,-1,1,0,-1,6,0,1,1,1,-1,-1
110421,厚重的铁盾,士兵常用的盾牌，能有效抵挡迎面而来的攻击。,/images/items/QuestItem/DunPai.png,0,0,-1,-1,-1,0,-1,-1,-1,4000000,-1,10,0,0,0,null,-1,-1,1,0,-1,6,0,1,1,1,-1,-1
110422,黑色矿石,散发出神秘能量的矿石。,/images/items/QuestItem/KuangShi.png,0,0,-1,-1,-1,0,-1,-1,-1,4000000,-1,10,0,0,0,null,-1,-1,1,0,-1,6,0,1,1,1,-1,-1
110423,矿石样本,黑色矿石的样本，已经经过初步的处理，会周期性的放出能量。,/images/items/QuestItem/KuangShi.png,0,0,-1,-1,-1,0,-1,-1,-1,4000000,-1,10,0,0,0,null,-1,-1,1,0,-1,6,0,1,1,1,-1,-1
110424,修船材料,修船时用的材料，都是很常见的材料。,/images/items/QuestItem/MuCai.png,0,0,-1,-1,-1,0,-1,-1,-1,4000000,-1,10,0,0,0,null,-1,-1,1,0,-1,6,0,1,1,1,-1,-1
110425,材料,一些常见的材料，貌似很多地方都能够用到。,/images/items/QuestItem/MuCai.png,0,0,-1,-1,-1,0,-1,-1,-1,4000000,-1,10,0,0,0,null,-1,-1,1,0,-1,6,0,1,1,1,-1,-1
110426,宇宙合金,坚固的合金，经常被用作宇宙飞船的材料,/images/items/QuestItem/KuangShi.png,0,0,-1,-1,-1,0,-1,-1,-1,4000000,-1,10,0,0,0,null,-1,-1,1,0,-1,6,0,1,1,1,-1,-1
110428,改进材料,为了改进武器而特别寻找的材料。,/images/items/QuestItem/MuCai.png,0,0,-1,-1,-1,0,-1,-1,-1,4000000,-1,10,0,0,0,null,-1,-1,1,0,-1,6,0,1,1,1,-1,-1
110431,荷花布包,黑市商人都用这样的荷花布包，据说里面包裹的都是稀世珍宝。,/images/items/QuestItem/BuBao.png,0,0,-1,-1,-1,0,-1,-1,-1,4000000,-1,10,0,0,0,null,-1,-1,1,0,-1,6,0,1,1,1,-1,-1
110432,原生矿石,神秘矿藏的最原始形态。,/images/items/QuestItem/KuangShi.png,0,0,-1,-1,-1,0,-1,-1,-1,4000000,-1,10,0,0,0,null,-1,-1,1,0,-1,6,0,1,1,1,-1,-1
110510,永久指针,永久指向一个方向的指针，有时候还蛮有用的。,/images/items/QuestItem/KuangShi.png,0,0,-1,-1,-1,0,-1,-1,-1,4000000,-1,10,0,0,0,null,-1,-1,1,0,-1,6,0,1,1,1,-1,-1
110511,万能指示器,带有刻度的仪表。是研究室的必备零件。,/images/items/QuestItem/KuangShi.png,0,0,-1,-1,-1,0,-1,-1,-1,4000000,-1,10,0,0,0,null,-1,-1,1,0,-1,6,0,1,1,1,-1,-1
110512,记录指针,伟大航路专用的特别指针，原理不明。,/images/items/QuestItem/KuangShi.png,0,0,-1,-1,-1,0,-1,-1,-1,4000000,-1,10,0,0,0,null,-1,-1,1,0,-1,6,0,1,1,1,-1,-1
110521,坚固的木材,适合建筑用的木材，十分坚固。,/images/items/QuestItem/MuCai.png,0,0,-1,-1,-1,0,-1,-1,-1,4000000,-1,10,0,0,0,null,-1,-1,1,0,-1,6,0,1,1,1,-1,-1
110522,优质木柴,很容易点着的柴火。,/images/items/QuestItem/MuCai.png,0,0,-1,-1,-1,0,-1,-1,-1,4000000,-1,10,0,0,0,null,-1,-1,1,0,-1,6,0,1,1,1,-1,-1
110523,衣甲碎片,衣甲的碎片,/images/items/QuestItem/XiangZi.png,0,0,-1,-1,-1,0,-1,-1,-1,4000000,-1,10,0,0,0,null,-1,-1,1,0,-1,6,0,1,1,1,-1,-1
110524,工具箱,修船用的工具箱，里面装了很多工具。,/images/items/QuestItem/XiangZi.png,0,0,-1,-1,-1,0,-1,-1,-1,4000000,-1,10,0,0,0,null,-1,-1,1,0,-1,6,0,1,1,1,-1,-1
110525,鞋箱,装有名牌运动鞋的箱子。,/images/items/QuestItem/KuangShi.png,0,0,-1,-1,-1,0,-1,-1,-1,4000000,-1,10,0,0,0,null,-1,-1,1,0,-1,6,0,1,1,1,-1,-1
130110,赝品龙珠,看上去似乎是能以假乱真，不过估计半个愿望都实现不了。,/images/items/QuestItem/KuangShi.png,0,0,-1,-1,-1,0,-1,-1,-1,4000000,-1,10,0,0,0,null,-1,-1,1,0,-1,6,0,1,1,1,-1,-1
130111,董卓印信,董卓印信,/images/items/QuestItem/GongWen.png,0,0,-1,-1,-1,0,-1,-1,-1,4000000,-1,10,0,0,0,null,-1,-1,1,0,-1,6,0,1,1,1,-1,-1
130112,神秘的结晶,从复活的邪恶生物身上发现的神秘物体。,/images/items/QuestItem/GongWen.png,0,0,-1,-1,-1,0,-1,-1,-1,4000000,-1,10,0,0,0,null,-1,-1,1,0,-1,6,0,1,1,1,-1,-1
130113,邪恶结晶,从复活的邪恶生物身上发现的结晶，带有邪恶的能量。,/images/items/QuestItem/GongWen.png,0,0,-1,-1,-1,0,-1,-1,-1,4000000,-1,10,0,0,0,null,-1,-1,1,0,-1,6,0,1,1,1,-1,-1
130121,硬肉干,可以随身携带的干粮。,/images/items/QuestItem/XiaoDaiZi.png,0,0,-1,-1,-1,0,-1,-1,-1,4000000,-1,10,0,0,0,null,-1,-1,1,0,-1,6,0,1,1,1,-1,-1
130122,黑色纹鼎,承载特殊物品的容器。,/images/items/QuestItem/HuangWenWu.png,0,0,-1,-1,-1,0,-1,-1,-1,4000000,-1,10,0,0,0,null,-1,-1,1,0,-1,6,0,1,1,1,-1,-1
130131,能量球,含有能量的球，可以为各种机械装置补充能量。,/images/items/QuestItem/KuangShi.png,0,0,-1,-1,-1,0,-1,-1,-1,4000000,-1,10,0,0,0,null,-1,-1,1,0,-1,6,0,1,1,1,-1,-1
130210,仙豆,强力浓缩食物，吃完以后迅速满血满蓝，三天不饿。,/images/items/QuestItem/KuangShi.png,0,0,-1,-1,-1,0,-1,-1,-1,4000000,-1,10,0,0,0,null,-1,-1,1,0,-1,6,0,1,1,1,-1,-1
130211,沉甸甸的坛子,很重的坛子，不知道里面装了些什么。,/images/items/QuestItem/KuangShi.png,0,0,-1,-1,-1,0,-1,-1,-1,4000000,-1,10,0,0,0,null,-1,-1,1,0,-1,6,0,1,1,1,-1,-1
130212,仙豆幼苗,装有仙豆幼苗的坛子。,/images/items/QuestItem/KuangShi.png,0,0,-1,-1,-1,0,-1,-1,-1,4000000,-1,10,0,0,0,null,-1,-1,1,0,-1,6,0,1,1,1,-1,-1
130221,战斗长弓,制作精良的长弓。,/images/items/QuestItem/Gong.png,0,0,-1,-1,-1,0,-1,-1,-1,4000000,-1,10,0,0,0,null,-1,-1,1,0,-1,6,0,1,1,1,-1,-1
130222,密封的铁箱,里面似乎装了不少珍宝。,/images/items/QuestItem/XiangZi.png,0,0,-1,-1,-1,0,-1,-1,-1,4000000,-1,10,0,0,0,null,-1,-1,1,0,-1,6,0,1,1,1,-1,-1
130223,食物坛,装有一些食物的坛子。,/images/items/QuestItem/XiangZi.png,0,0,-1,-1,-1,0,-1,-1,-1,4000000,-1,10,0,0,0,null,-1,-1,1,0,-1,6,0,1,1,1,-1,-1
130224,生活用品,装有各种生活用品的坛子，龙珠世界流行用坛子装东西吗？,/images/items/QuestItem/XiangZi.png,0,0,-1,-1,-1,0,-1,-1,-1,4000000,-1,10,0,0,0,null,-1,-1,1,0,-1,6,0,1,1,1,-1,-1
130225,肉包坛,装有肉包的坛子，龙珠世界流行用坛子装东西？,/images/items/QuestItem/XiangZi.png,0,0,-1,-1,-1,0,-1,-1,-1,4000000,-1,10,0,0,0,null,-1,-1,1,0,-1,6,0,1,1,1,-1,-1
130310,万能胶囊,外行人永远不知道里面装的什么，而且会对这种尖端科技感到诧异――那么大的东西怎么装到那么小的胶囊里。,/images/items/QuestItem/XiangZi.png,0,0,-1,-1,-1,0,-1,-1,-1,4000000,-1,10,0,0,0,null,-1,-1,1,0,-1,6,0,1,1,1,-1,-1
130311,解毒水,一小壶水，看起来没多少了。,/images/items/QuestItem/ShuiPing.png,0,0,-1,-1,-1,0,-1,-1,-1,4000000,-1,10,0,0,0,null,-1,-1,1,0,-1,6,0,1,1,1,-1,-1
130312,半瓶水,被喝过一半的一瓶水。,/images/items/QuestItem/ShuiPing.png,0,0,-1,-1,-1,0,-1,-1,-1,4000000,-1,10,0,0,0,null,-1,-1,1,0,-1,6,0,1,1,1,-1,-1
130313,劣等啤酒,下等的啤酒。味道不是很好喝，不过不知道为什么还是有很多人在喝。,/images/items/QuestItem/ShuiPing.png,0,0,-1,-1,-1,0,-1,-1,-1,4000000,-1,10,0,0,0,null,-1,-1,1,0,-1,6,0,1,1,1,-1,-1
130314,上等的好酒,非常上等的酒。很难弄到，所以喝到时会显得更好喝。,/images/items/QuestItem/ShuiPing.png,0,0,-1,-1,-1,0,-1,-1,-1,4000000,-1,10,0,0,0,null,-1,-1,1,0,-1,6,0,1,1,1,-1,-1
130321,精钢长矛,冲锋用的长矛。,/images/items/QuestItem/ChangMao.png,0,0,-1,-1,-1,0,-1,-1,-1,4000000,-1,10,0,0,0,null,-1,-1,1,0,-1,6,0,1,1,1,-1,-1
130322,不明液体,一小瓶液体，不知道具体是什么。,/images/items/QuestItem/ShuiPing.png,0,0,-1,-1,-1,0,-1,-1,-1,4000000,-1,10,0,0,0,null,-1,-1,1,0,-1,6,0,1,1,1,-1,-1
130323,铁箭矢,铁质的箭矢，有很强的杀伤力。,/images/items/QuestItem/JianShi.png,0,0,-1,-1,-1,0,-1,-1,-1,4000000,-1,10,0,0,0,null,-1,-1,1,0,-1,6,0,1,1,1,-1,-1
130324,啤酒,一瓶啤酒。包装很特别，大概是这个世界的特色。,/images/items/QuestItem/ShuiPing.png,0,0,-1,-1,-1,0,-1,-1,-1,4000000,-1,10,0,0,0,null,-1,-1,1,0,-1,6,0,1,1,1,-1,-1
130325,洛阳布料,洛阳出产的布料，质量很好。,/images/items/QuestItem/BuLiao.png,0,0,-1,-1,-1,0,-1,-1,-1,4000000,-1,10,0,0,0,null,-1,-1,1,0,-1,6,0,1,1,1,-1,-1
130326,特别的调味料,一份特别的调味料，里面发出刺鼻的气味,/images/items/QuestItem/ShuiPing.png,0,0,-1,-1,-1,0,-1,-1,-1,4000000,-1,10,0,0,0,null,-1,-1,1,0,-1,6,0,1,1,1,-1,-1
130327,矿泉水,清澈的矿泉水，健康的水。,/images/items/QuestItem/ShuiPing.png,0,0,-1,-1,-1,0,-1,-1,-1,4000000,-1,10,0,0,0,null,-1,-1,1,0,-1,6,0,1,1,1,-1,-1
130331,怪味香水,味道很奇怪的香水，这东西怎么流行起来的~,/images/items/QuestItem/ShuiPing.png,0,0,-1,-1,-1,0,-1,-1,-1,4000000,-1,10,0,0,0,null,-1,-1,1,0,-1,6,0,1,1,1,-1,-1
130410,赛亚人毛发,赛亚人的毛发，不抹发蜡也很坚硬有型。,/images/items/QuestItem/ShuiPing.png,0,0,-1,-1,-1,0,-1,-1,-1,4000000,-1,10,0,0,0,null,-1,-1,1,0,-1,6,0,1,1,1,-1,-1
130411,染发标本,根据这个标本的发色可以把自己头发染得像赛亚人一样~,/images/items/QuestItem/ShuiPing.png,0,0,-1,-1,-1,0,-1,-1,-1,4000000,-1,10,0,0,0,null,-1,-1,1,0,-1,6,0,1,1,1,-1,-1
130421,朴刀,步兵常用的大刀。,/images/items/QuestItem/BuDao.png,0,0,-1,-1,-1,0,-1,-1,-1,4000000,-1,10,0,0,0,null,-1,-1,1,0,-1,6,0,1,1,1,-1,-1
130422,发黄的文牒,上面似乎记载着不为人知的秘密。,/images/items/QuestItem/GongWen.png,0,0,-1,-1,-1,0,-1,-1,-1,4000000,-1,10,0,0,0,null,-1,-1,1,0,-1,6,0,1,1,1,-1,-1
130423,高粱,一把高粱，是粮食，也可以用来酿酒。,/images/items/QuestItem/CaoYao.png,0,0,-1,-1,-1,0,-1,-1,-1,4000000,-1,10,0,0,0,null,-1,-1,1,0,-1,6,0,1,1,1,-1,-1
130424,加林仙人的调味料,加林仙人独门肉包所需的调味料。,/images/items/QuestItem/CaoYao.png,0,0,-1,-1,-1,0,-1,-1,-1,4000000,-1,10,0,0,0,null,-1,-1,1,0,-1,6,0,1,1,1,-1,-1
130425,坚韧的皮毛,用来做琴弦的材料，需要非常有韧性的才可以。,/images/items/QuestItem/CaoYao.png,0,0,-1,-1,-1,0,-1,-1,-1,4000000,-1,10,0,0,0,null,-1,-1,1,0,-1,6,0,1,1,1,-1,-1
130426,黄金草,金黄色的草，据说对植物生长有好处。,/images/items/QuestItem/CaoYao.png,0,0,-1,-1,-1,0,-1,-1,-1,4000000,-1,10,0,0,0,null,-1,-1,1,0,-1,6,0,1,1,1,-1,-1
130431,黄金鼻毛,这个可以用来制作铭文？巫术还差不多吧？,/images/items/QuestItem/CaoYao.png,0,0,-1,-1,-1,0,-1,-1,-1,4000000,-1,10,0,0,0,null,-1,-1,1,0,-1,6,0,1,1,1,-1,-1
130510,龙珠雷达,能有效侦测龙珠发出来的波长。当然，它完全不会告诉你地形是什么样的。,/images/items/QuestItem/CaoYao.png,0,0,-1,-1,-1,0,-1,-1,-1,4000000,-1,10,0,0,0,null,-1,-1,1,0,-1,6,0,1,1,1,-1,-1
130511,仿制的龙珠雷达,仿造真品龙珠雷达所制造的雷达，虽然还不完美，但可以在一定程度上确定龙珠的位置。,/images/items/QuestItem/CaoYao.png,0,0,-1,-1,-1,0,-1,-1,-1,4000000,-1,10,0,0,0,null,-1,-1,1,0,-1,6,0,1,1,1,-1,-1
130521,黄巾军作战计划,上面标示的应该是撤退路线。,/images/items/QuestItem/JiHuaShu.png,0,0,-1,-1,-1,0,-1,-1,-1,4000000,-1,10,0,0,0,null,-1,-1,1,0,-1,6,0,1,1,1,-1,-1
130522,训练用剑,新兵或者习武者平时训练用的剑,/images/items/QuestItem/ChangJian.png,0,0,-1,-1,-1,0,-1,-1,-1,4000000,-1,10,0,0,0,null,-1,-1,1,0,-1,6,0,1,1,1,-1,-1
130528,新型材料,为了强化武器而特别寻找的新型材料,/images/items/QuestItem/MuCai.png,0,0,-1,-1,-1,0,-1,-1,-1,4000000,-1,10,0,0,0,null,-1,-1,1,0,-1,6,0,1,1,1,-1,-1
150110,忍者卷轴,很厚的秘密卷轴，不知里面写着什么样的高级忍术。也可能仅仅是为了考验你的耐性。,/images/items/QuestItem/MuCai.png,0,0,-1,-1,-1,0,-1,-1,-1,4000000,-1,10,0,0,0,null,-1,-1,1,0,-1,6,0,1,1,1,-1,-1
150121,武器碎片,武器碎片,/images/items/QuestItem/MuCai.png,0,0,-1,-1,-1,0,-1,-1,-1,4000000,-1,10,0,0,0,null,-1,-1,1,0,-1,6,0,1,1,1,-1,-1
150210,亲热天堂,传说中在木叶村流传甚广的18禁书籍，作者自来也。忍者们训练时随身必备之物。,/images/items/QuestItem/MuCai.png,0,0,-1,-1,-1,0,-1,-1,-1,4000000,-1,10,0,0,0,null,-1,-1,1,0,-1,6,0,1,1,1,-1,-1
150211,实验手册,记录了很多实验数据的小册子。,/images/items/QuestItem/MuCai.png,0,0,-1,-1,-1,0,-1,-1,-1,4000000,-1,10,0,0,0,null,-1,-1,1,0,-1,6,0,1,1,1,-1,-1
150212,兵粮袋,装有兵粮的袋子,/images/items/QuestItem/XiaoDaiZi.png,0,0,-1,-1,-1,0,-1,-1,-1,4000000,-1,10,0,0,0,null,-1,-1,1,0,-1,6,0,1,1,1,-1,-1
150219,好看的杂志,真的很好看的杂志哦~,/images/items/QuestItem/XiaoDaiZi.png,0,0,-1,-1,-1,0,-1,-1,-1,4000000,-1,10,0,0,0,null,-1,-1,1,0,-1,6,0,1,1,1,-1,-1
150221,助熔剂,冶炼金属时的添加剂。,/images/items/QuestItem/XiaoDaiZi.png,0,0,-1,-1,-1,0,-1,-1,-1,4000000,-1,10,0,0,0,null,-1,-1,1,0,-1,6,0,1,1,1,-1,-1
150222,特质大刀,非常非常非常大的弯刀。,/images/items/QuestItem/BuDao.png,0,0,-1,-1,-1,0,-1,-1,-1,4000000,-1,10,0,0,0,null,-1,-1,1,0,-1,6,0,1,1,1,-1,-1
150223,笑话书,封面上写着《笑话同好会专用》。,/images/items/QuestItem/BuDao.png,0,0,-1,-1,-1,0,-1,-1,-1,4000000,-1,10,0,0,0,null,-1,-1,1,0,-1,6,0,1,1,1,-1,-1
150231,柴火,点火的材料。,/images/items/QuestItem/MuCai.png,0,0,-1,-1,-1,0,-1,-1,-1,4000000,-1,10,0,0,0,null,-1,-1,1,0,-1,6,0,1,1,1,-1,-1
150232,泥土样本,附近的一小块泥土。,/images/items/QuestItem/MuCai.png,0,0,-1,-1,-1,0,-1,-1,-1,4000000,-1,10,0,0,0,null,-1,-1,1,0,-1,6,0,1,1,1,-1,-1
150310,忍者护额,不要被护额上可爱的标记所迷惑。这个标记的主人通常都是个危险人物。,/images/items/QuestItem/MuCai.png,0,0,-1,-1,-1,0,-1,-1,-1,4000000,-1,10,0,0,0,null,-1,-1,1,0,-1,6,0,1,1,1,-1,-1
150311,木叶护额,木叶忍者所带的护额。,/images/items/QuestItem/MuCai.png,0,0,-1,-1,-1,0,-1,-1,-1,4000000,-1,10,0,0,0,null,-1,-1,1,0,-1,6,0,1,1,1,-1,-1
150312,袭击计划书,董卓军的计划书,/images/items/QuestItem/JiHuaShu.png,0,0,-1,-1,-1,0,-1,-1,-1,4000000,-1,10,0,0,0,null,-1,-1,1,0,-1,6,0,1,1,1,-1,-1
150313,侦察地图,联军前军阵地的地图,/images/items/QuestItem/CanYe.png,0,0,-1,-1,-1,0,-1,-1,-1,4000000,-1,10,0,0,0,null,-1,-1,1,0,-1,6,0,1,1,1,-1,-1
150314,探测器,一种特殊的仪器，可以探知生物的位置和实力，是高科技的仪器。,/images/items/QuestItem/CanYe.png,0,0,-1,-1,-1,0,-1,-1,-1,4000000,-1,10,0,0,0,null,-1,-1,1,0,-1,6,0,1,1,1,-1,-1
150410,风魔手里剑,虽然看上去很像奇怪的大剪刀，但既可投掷又可近身的功能使它成为非常可怕的武器。,/images/items/QuestItem/CanYe.png,0,0,-1,-1,-1,0,-1,-1,-1,4000000,-1,10,0,0,0,null,-1,-1,1,0,-1,6,0,1,1,1,-1,-1
150411,手里剑,很普通的手里剑，忍者必备的道具。,/images/items/QuestItem/CanYe.png,0,0,-1,-1,-1,0,-1,-1,-1,4000000,-1,10,0,0,0,null,-1,-1,1,0,-1,6,0,1,1,1,-1,-1
150412,雷达零件,龙珠雷达不可缺少的零件。,/images/items/QuestItem/CanYe.png,0,0,-1,-1,-1,0,-1,-1,-1,4000000,-1,10,0,0,0,null,-1,-1,1,0,-1,6,0,1,1,1,-1,-1
150421,半块虎符,上面刻有一半的汉字。,/images/items/QuestItem/HuFu.png,0,0,-1,-1,-1,0,-1,-1,-1,4000000,-1,10,0,0,0,null,-1,-1,1,0,-1,6,0,1,1,1,-1,-1
150422,自动手里剑,设置好目标后就会自动攻击的手里剑，除了用来攻击敌人时，一个人修炼上时也可以用上。,/images/items/QuestItem/HuFu.png,0,0,-1,-1,-1,0,-1,-1,-1,4000000,-1,10,0,0,0,null,-1,-1,1,0,-1,6,0,1,1,1,-1,-1
150423,粮食,装有粮草的容器。,/images/items/QuestItem/XiaoDaiZi.png,0,0,-1,-1,-1,0,-1,-1,-1,4000000,-1,10,0,0,0,null,-1,-1,1,0,-1,6,0,1,1,1,-1,-1
150431,训练用手里剑,专用训练制造的手里剑，特殊材料制成，不会伤到人。,/images/items/QuestItem/XiaoDaiZi.png,0,0,-1,-1,-1,0,-1,-1,-1,4000000,-1,10,0,0,0,null,-1,-1,1,0,-1,6,0,1,1,1,-1,-1
150432,磨损的武器,已经被使用过很久的武器，很难继续使用了。,/images/items/QuestItem/XiaoDaiZi.png,0,0,-1,-1,-1,0,-1,-1,-1,4000000,-1,10,0,0,0,null,-1,-1,1,0,-1,6,0,1,1,1,-1,-1
150433,损坏的武器,已经损坏的武器，再也不能用了。,/images/items/QuestItem/XiaoDaiZi.png,0,0,-1,-1,-1,0,-1,-1,-1,4000000,-1,10,0,0,0,null,-1,-1,1,0,-1,6,0,1,1,1,-1,-1
150510,军粮丸,吃了以后迅速恢复体力并提高攻击力，不过要小心会变得人兽一体。,/images/items/QuestItem/XiaoDaiZi.png,0,0,-1,-1,-1,0,-1,-1,-1,4000000,-1,10,0,0,0,null,-1,-1,1,0,-1,6,0,1,1,1,-1,-1
150511,粗粮丸子,用粗粮作成的食用丸子。,/images/items/QuestItem/XiaoDaiZi.png,0,0,-1,-1,-1,0,-1,-1,-1,4000000,-1,10,0,0,0,null,-1,-1,1,0,-1,6,0,1,1,1,-1,-1
150512,丸子球,不知用什么粮食做的食用丸子球。,/images/items/QuestItem/XiaoDaiZi.png,0,0,-1,-1,-1,0,-1,-1,-1,4000000,-1,10,0,0,0,null,-1,-1,1,0,-1,6,0,1,1,1,-1,-1
150513,前线公文,董卓军前线部队所携带的公文,/images/items/QuestItem/GongWen.png,0,0,-1,-1,-1,0,-1,-1,-1,4000000,-1,10,0,0,0,null,-1,-1,1,0,-1,6,0,1,1,1,-1,-1
150514,破了的竹简,似乎写有字的竹简,/images/items/QuestItem/ZhuJian.png,0,0,-1,-1,-1,0,-1,-1,-1,4000000,-1,10,0,0,0,null,-1,-1,1,0,-1,6,0,1,1,1,-1,-1
150515,珍贵的文物,洛阳宫中所保存的文物,/images/items/QuestItem/HuangWenWu.png,0,0,-1,-1,-1,0,-1,-1,-1,4000000,-1,10,0,0,0,null,-1,-1,1,0,-1,6,0,1,1,1,-1,-1
150516,特制药丸,天神特制的药丸，比普通的药丸有效许多。,/images/items/QuestItem/HuangWenWu.png,0,0,-1,-1,-1,0,-1,-1,-1,4000000,-1,10,0,0,0,null,-1,-1,1,0,-1,6,0,1,1,1,-1,-1
150521,战鼓,一面战鼓,/images/items/QuestItem/ZhanGu.png,0,0,-1,-1,-1,0,-1,-1,-1,4000000,-1,10,0,0,0,null,-1,-1,1,0,-1,6,0,1,1,1,-1,-1
150522,黄色团子,木叶名产的黄色团子，吃过的有都用味道很特别。,/images/items/QuestItem/ZhanGu.png,0,0,-1,-1,-1,0,-1,-1,-1,4000000,-1,10,0,0,0,null,-1,-1,1,0,-1,6,0,1,1,1,-1,-1
150523,特别的肉,一大块特别的肉，不知道用这种肉做的料理会不会好吃。,/images/items/QuestItem/ZhanGu.png,0,0,-1,-1,-1,0,-1,-1,-1,4000000,-1,10,0,0,0,null,-1,-1,1,0,-1,6,0,1,1,1,-1,-1
150524,巨大的金鱼肉,食岛金鱼身上的肉。,/images/items/QuestItem/TuDui.png,0,0,-1,-1,-1,0,-1,-1,-1,4000000,-1,10,0,0,0,null,-1,-1,1,0,-1,6,0,1,1,1,-1,-1
150525,天界的土,天界的土，有奇特的力量，能让农作物茁壮成长,/images/items/QuestItem/TuDui.png,0,0,-1,-1,-1,0,-1,-1,-1,4000000,-1,10,0,0,0,null,-1,-1,1,0,-1,6,0,1,1,1,-1,-1
150531,砂砾样本,附近地面上的砂砾。,/images/items/QuestItem/TuDui.png,0,0,-1,-1,-1,0,-1,-1,-1,4000000,-1,10,0,0,0,null,-1,-1,1,0,-1,6,0,1,1,1,-1,-1
150532,奇怪的细胞,某个生物身上找到的细胞，有科学家对它很感兴趣~,/images/items/QuestItem/TuDui.png,0,0,-1,-1,-1,0,-1,-1,-1,4000000,-1,10,0,0,0,null,-1,-1,1,0,-1,6,0,1,1,1,-1,-1
