iId,sName,iType,sCategory,sParentId,iProvider,sProviderDialog,iAccepter,sAccepterDialog,sDescription,iSequentialGoal,iExpBonus,iCoinBonus,iDropConfig,iMinLevelRequire,iMaxLevelRequire,iCampRequire,sProfessionRequire,iProfessionStageRequire
110101,【曹魏之路】,1,对话型,-1,11,你就是新来的年轻人么。这里是我曹魏之都，你先下去熟悉下这里，我已经吩咐下去给你一些帮助和训练。我需要所有能共创霸业的有为之士，希望你不会让我失望。,93,你就是上头说的那个人么？帮助你？不是不行，但你有这个资格吗？,,0,2500,0,110201,10,100,1,-1,-1
110102,【信任危机】,1,战斗型,110101,93,向我证明你自己吧！在这个动乱的时代可不是任何人都值得我信任的。如今城外黄巾贼横行，去杀一些，好让我看看你的决心。,93,好吧，我就暂且相信你吧。,,0,5000,2000,-1,10,100,1,-1,-1
110103,【帮助市民】,1,收集型,110102,94,你好，新朋友！原谅武器屋老板吧，他经历了太多战争所以才对你有敌意。不过你这么厉害，能帮我收集点图样吗？,94,做得很好！我就知道你很不错！你一定能给我们带来好运的，那下次见咯！~,,0,3000,4000,-1,10,100,1,-1,-1
110201,【蜀汉之路】,1,对话型,-1,21,你就是新来的年轻人么。这里是我蜀汉之都，你先去了解下这里吧，我已经安排提供一些必须的帮助和训练给你。你这样的有志之士正是我最需要的，让我们一起匡扶汉室，拯救那些乱世中的百姓。,93,你就是上头说的那个人么？帮助你？不是不行，但你有这个资格吗？,,0,2500,0,110201,10,100,2,-1,-1
110202,【信任危机】,1,战斗型,110201,93,向我证明你自己吧！在这个动乱的时代可不是任何人都值得我信任的。如今城外黄巾贼横行，去杀一些，好让我看看你的决心。,93,好吧，我就暂且相信你吧。,,0,5000,2000,-1,10,100,2,-1,-1
110203,【帮助市民】,1,收集型,110202,94,你好，新朋友！原谅武器屋老板吧，他经历了太多战争所以才对你有敌意。不过你这么厉害，能帮我收集点图样吗？,94,做得很好！我就知道你很不错！你一定能给我们带来好运的，那下次见咯！~,,0,3000,4000,-1,10,100,2,-1,-1
110301,【孙吴之路】,1,对话型,-1,31,你就是新来的年轻人么。这里是我孙吴之都，你先出去四处看看吧，我已经替你准备好了必须的东西，具体内容会有人告诉你的。如今正是天下大乱之时，为了守护天下的人民，我想结束这个乱世，请你助我一臂之力。,93,你就是上头说的那个人么？帮助你？不是不行，但你有这个资格吗？,,0,2500,0,110201,10,100,3,-1,-1
110302,【信任危机】,1,战斗型,110301,93,向我证明你自己吧！在这个动乱的时代可不是任何人都值得我信任的。如今城外黄巾贼横行，去杀一些，好让我看看你的决心。,93,好吧，我就暂且相信你吧。,,0,5000,2000,-1,10,100,3,-1,-1
110303,【帮助市民】,1,收集型,110302,94,你好，新朋友！原谅武器屋老板吧，他经历了太多战争所以才对你有敌意。不过你这么厉害，能帮我收集点图样吗？,94,做得很好！我就知道你很不错！你一定能给我们带来好运的，那下次见咯！~,,0,3000,4000,-1,10,100,3,-1,-1
111101,【新兵训练】,1,战斗型,110103,111,你终于来了，我是本国新兵训练的负责人，每个加入我国的新人都必须在我这里接受训练，这也是为了你们以后着想。废话少说，先去进行第一项训练内容。,111,做的不错，赶快准备下一项训练吧。,,0,8500,11000,-1,11,100,1,-1,-1
111201,【新兵训练】,1,战斗型,110203,211,你终于来了，我是本国新兵训练的负责人，每个加入我国的新人都必须在我这里接受训练，这也是为了你们以后着想。废话少说，先去进行第一项训练内容。,211,做的不错，赶快准备下一项训练吧。,,0,8500,11000,-1,11,100,2,-1,-1
111301,【新兵训练】,1,战斗型,110303,311,你终于来了，我是本国新兵训练的负责人，每个加入我国的新人都必须在我这里接受训练，这也是为了你们以后着想。废话少说，先去进行第一项训练内容。,311,做的不错，赶快准备下一项训练吧。,,0,8500,11000,-1,11,100,3,-1,-1
112101,【训练之二】,1,战斗型,111101,111,你的第二项训练内容的目标要比上一次强一点，不过也只是些黄巾贼，相信你没有问题的，速去速回吧。,111,做的不错，赶快准备下一项训练吧。,,0,11000,12000,-1,12,100,1,-1,-1
112102,【训练之三】,1,对话型,112101,111,第三项训练内容是传令，在战场上我们总是需要正确和迅速的消息，所以传令是不可忽视的重要任务，尽快完成吧。,96,上头的命令吗？我知道了。,,0,3000,0,-1,12,100,1,-1,-1
112201,【训练之二】,1,战斗型,111201,211,你的第二项训练内容的目标要比上一次强一点，不过也只是些黄巾贼，相信你没有问题的，速去速回吧。,211,做的不错，赶快准备下一项训练吧,,0,11000,12000,-1,12,100,2,-1,-1
112202,【训练之三】,1,对话型,112201,211,第三项训练内容是传令，在战场上我们总是需要正确和迅速的消息，所以传令是不可忽视的重要任务，尽快完成吧。,96,上头的命令吗？我知道了。,,0,3000,0,-1,12,100,2,-1,-1
112301,【训练之二】,1,战斗型,111301,311,你的第二项训练内容的目标要比上一次强一点，不过也只是些黄巾贼，相信你没有问题的，速去速回吧。,311,做的不错，赶快准备下一项训练吧,,0,11000,12000,-1,12,100,3,-1,-1
112302,【训练之三】,1,对话型,112301,311,第三项训练内容是传令，在战场上我们总是需要正确和迅速的消息，所以传令是不可忽视的重要任务，尽快完成吧。,96,上头的命令吗？我知道了。,,0,3000,0,-1,12,100,3,-1,-1
113101,【击退干扰者】,1,战斗型,112102,96,上头命令我们提供军需物资，可是如今城外黄巾贼横行，我们很难出去收集必要的资材，能不能请你帮个忙，去消灭一些黄巾贼。,96,谢谢你，这下我们可以出城收集资材了。,,0,10200,7000,-1,13,100,1,-1,-1
113102,【回复命令】,1,对话型,113101,96,军需物资很快就能准备好，请你先回去告诉乐将军，说我们会按时送达的。,111,命令迅速而正确的传达了，你做的很好。,,0,3000,0,-1,13,100,1,-1,-1
113103,【训练之四】,1,收集型,113102,111,第四项训练，目标依然是黄巾贼，不过这次我要你把他们的头巾给我带回来，已经破了的可不行。,111,很好，你已经完成了第一阶段的新兵训练了。,,0,4200,7000,-1,13,100,1,-1,-1
113201,【击退干扰者】,1,战斗型,112202,96,上头命令我们提供军需物资，可是如今城外黄巾贼横行，我们很难出去收集必要的资材，能不能请你帮个忙，去消灭一些黄巾贼。,96,谢谢你，这下我们可以出城收集资材了。,,0,10200,7000,-1,13,100,2,-1,-1
113202,【回复命令】,1,对话型,113201,96,军需物资很快就能准备好，请你先回去告诉糜将军，说我们会按时送达的。,211,命令迅速而正确的传达了，你做的很好。,,0,3000,0,-1,13,100,2,-1,-1
113203,【训练之四】,1,收集型,113202,211,第四项训练，目标依然是黄巾贼，不过这次我要你把他们的头巾给我带回来，已经破了的可不行。,211,很好，你已经完成了第一阶段的新兵训练了。,,0,4200,7000,-1,13,100,2,-1,-1
113301,【击退干扰者】,1,战斗型,112302,96,上头命令我们提供军需物资，可是如今城外黄巾贼横行，我们很难出去收集必要的资材，能不能请你帮个忙，去消灭一些黄巾贼。,96,谢谢你，这下我们可以出城收集资材了。,,0,10200,7000,-1,13,100,3,-1,-1
113302,【回复命令】,1,对话型,113301,96,军需物资很快就能准备好，请你先回去告诉韩将军，说我们会按时送达的。,311,命令迅速而正确的传达了，你做的很好。,,0,3000,0,-1,13,100,3,-1,-1
113303,【训练之四】,1,收集型,113302,311,第四项训练，目标依然是黄巾贼，不过这次我要你把他们的头巾给我带回来，已经破了的可不行。,311,很好，你已经完成了第一阶段的新兵训练了。,,0,4200,7000,-1,13,100,3,-1,-1
114101,【正式任务】,1,对话型,113103,111,初步的训练你已经完成了，是时候让你执行一些正式任务了。我的一位同僚接受了主公的命令，正需要人手，你去他手下听候他的调遣吧。,112,你是刚完成训练的新兵？很好，我正需要人手。,,0,3100,0,-1,14,100,1,-1,-1
114102,【削减数量】,1,战斗型,114101,112,如今天下大乱，诸侯并起，眼下又有黄巾贼作乱。平定黄巾贼是当前最重要的任务，但是黄巾贼势力不小，我们要一步步来，先去消减一下他们的数量吧。,112,作为新兵来说你完成的很好。,,0,8000,7400,-1,14,100,1,-1,-1
114103,【保护补给线】,1,战斗型,114102,112,最近我们的补给线经常受到黄巾贼的骚扰，你这次的任务就是去消灭骚扰补给线的黄巾贼，保护补给线的安全。,112,这下补给线安全多了。,,0,10500,12000,-1,14,100,1,-1,-1
114201,【正式任务】,1,对话型,113203,211,初步的训练你已经完成了，是时候让你执行一些正式任务了。我的一位同僚接受了主公的命令，正需要人手，你去他手下听候他的调遣吧。,212,你是刚完成训练的新兵？很好，我正需要人手。,,0,3100,0,-1,14,100,2,-1,-1
114202,【削减数量】,1,战斗型,114201,212,如今天下大乱，诸侯并起，眼下又有黄巾贼作乱。平定黄巾贼是当前最重要的任务，但是黄巾贼势力不小，我们要一步步来，先去消减一下他们的数量吧。,212,作为新兵来说你完成的很好。,,0,8000,7400,-1,14,100,2,-1,-1
114203,【保护补给线】,1,战斗型,114202,212,最近我们的补给线经常受到黄巾贼的骚扰，你这次的任务就是去消灭骚扰补给线的黄巾贼，保护补给线的安全。,212,这下补给线安全多了。,,0,10500,12000,-1,14,100,2,-1,-1
114301,【正式任务】,1,对话型,113303,311,初步的训练你已经完成了，是时候让你执行一些正式任务了。我的一位同僚接受了主公的命令，正需要人手，你去他手下听候他的调遣吧。,312,你是刚完成训练的新兵？很好，我正需要人手。,,0,3100,0,-1,14,100,3,-1,-1
114302,【削减数量】,1,战斗型,114301,312,如今天下大乱，诸侯并起，眼下又有黄巾贼作乱。平定黄巾贼是当前最重要的任务，但是黄巾贼势力不小，我们要一步步来，先去消减一下他们的数量吧。,312,作为新兵来说你完成的很好。,,0,8000,7400,-1,14,100,3,-1,-1
114303,【保护补给线】,1,战斗型,114302,312,最近我们的补给线经常受到黄巾贼的骚扰，你这次的任务就是去消灭骚扰补给线的黄巾贼，保护补给线的安全。,312,这下补给线安全多了。,,0,10500,12000,-1,14,100,3,-1,-1
115101,【人手不足】,1,对话型,114103,112,现在的情况不容乐观，黄巾贼虽然是群乌合之众，但势力不可小看，前线吃紧，我听说乐将军那边又来了一批新兵，我希望他再增派些人手过来。,111,前线吃紧？我明白了，我会想办法的。,,0,3333,5400,-1,15,100,1,-1,-1
115102,【击退袭击者】,1,战斗型,115101,111,其实我这边的情况也并不好，黄巾贼经常前来袭击，我不得不迎战，新兵训练因此进展不快，你能不能替我去消灭一些黄巾贼，让他们不敢再来袭击。,111,虽然这次解决了，但我们不能这样坐以待毙。,,0,8000,5000,-1,15,100,1,-1,-1
115103,【回报情况】,1,对话型,115102,111,黄巾贼的袭击终于停止了，我会尽力训练新兵的，你回去李将军那边，告诉他训练完成以后我会给他增派人手的。,112,我知道了，现在只有靠我们前线的将士们自己努力了。,,0,5000,5000,-1,15,100,1,-1,-1
115201,【人手不足】,1,对话型,114203,212,现在的情况不容乐观，黄巾贼虽然是群乌合之众，但势力不可小看，前线吃紧，我听说糜将军那边又来了一批新兵，我希望他再增派些人手过来。,211,前线吃紧？我明白了，我会想办法的。,,0,3333,5400,-1,15,100,2,-1,-1
115202,【击退袭击者】,1,战斗型,115201,211,其实我这边的情况也并不好，黄巾贼经常前来袭击，我不得不迎战，新兵训练因此进展不快，你能不能替我去消灭一些黄巾贼，让他们不敢再来袭击。,211,虽然这次解决了，但我们不能这样坐以待毙。,,0,8000,5000,-1,15,100,2,-1,-1
115203,【回报情况】,1,对话型,115202,211,黄巾贼的袭击终于停止了，我会尽力训练新兵的，你回去孙将军那边，告诉他训练完成以后我会给他增派人手的。,212,我知道了，现在只有靠我们前线的将士们自己努力了。,,0,5000,5000,-1,15,100,2,-1,-1
115301,【人手不足】,1,对话型,114303,312,现在的情况不容乐观，黄巾贼虽然是群乌合之众，但势力不可小看，前线吃紧，我听说韩将军那边又来了一批新兵，我希望他再增派些人手过来。,311,前线吃紧？我明白了，我会想办法的。,,0,3333,5400,-1,15,100,3,-1,-1
115302,【击退袭击者】,1,战斗型,115301,311,其实我这边的情况也并不好，黄巾贼经常前来袭击，我不得不迎战，新兵训练因此进展不快，你能不能替我去消灭一些黄巾贼，让他们不敢再来袭击。,311,虽然这次解决了，但我们不能这样坐以待毙。,,0,8000,5000,-1,15,100,3,-1,-1
115303,【回报情况】,1,对话型,115302,311,黄巾贼的袭击终于停止了，我会尽力训练新兵的，你回去程将军那边，告诉他训练完成以后我会给他增派人手的。,312,我知道了，现在只有靠我们前线的将士们自己努力了。,,0,5000,5000,-1,15,100,3,-1,-1
118101,【夺取物资】,1,收集型,115103,112,之前敌人来袭击我们的补给线，我们也可以反其道而行之，去袭击他们的补给线，你去攻击他们的补给部队，夺取他们的物资。,112,很好，这样彼消此长，我们就有机会了。,,0,10000,10000,-1,18,100,1,-1,-1
118102,【支援前线】,1,对话型,118101,112,前线部队向我提出支援要求，你立刻去前线部队的将领那里报道，支援前线部队。,113,援军吗？来的正好。,,0,3700,5000,-1,18,100,1,-1,-1
118103,【强悍的原因】,1,收集型,118102,113,我的部队一直在讨伐附近的黄巾贼，保卫后方的安全，但是最近那些贼兵不知为什么突然变强悍了许多，我的部队有些抵挡不住。你去调查一些，他们为什么会突然变强。,113,你说他们是因为这种草药才突然变强的？,,0,10000,11000,-1,18,100,1,-1,-1
118104,【报告战况】,1,对话型,118103,113,我不知道这是什么草药，我会找人调查一下这种草药的来历的。现在你去向主公报告一下这里的情况。,113,得到主公的鼓励，我们前线将士的士气也提高了不少。前线暂时没有问题了，你可以去其他部队看看，也许会有需要支援的。,,0,5000,5000,-1,18,100,1,-1,-1
118201,【夺取物资】,1,收集型,115203,212,之前敌人来袭击我们的补给线，我们也可以反其道而行之，去袭击他们的补给线，你去攻击他们的补给部队，夺取他们的物资。,212,很好，这样彼消此长，我们就有机会了。,,0,10000,10000,-1,18,100,2,-1,-1
118202,【支援前线】,1,对话型,118201,212,前线部队向我提出支援要求，你立刻去前线部队的将领那里报道，支援前线部队。,213,援军吗？来的正好。,,0,3700,5000,-1,18,100,2,-1,-1
118203,【强悍的原因】,1,收集型,118202,213,我的部队一直在讨伐附近的黄巾贼，保卫后方的安全，但是最近那些贼兵不知为什么突然变强悍了许多，我的部队有些抵挡不住。你去调查一些，他们为什么会突然变强。,213,你说他们是因为这种草药才突然变强的？,,0,10000,11000,-1,18,100,2,-1,-1
118204,【报告战况】,1,对话型,118203,213,我不知道这是什么草药，我会找人调查一下这种草药的来历的。现在你去向主公报告一下这里的情况。,213,得到主公的鼓励，我们前线将士的士气也提高了不少。前线暂时没有问题了，你可以去其他部队看看，也许会有需要支援的。,,0,5000,5000,-1,18,100,2,-1,-1
118301,【夺取物资】,1,收集型,115303,312,之前敌人来袭击我们的补给线，我们也可以反其道而行之，去袭击他们的补给线，你去攻击他们的补给部队，夺取他们的物资。,212,很好，这样彼消此长，我们就有机会了。,,0,10000,10000,-1,18,100,3,-1,-1
118302,【支援前线】,1,对话型,118301,312,前线部队向我提出支援要求，你立刻去前线部队的将领那里报道，支援前线部队。,313,援军吗？来的正好。,,0,3700,5000,-1,18,100,3,-1,-1
118303,【强悍的原因】,1,收集型,118302,313,我的部队一直在讨伐附近的黄巾贼，保卫后方的安全，但是最近那些贼兵不知为什么突然变强悍了许多，我的部队有些抵挡不住。你去调查一些，他们为什么会突然变强。,313,你说他们是因为这种草药才突然变强的？,,0,10000,11000,-1,18,100,3,-1,-1
118304,【报告战况】,1,对话型,118303,313,我不知道这是什么草药，我会找人调查一下这种草药的来历的。现在你去向主公报告一下这里的情况。,313,得到主公的鼓励，我们前线将士的士气也提高了不少。前线暂时没有问题了，你可以去其他部队看看，也许会有需要支援的。,,0,5000,5000,-1,18,100,3,-1,-1
119101,【致命打击】,1,战斗型,118104,114,我听说过你的事，我正需要你的帮助。我军和黄巾贼的战斗已经进入了关键阶段。现在我们要狠恨的打击他们，才有可能找到突破口，请助我一臂之力。,114,这样一来，那些黄巾贼的势力也减弱了不少。,,0,10000,4000,-1,19,100,1,-1,-1
119102,【杀一儆百】,1,收集型,119101,114,我军已经开始了全面清剿黄巾贼的行动，但仍然有一部分黄巾贼在顽强抵抗，我们必须杀一儆百，去消灭一些黄巾贼，带回他们的信物。,114,只要把这些信物当街示众，黄巾贼就不敢抵抗我军了吧。,,0,6000,10000,-1,19,100,1,-1,-1
119201,【致命打击】,1,战斗型,118204,214,我听说过你的事，我正需要你的帮助。我军和黄巾贼的战斗已经进入了关键阶段。现在我们要狠恨的打击他们，才有可能找到突破口，请助我一臂之力。,214,这次有些成果了，我已经有些眉目了。,,0,10000,4000,-1,19,100,2,-1,-1
119202,【杀一儆百】,1,收集型,119201,214,我军已经开始了全面清剿黄巾贼的行动，但仍然有一部分黄巾贼在顽强抵抗，我们必须杀一儆百，去消灭一些黄巾贼，带回他们的信物。,214,哈哈，果然这次收获不小，你立了大功了！我要好好研究下这些东西。,,0,6000,10000,-1,19,100,2,-1,-1
119301,【致命打击】,1,战斗型,118304,314,我听说过你的事，我正需要你的帮助。我军和黄巾贼的战斗已经进入了关键阶段。现在我们要狠恨的打击他们，才有可能找到突破口，请助我一臂之力。,314,这次有些成果了，我已经有些眉目了。,,0,10000,4000,-1,19,100,3,-1,-1
119302,【杀一儆百】,1,收集型,119301,314,我军已经开始了全面清剿黄巾贼的行动，但仍然有一部分黄巾贼在顽强抵抗，我们必须杀一儆百，去消灭一些黄巾贼，带回他们的信物。,314,哈哈，果然这次收获不小，你立了大功了！我要好好研究下这些东西。,,0,6000,10000,-1,19,100,3,-1,-1
120101,【支援汝南】,1,对话型,119102,114,黄巾贼的大部队已经基本被消灭了，剩下些残党不成气候。但是却有许多山贼土匪趁成我军讨伐黄巾无暇它顾之时四处作乱，为祸不浅。现在是时候对付他们了。汝南的情况最严重，你去那里听候调遣吧。,121,你就是最近表现很突出的那个新兵吧？来的正是时候。,,0,4000,0,-1,20,100,1,-1,-1
120102,【剿灭山贼】,1,战斗型,120101,121,我军主力在和黄巾贼的战斗中损失不小，剩下的将士们也疲惫不堪，剿灭山贼只有靠我们了。马上投入战斗吧。,121,做的不错，我军有你这样的有能之人真是幸运。,,0,12000,0,-1,20,100,1,-1,-1
120103,【山贼大军】,1,战斗型,120102,121,山贼的数量竟然远超过我的估计，已经威胁到了本地居民的安全，为了我军能有稳固的后方必须剿灭他们。继续去消灭山贼吧。,121,这样就可以安排下一步行动了。,,0,12000,0,-1,20,100,1,-1,-1
120104,【勾结的贼寇】,1,战斗型,120103,121,还不能放松警惕，现在不光是山贼，连一些流氓土匪也和他们勾结作乱，马上去消灭他们。,121,这样一来，这里暂时会太平一些。,,0,12000,0,-1,20,100,1,-1,-1
120201,【支援巴州】,1,对话型,119202,214,黄巾贼的大部队已经基本被消灭了，剩下些残党不成气候。但是却有许多山贼土匪趁成我军讨伐黄巾无暇它顾之时四处作乱，为祸不浅。现在是时候对付他们了。巴州的情况最严重，你去那里听候调遣吧。,221,你就是最近表现很突出的那个新兵吧？来的正是时候。,,0,4000,0,-1,20,100,2,-1,-1
120202,【剿灭山贼】,1,战斗型,120201,221,我军主力在和黄巾贼的战斗中损失不小，剩下的将士们也疲惫不堪，剿灭山贼只有靠我们了。马上投入战斗吧。,221,做的不错，我军有你这样的有能之人真是幸运。,,0,12000,0,-1,20,100,2,-1,-1
120203,【山贼大军】,1,战斗型,120202,221,山贼的数量竟然远超过我的估计，已经威胁到了本地居民的安全，为了我军能有稳固的后方必须剿灭他们。继续去消灭山贼吧。,221,这样就可以安排下一步行动了。,,0,12000,0,-1,20,100,2,-1,-1
120204,【勾结的贼寇】,1,战斗型,120203,221,还不能放松警惕，现在不光是山贼，连一些流氓土匪也和他们勾结作乱，马上去消灭他们。,221,这样一来，这里暂时会太平一些。,,0,12000,0,-1,20,100,2,-1,-1
120301,【支援扬州】,1,对话型,119302,314,黄巾贼的大部队已经基本被消灭了，剩下些残党不成气候。但是却有许多山贼土匪趁成我军讨伐黄巾无暇它顾之时四处作乱，为祸不浅。现在是时候对付他们了。扬州的情况最严重，你去那里听候调遣吧。,321,你就是最近表现很突出的那个新兵吧？来的正是时候。,,0,4000,0,-1,20,100,3,-1,-1
120302,【剿灭山贼】,1,战斗型,120301,321,我军主力在和黄巾贼的战斗中损失不小，剩下的将士们也疲惫不堪，剿灭山贼只有靠我们了。马上投入战斗吧。,321,做的不错，我军有你这样的有能之人真是幸运。,,0,12000,0,-1,20,100,3,-1,-1
120303,【山贼大军】,1,战斗型,120302,321,山贼的数量竟然远超过我的估计，已经威胁到了本地居民的安全，为了我军能有稳固的后方必须剿灭他们。继续去消灭山贼吧。,321,这样就可以安排下一步行动了。,,0,12000,0,-1,20,100,3,-1,-1
120304,【勾结的贼寇】,1,战斗型,120303,321,还不能放松警惕，现在不光是山贼，连一些流氓土匪也和他们勾结作乱，马上去消灭他们。,321,这样一来，这里暂时会太平一些。,,0,12000,0,-1,20,100,3,-1,-1
121101,【复杂的山贼】,1,战斗型,120104,121,在你讨伐山贼和土匪的时候我进行了一些调查，似乎这些山贼土匪并不是这么简单。他们背后也许有其他势力的存在。现在需要你再去消灭一些土匪，让我的调查能顺利进行。,121,看来你也有些疲惫了，请休息一下吧，是你的努力带了这样短暂的休憩机会。,,0,15000,13000,-1,21,100,1,-1,-1
121102,【必须的情报】,1,收集型,121101,121,我的调查不大顺利，看来缺乏一些必须的情报，你去那些山贼土匪那找找，看看能不能找到些情报。,121,很好，有了这些情报调查会有很多进展。,,0,4000,19500,-1,21,100,1,-1,-1
121201,【复杂的山贼】,1,战斗型,120204,221,在你讨伐山贼和土匪的时候我进行了一些调查，似乎这些山贼土匪并不是这么简单。他们背后也许有其他势力的存在。现在需要你再去消灭一些土匪，让我的调查能顺利进行。,221,看来你也有些疲惫了，请休息一下吧，是你的努力带了这样短暂的休憩机会。,,0,15000,13000,-1,21,100,2,-1,-1
121202,【必须的情报】,1,收集型,121201,221,我的调查不大顺利，看来缺乏一些必须的情报，你去那些山贼土匪那找找，看看能不能找到些情报。,221,很好，有了这些情报调查会有很多进展。,,0,4000,19500,-1,21,100,2,-1,-1
121301,【复杂的山贼】,1,战斗型,120304,321,在你讨伐山贼和土匪的时候我进行了一些调查，似乎这些山贼土匪并不是这么简单。他们背后也许有其他势力的存在。现在需要你再去消灭一些土匪，让我的调查能顺利进行。,321,看来你也有些疲惫了，请休息一下吧，是你的努力带了这样短暂的休憩机会。,,0,15000,13000,-1,21,100,3,-1,-1
121302,【必须的情报】,1,收集型,121301,321,我的调查不大顺利，看来缺乏一些必须的情报，你去那些山贼土匪那找找，看看能不能找到些情报。,321,很好，有了这些情报调查会有很多进展。,,0,4000,19500,-1,21,100,3,-1,-1
122101,【增援】,1,战斗型,121102,121,我接到线报，黄巾残党又起，此事克不容缓，请你马上前去助阵。,114,谢谢你能回来，的确帮了我们大忙了！,,0,17000,20000,-1,22,100,1,-1,-1
122102,【抵御敌袭】,1,战斗型,122101,114,没想到黄巾残党依然有一些兵力，我军在清剿中被偷袭，损失惨重，现在只有靠你了，请你去消灭他们。,114,感谢你的及时支援。,,0,17000,20000,-1,22,100,1,-1,-1
122201,【增援】,1,战斗型,121202,221,我接到线报，黄巾残党又起，此事克不容缓，请你马上前去助阵。,214,谢谢你能回来，的确帮了我们大忙了！,,0,17000,20000,-1,22,100,2,-1,-1
122202,【抵御敌袭】,1,战斗型,122201,214,没想到黄巾残党依然有一些兵力，我军在清剿中被偷袭，损失惨重，现在只有靠你了，请你去消灭他们。,214,感谢你的及时支援。,,0,17000,20000,-1,22,100,2,-1,-1
122301,【增援】,1,战斗型,121302,321,我接到线报，黄巾残党又起，此事克不容缓，请你马上前去助阵。,314,谢谢你能回来，的确帮了我们大忙了！,,0,17000,20000,-1,22,100,3,-1,-1
122302,【抵御敌袭】,1,战斗型,122301,314,没想到黄巾残党依然有一些兵力，我军在清剿中被偷袭，损失惨重，现在只有靠你了，请你去消灭他们。,314,感谢你的及时支援。,,0,17000,20000,-1,22,100,3,-1,-1
123101,【黄巾的解药】,1,收集型,122102,114,不得不和你说一个尴尬的问题，之前在战斗中负伤的将士们的情况很不好，似乎中了毒。黄巾贼应该有这种毒的解药，请你去他们那里夺取解药。,114,谢谢，将士们有救了。,,0,10000,30000,-1,23,100,1,-1,-1
123102,【剿灭残党】,1,战斗型,123101,114,将士们终于恢复了健康，是时候彻底消灭黄巾残党了。出击吧！,114,这里终于再次恢复了宁静，感谢你！,,0,15000,5000,-1,23,100,1,-1,-1
123103,【新情况】,1,战斗型,123102,114,黄巾残党也被消灭了，这里暂时没事了，汝南那边似乎出现了新情况，你回去助阵吧。,121,我已经收到消息，你果然很出色。,,0,15000,5000,-1,23,100,1,-1,-1
123201,【黄巾的解药】,1,收集型,122202,214,不得不和你说一个尴尬的问题，之前在战斗中负伤的将士们的情况很不好，似乎中了毒。黄巾贼应该有这种毒的解药，请你去他们那里夺取解药。,214,谢谢，将士们有救了。,,0,10000,30000,-1,23,100,2,-1,-1
123202,【剿灭残党】,1,战斗型,123201,214,将士们终于恢复了健康，是时候彻底消灭黄巾残党了。出击吧！,214,这里终于再次恢复了宁静，感谢你！,,0,15000,5000,-1,23,100,2,-1,-1
123203,【新情况】,1,战斗型,123202,214,黄巾残党也被消灭了，这里暂时没事了，巴州那边似乎出现了新情况，你回去助阵吧。,221,我已经收到消息，你果然很出色。,,0,15000,5000,-1,23,100,2,-1,-1
123301,【黄巾的解药】,1,收集型,122302,314,不得不和你说一个尴尬的问题，之前在战斗中负伤的将士们的情况很不好，似乎中了毒。黄巾贼应该有这种毒的解药，请你去他们那里夺取解药。,314,谢谢，将士们有救了。,,0,10000,30000,-1,23,100,3,-1,-1
123302,【剿灭残党】,1,战斗型,123301,314,将士们终于恢复了健康，是时候彻底消灭黄巾残党了。出击吧！,314,这里终于再次恢复了宁静，感谢你！,,0,15000,5000,-1,23,100,3,-1,-1
123303,【新情况】,1,战斗型,123302,314,黄巾残党也被消灭了，这里暂时没事了，扬州那边似乎出现了新情况，你回去助阵吧。,321,我已经收到消息，你果然很出色。,,0,15000,5000,-1,23,100,3,-1,-1
124101,【调查之余】,1,战斗型,123103,121,我这里的调查有了一些眉目，看来那些土匪的确不是单纯的土匪，但他们的底细还是不清楚。虽然这样，也不能让他们继续作恶，去消灭一些吧。,121,总算是保住了，这也说明我们的研究方向对了，敌人开始害怕了。,,0,20000,17000,-1,24,100,1,-1,-1
124102,【试探性攻击】,1,战斗型,124101,121,知己知彼，百战百胜，如今敌暗我明，对我军非常不利。你去试探一下敌人的实力。,121,哈哈，果然和预想中一样，我的研究已经快要接近尾声了。只要耐心等待一下就好了。,,0,18000,15000,-1,24,100,1,-1,-1
124201,【调查之余】,1,战斗型,123203,221,我这里的调查有了一些眉目，看来那些土匪的确不是单纯的土匪，但他们的底细还是不清楚。虽然这样，也不能让他们继续作恶，去消灭一些吧。,221,总算是保住了，这也说明我们的研究方向对了，敌人开始害怕了。,,0,20000,17000,-1,24,100,2,-1,-1
124202,【试探性攻击】,1,战斗型,124201,221,知己知彼，百战百胜，如今敌暗我明，对我军非常不利。你去试探一下敌人的实力。,221,哈哈，果然和预想中一样，我的研究已经快要接近尾声了。只要耐心等待一下就好了。,,0,18000,15000,-1,24,100,2,-1,-1
124301,【调查之余】,1,战斗型,123303,321,我这里的调查有了一些眉目，看来那些土匪的确不是单纯的土匪，但他们的底细还是不清楚。虽然这样，也不能让他们继续作恶，去消灭一些吧。,321,总算是保住了，这也说明我们的研究方向对了，敌人开始害怕了。,,0,20000,17000,-1,24,100,3,-1,-1
124302,【试探性攻击】,1,战斗型,124301,321,知己知彼，百战百胜，如今敌暗我明，对我军非常不利。你去试探一下敌人的实力。,321,哈哈，果然和预想中一样，我的研究已经快要接近尾声了。只要耐心等待一下就好了。,,0,18000,15000,-1,24,100,3,-1,-1
125101,【调查结果】,1,对话型,124102,121,调查告一段落，这个锦囊里有我的调查结果，你把这锦囊带去给我军的讨伐部队队长于禁将军，然后听从他的安排。,122,参军的调查结果终于出来了么？很好。,,0,8000,6000,-1,25,100,1,-1,-1
125102,【不动声色】,1,战斗型,125101,122,以参军锦囊中的计策，我军现在应该不动声色的继续打击这些山贼土匪，这样他们背后的势力迟早会现身的，你速速依计行事。,122,没想到这么快幕后势力就现身了。,,0,22000,18000,-1,25,100,1,-1,-1
125201,【调查结果】,1,对话型,124202,221,调查告一段落，这个锦囊里有我的调查结果，你把这锦囊带去给我军的讨伐部队队长刘封将军，然后听从他的安排。,222,参军的调查结果终于出来了么？很好。,,0,8000,6000,-1,25,100,2,-1,-1
125202,【不动声色】,1,战斗型,125201,222,以参军锦囊中的计策，我军现在应该不动声色的继续打击这些山贼土匪，这样他们背后的势力迟早会现身的，你速速依计行事。,222,没想到这么快幕后势力就现身了。,,0,22000,18000,-1,25,100,2,-1,-1
125301,【调查结果】,1,对话型,124302,321,调查告一段落，这个锦囊里有我的调查结果，你把这锦囊带去给我军的讨伐部队队长刘封将军，然后听从他的安排。,322,参军的调查结果终于出来了么？很好。,,0,8000,6000,-1,25,100,3,-1,-1
125302,【不动声色】,1,战斗型,125301,322,以参军锦囊中的计策，我军现在应该不动声色的继续打击这些山贼土匪，这样他们背后的势力迟早会现身的，你速速依计行事。,322,没想到这么快幕后势力就现身了。,,0,22000,18000,-1,25,100,3,-1,-1
126101,【报告进展】,1,对话型,125102,122,原来是有个势力强大的诸侯正在煽动这些山贼土匪作乱，虽然还不知道具体是谁，但这种祸国殃民的行为决不是主公希望看到的。你马上带我的报告上呈主公。,11,竟然有诸侯敢作出此等大胆之事。我要让所有人知道和我曹某作对的下场！,,0,5000,8000,-1,26,100,1,-1,-1
126102,【主公的命令】,1,战斗型,126101,11,不管是谁，妨碍我取得天下的人绝不能允许。你马上回前线去，和前线将士一起尽全力阻止敌人的阴谋。,123,主公震怒，已下令全力剿灭敌军。我们必须马上行动。,,0,24000,15000,-1,26,100,1,-1,-1
126201,【报告进展】,1,对话型,125202,222,原来是有个势力强大的诸侯正在煽动这些山贼土匪作乱，虽然还不知道具体是谁，但这种祸国殃民的行为决不是主公希望看到的。你马上带我的报告上呈主公。,21,没想到竟然有诸侯不管天下黎民的安危作出此等恶行。,,0,5000,8000,-1,26,100,2,-1,-1
126202,【主公的命令】,1,战斗型,126201,21,大丈夫当以救国安民为已任，为了一已私欲而为祸天下之人实在可恶。请你和前线将士一起阻止敌人的阴谋。,223,主公震怒，已下令全力剿灭敌军。我们必须马上行动。,,0,24000,15000,-1,26,100,2,-1,-1
126301,【报告进展】,1,对话型,125202,322,原来是有个势力强大的诸侯正在煽动这些山贼土匪作乱，虽然还不知道具体是谁，但这种祸国殃民的行为决不是主公希望看到的。你马上带我的报告上呈主公。,31,原来如此，我也一直有此怀疑。,,0,5000,8000,-1,26,100,3,-1,-1
126302,【主公的命令】,1,战斗型,126201,31,如今天下大乱，身为统治者，应当以安民治国为先。在这种时候煽动山贼作乱实在是大逆不道。我已经调派人马清剿贼众。请你回前线助阵。,323,主公震怒，已下令全力剿灭敌军。我们必须马上行动。,,0,24000,15000,-1,26,100,3,-1,-1
127101,【没旗号的军队】,1,战斗型,126102,123,这些敌军不打旗号，恐怕只是些地方军阀，只是配合幕后的敌人行动而已。但我们也不能放过他们，事不宜迟，我们马上出发。,123,阁下果然身手不错。,,0,23000,16000,-1,27,100,1,-1,-1
127102,【公文和旗帜】,1,收集型,127101,123,参军传来消息，要我们收集些敌军的公文旗帜碎片给他调查，但我的部队暂时抽不出人手，请你代我一往吧,123,有你助力，胜过百人。,,0,12000,20000,-1,27,100,1,-1,-1
127201,【没旗号的军队】,1,战斗型,126202,223,这些敌军不打旗号，恐怕只是些地方军阀，只是配合幕后的敌人行动而已。但我们也不能放过他们，事不宜迟，我们马上出发。,223,阁下果然身手不错。,,0,23000,16000,-1,27,100,2,-1,-1
127202,【公文和旗帜】,1,收集型,127201,223,参军传来消息，要我们收集些敌军的公文旗帜碎片给他调查，但我的部队暂时抽不出人手，请你代我一往吧,223,有你助力，胜过百人。,,0,12000,20000,-1,27,100,2,-1,-1
127301,【没旗号的军队】,1,战斗型,126202,323,这些敌军不打旗号，恐怕只是些地方军阀，只是配合幕后的敌人行动而已。但我们也不能放过他们，事不宜迟，我们马上出发。,323,阁下果然身手不错。,,0,23000,16000,-1,27,100,3,-1,-1
127302,【公文和旗帜】,1,收集型,127201,323,参军传来消息，要我们收集些敌军的公文旗帜碎片给他调查，但我的部队暂时抽不出人手，请你代我一往吧,323,有你助力，胜过百人。,,0,12000,20000,-1,27,100,3,-1,-1
128101,【以攻为守】,1,战斗型,127102,123,参军正在研究之前送去的碎片，我军当前的任务就是稳住战线，我准备以攻为守，请你去袭击敌军侧翼，配合我的部队的行动。,123,行动还算顺利吗？,,0,25000,22000,-1,28,100,1,-1,-1
128102,【冲阵部队】,1,战斗型,128101,123,敌军的冲阵部队正在威胁我军的阵线，必须排除他们。冲阵兵的战斗力不弱，还有先锋营保护，你要万事小心。,123,没受伤吧？先休息一下吧。,,0,27000,20000,-1,28,100,1,-1,-1
128201,【以攻为守】,1,战斗型,127202,223,参军正在研究之前送去的碎片，我军当前的任务就是稳住战线，我准备以攻为守，请你去袭击敌军侧翼，配合我的部队的行动。,223,行动还算顺利吗？,,0,25000,22000,-1,28,100,2,-1,-1
128202,【冲阵部队】,1,战斗型,128201,223,敌军的冲阵部队正在威胁我军的阵线，必须排除他们。冲阵兵的战斗力不弱，还有先锋营保护，你要万事小心。,223,没受伤吧？先休息一下吧。,,0,27000,20000,-1,28,100,2,-1,-1
128301,【以攻为守】,1,战斗型,127302,323,参军正在研究之前送去的碎片，我军当前的任务就是稳住战线，我准备以攻为守，请你去袭击敌军侧翼，配合我的部队的行动。,323,行动还算顺利吗？,,0,25000,22000,-1,28,100,3,-1,-1
128302,【冲阵部队】,1,战斗型,128301,323,敌军的冲阵部队正在威胁我军的阵线，必须排除他们。冲阵兵的战斗力不弱，还有先锋营保护，你要万事小心。,323,没受伤吧？先休息一下吧。,,0,27000,20000,-1,28,100,3,-1,-1
129101,【夺取印信】,1,收集型,128102,123,参军传来消息，已经掌握了敌军的幕后主使。现在只缺证据，我军将向敌军发起攻击，而你的任务是趁此机会前往敌军帐内夺取敌军和幕后主使通信的证据。请你谨慎行事。,123,如此一来，铁证如山，此人为祸国家，必为天下英雄共讨之。,,0,15000,25000,-1,29,100,1,-1,-1
129102,【突击敌营】,1,战斗型,129101,123,既然敌军底细已经清楚，就没有必要犹豫了，我军将立即动员，彻底剿灭境内的敌军，请助我一臂之力。,123,干的好！这样一来敌军就无法危害我军境内的人民了。,,0,26000,15000,-1,29,100,1,-1,-1
129201,【夺取印信】,1,收集型,128202,223,参军传来消息，已经掌握了敌军的幕后主使。现在只缺证据，我军将向敌军发起攻击，而你的任务是趁此机会前往敌军帐内夺取敌军和幕后主使通信的证据。请你谨慎行事。,223,如此一来，铁证如山，此人为祸国家，必为天下英雄共讨之。,,0,15000,25000,-1,29,100,2,-1,-1
129202,【突击敌营】,1,战斗型,129201,223,既然敌军底细已经清楚，就没有必要犹豫了，我军将立即动员，彻底剿灭境内的敌军，请助我一臂之力。,223,干的好！这样一来敌军就无法危害我军境内的人民了。,,0,26000,15000,-1,29,100,2,-1,-1
129301,【夺取印信】,1,收集型,128302,323,参军传来消息，已经掌握了敌军的幕后主使。现在只缺证据，我军将向敌军发起攻击，而你的任务是趁此机会前往敌军帐内夺取敌军和幕后主使通信的证据。请你谨慎行事。,323,如此一来，铁证如山，此人为祸国家，必为天下英雄共讨之。,,0,15000,25000,-1,29,100,3,-1,-1
129302,【突击敌营】,1,战斗型,129301,323,既然敌军底细已经清楚，就没有必要犹豫了，我军将立即动员，彻底剿灭境内的敌军，请助我一臂之力。,323,干的好！这样一来敌军就无法危害我军境内的人民了。,,0,26000,15000,-1,29,100,3,-1,-1
130101,【洛阳之行】,1,对话型,129102,123,董卓本是凉州军阀，如今却趁乱进入洛阳控制了中央，还私下派兵四处掠夺，为天下所同恶。主公决定加入关东诸侯联军，你也在此列，准备好就去报道吧。,41,欢迎你来到关东联军的后方基地,,0,7000,6000,-1,30,100,1,-1,-1
130102,【后军需要物资】,1,收集型,130101,41,欢迎你加入联军行列，共同为剿灭乱臣，匡扶汉室。关东联军前军已发，后军正在整备。当务之急就是备齐物资，让后军放心出发，请你帮忙收集物资。,41,感谢你的帮助。,,0,15000,18000,-1,30,100,1,-1,-1
130103,【阻止侦察】,1,战斗型,130102,41,感谢你的帮助，后军已发，但董卓军似乎已经知道了我们的行动，派出部队侦察我们的情况，不能让他得逞，速速去消灭他们。,41,感谢你的帮助。,,0,28000,10000,-1,30,100,1,-1,-1
130201,【洛阳之行】,1,对话型,129202,222,董卓本是凉州军阀，如今却趁乱进入洛阳控制了中央，还私下派兵四处掠夺，为天下所同恶。主公决定加入关东诸侯联军，你也在此列，准备好就去报道吧。,41,欢迎你来到关东联军的后方基地,,0,7000,6000,-1,30,100,2,-1,-1
130202,【后军需要物资】,1,收集型,130201,41,欢迎你加入联军行列，共同为剿灭乱臣，匡扶汉室。关东联军前军已发，后军正在整备。当务之急就是备齐物资，让后军放心出发，请你帮忙收集物资。,41,感谢你的帮助。,,0,15000,18000,-1,30,100,2,-1,-1
130203,【阻止侦察】,1,战斗型,130202,41,感谢你的帮助，后军已发，但董卓军似乎已经知道了我们的行动，派出部队侦察我们的情况，不能让他得逞，速速去消灭他们。,41,感谢你的帮助。,,0,28000,10000,-1,30,100,2,-1,-1
130301,【洛阳之行】,1,对话型,129302,322,董卓本是凉州军阀，如今却趁乱进入洛阳控制了中央，还私下派兵四处掠夺，为天下所同恶。主公决定加入关东诸侯联军，你也在此列，准备好就去报道吧。,41,欢迎你来到关东联军的后方基地,,0,7000,6000,-1,30,100,3,-1,-1
130302,【后军需要物资】,1,收集型,130301,41,欢迎你加入联军行列，共同为剿灭乱臣，匡扶汉室。关东联军前军已发，后军正在整备。当务之急就是备齐物资，让后军放心出发，请你帮忙收集物资。,41,感谢你的帮助。,,0,15000,18000,-1,30,100,3,-1,-1
130303,【阻止侦察】,1,战斗型,130302,41,感谢你的帮助，后军已发，但董卓军似乎已经知道了我们的行动，派出部队侦察我们的情况，不能让他得逞，速速去消灭他们。,41,感谢你的帮助。,,0,28000,10000,-1,30,100,3,-1,-1
131001,【联军的考验】,1,战斗型,-1,41,你也希望加入联军的队伍？当然，联军欢迎所有的勇士加入，共讨逆贼。但是我们还是有标准的，必须通过几个考验才可以加入前线部队。请你先证明你的实力。,41,恭喜你，从现在开始你可以和木叶的忍者们一样在这里接受任务了。,,0,24000,10000,-1,31,100,-1,-1,-1
131002,【敌人的标记】,1,收集型,131001,41,这次的考验是从敌人那里找一些标记，以证明你的能力。,41,不要因为完成了D级任务就沾沾自喜，这种任务连忍者学校的学生都能完成。,,0,14000,24000,-1,31,100,-1,-1,-1
131003,【成为联军的一员】,1,战斗型,131002,41,通过这次考验就可以成为联军的一员了，请你不要放松，继续努力。,41,你已经是联军的一员了，欢迎你。,,0,28000,12000,-1,31,100,-1,-1,-1
132001,【向盟主报道】,1,对话型,131003,41,哨马回报，联军前军已经和董卓军接触，前线需要支援，请你速速前去。向联军盟主袁绍报道。,411,你是慕我的大名而来的吗？,,0,7000,6000,-1,32,100,-1,-1,-1
132002,【力所能及之事】,1,战斗型,132001,411,董卓废黜少帝，狼戾贼忍，暴虐不仁。我关东诸侯联军雄兵数十万，战将上千员，必能将其剿灭，重振汉室。你一个小卒，就干点力所能及的事，也能为联军出点力。,411,看不出你还有点能力。,,0,28000,13000,-1,32,100,-1,-1,-1
132003,【繁忙琐事】,1,收集型,132002,411,联军军力雄厚，人数众多，但也因此事务繁多。有些琐事，正规军一时可能抽不出人手，也许你可以去试一下。为联军收集一些敌军的情报。,411,很好，但是这些情报已经过时了。,,0,15000,24000,-1,32,100,-1,-1,-1
133001,【夺去的信件】,1,收集型,132003,411,我军的一队传令兵被敌人袭击了，他们身上各带有一封我发往各诸侯处的信件，此事很急，但我一时没有可调动的部队，你速去将其夺回。,411,你总算还是有些本事的。,,0,15000,24000,-1,33,100,-1,-1,-1
133002,【给公孙瓒的信】,1,对话型,133001,411,信件已经夺回，现在需要按原计划送往各处。但是因为之前的袭击，我军的传令兵人手不足，我觉得你应该可以担任这个任务，将这封信带去交给北平太守公孙瓒。,412,袁绍的来信么？,,0,8000,6000,-1,33,100,-1,-1,-1
133003,【试探敌人】,1,战斗型,133002,412,信中催促我军尽快进军。但董卓除了原来的凉州兵马，如今又掌握了原属于京城的羽林军，战力强盛，恐怕一时之间难以取胜。你先去试探一下敌军的虚实。,412,虽然你打败了敌军，但也不可轻敌。,,0,28000,14000,-1,33,100,-1,-1,-1
134001,【公孙瓒的看法】,1,对话型,133003,412,目前来看，敌军士气高昂，现在与其战，就算取胜我军也难免损失惨重。我认为坚守为上，待敌锐气丧去，可一战而破。你回去向袁绍回报。,411,什么？竟然不听盟主号令！,,0,8000,6000,-1,34,100,-1,-1,-1
134002,【知已知彼】,1,收集型,134001,411,公孙瓒不听号令，我军也只能另行安排。兵法云：知已知彼，百战不殆。去敌人身上找找，看看能找到什么情报。,411,什么？敌军准备袭击前军？,,0,15000,22000,-1,34,100,-1,-1,-1
134003,【提防袭击】,1,对话型,134002,411,此事非常紧急，你再去公孙瓒那里一次，告诉他这个消息。让他提防敌军的袭击。,412,敌军企图袭击我军？,,0,8000,6000,-1,34,100,-1,-1,-1
134004,【是真是假？】,1,收集型,134003,412,敌军的行动非常可疑，这个情报是真是假无法判断，也许他们是想引诱我军出击也不一定。你去找一下敌军行动的证据。,412,原来情报是真的！,,0,15000,22000,-1,34,100,-1,-1,-1
135001,【先发制人】,1,战斗型,134004,412,我是不会让敌军得逞的！我们必须先发制人，粉碎敌人的袭击！我们兵分两路，在敌军行动之前将他们消灭！,412,很好，敌军的袭击已经被我们粉碎了。,,0,28000,12000,-1,35,100,-1,-1,-1
135002,【催促兵粮】,1,对话型,135001,412,我军取得了胜利，但是战斗中的消耗也不小，最重要的是兵粮将尽。你带我的传令去总督粮草的后将军袁术那里，催他速发兵粮。,413,你是谁？有什么事吗？,,0,8000,7000,-1,35,100,-1,-1,-1
135003,【粮道巡逻】,1,战斗型,135002,413,公孙瓒军的兵粮早已备好，但我收到消息，有敌军在粮道出没，粮草难以运达。你去粮道上巡逻一下，如果发现了敌军就赶跑他们。,413,已经回来了？你到底有没有办好。,,0,29000,13000,-1,35,100,-1,-1,-1
136001,【搜寻根据地】,1,收集型,135003,413,虽然你说已经赶走了敌军，但兵粮事关重大，不得不慎之又慎。你去粮道附近的敌军那里看看能不能找到他们的根据地。方便我们行动。,413,看吧。果然还有敌军出没。,,0,15000,24000,-1,36,100,-1,-1,-1
136002,【确保粮道】,1,战斗型,136001,413,粮道始终有敌军出没，这样下去兵粮无法运到前线。看来还是要彻底消灭他们，你去攻击他们的根据地，清除他们对粮道的威胁。,413,好吧，兵粮可以发出了。,,0,30000,14000,-1,36,100,-1,-1,-1
136003,【回报公孙瓒】,1,对话型,136002,413,兵粮已发，你先回去向公孙瓒回报，说兵粮不日可到。,412,怎么回来的这么慢。,,0,8000,7000,-1,36,100,-1,-1,-1
137001,【夺取兵粮】,1,收集型,136003,412,不日可到？我军兵粮已尽，不日可到是什么时候！没办法，只有我们自己想办法了。后方兵粮运到前，就去夺取敌人的兵粮！,412,总算是夺取了一些兵粮。,,0,16000,24000,-1,37,100,-1,-1,-1
137002,【迎击敌军】,1,战斗型,137001,412,之前夺回的兵粮可以让我军支持几日，但敌军肯定不会就此甘心，必会派兵前来攻击我军试图夺回兵粮，我军当然不会让他们得逞，前去迎击敌军！,412,很好，暂时可以安心了。,,0,31000,14000,-1,37,100,-1,-1,-1
137003,【拜会孙坚】,1,对话型,137002,412,长沙太守孙坚是联军先锋，此人是一员勇将，已经攻入敌军阵地。方才我收到他的消息，说需要支援，你可以前去看看。,414,我就是孙坚，你是来支援的么。,,0,8000,7000,-1,37,100,-1,-1,-1
138001,【稳住战线】,1,战斗型,137003,414,我军斩将破阵，连下董卓军数阵，敌军本已退守汜水关不出，朝夕可破。可后方粮草突然中断，我军陷入饥荒，被敌军趁势攻击，损失了不少人马。现在必须先讨回一阵，稳住战线。,414,敌军暂时应该不会再来了。,,0,32000,14000,-1,38,100,-1,-1,-1
138002,【兵粮疑云】,1,对话型,138001,414,我已经稳住军队，但没有兵粮也只是坐以待毙，我亲自去找督粮的袁将军催粮。你替我去传令给公孙太守请他在这段时间掩护我军的侧翼。,414,这样我军可以继续进攻了。,,0,9000,7000,-1,38,100,-1,-1,-1
138003,【寻找战机】,1,收集型,138002,414,打仗就是较量双方的力量和智谋，因为之前的事情我军失去了一个战机。但我们可以再找一个战机，你去试探一下敌军，看看他们有没有可乘之机。,414,什么！董贼要侠汉帝西迁长安！,,0,17000,25000,-1,38,100,-1,-1,-1
139001,【通知盟主】,1,对话型,138003,414,机不可失，我军必须立即行动。你带着之前找到的信物去见盟主，让他马上发兵，定能一举攻破洛阳城，将董贼碎尸万断！,411,孙太守的消息么？,,0,9000,7000,-1,39,100,-1,-1,-1
139002,【突击！】,1,战斗型,139001,411,文台勇烈，果不负所望。我会通知各路诸侯行动，你先前往，配合文台突击敌军。,414,你回来了？联军怎么还没有行动？,,0,33000,15000,-1,39,100,-1,-1,-1
139003,【董卓的去向】,1,收集型,139002,414,可恶！联军坐拥数十万之众，却都按兵不动，放董贼西迁！如今董贼大队已尽夺洛阳财物而去，只留下一些小部队四处放火阻挡我军。我军忙于救火，请你去看看能不能找回一些被夺的财物。,414,唉，汉室危也。,,0,16000,25000,-1,39,100,-1,-1,-1
140001,【孙坚离去】,1,对话型,139003,414,诸侯都无救国之心，只顾自己利益，拥兵自重，放董贼而不追，联军恐怕不会成功了。我势单力薄，难以为继，只好撤兵回乡了，请你向袁绍通报一声。,411,什么？文台竟然自己回乡了！,,0,9000,8000,-1,40,100,-1,-1,-1
140002,【调查驻地】,1,战斗型,140001,411,文台突然撤兵，其中恐怕另有内情，这件事我想了解清楚。你去文台在洛阳的驻地看看有什么线索。,411,发现了什么没有？,,0,33000,14000,-1,40,100,-1,-1,-1
140003,【联军的最后】,1,战斗型,140002,411,如今董卓已经逃遁，想来也不敢再有什么举动。联军粮尽，必须各自退兵了。我身为盟主，将殿后的大任交给你，你应该感到光荣。完成以后，你就去后方听调吧。,41,没想到联军有始无终，真是让天下人失望。,,0,34000,15000,-1,40,100,-1,-1,-1
141001,【祸乱又起】,1,收集型,140004,41,诸侯联军已散。本以为天下少安。谁想祸乱又起。袁术不知从哪里得到了汉室至宝“传国玉玺”，如今他在寿春称帝，昏庸无道，法纪不昌。汉帝下诏，令各路诸侯共伐之。现在令你搜集一批粮草送至军前。,421,辛苦了，先休息一下吧。,,0,15000,23000,-1,41,100,-1,-1,-1
141002,【新人测试】,1,战斗型,141001,421,伪帝袁术大逆不道，诸侯共伐之。我奉命领兵，我欢迎所有前来助阵的勇士。我会根据你的能力安排合适的任务给你，那么先让我测试一下你的实力吧。,421,做的好，看来你的实力相当不错。,,0,31000,13000,-1,41,100,-1,-1,-1
141003,【恢复补给线】,1,战斗型,141002,421,我军之前经历了一场恶战，因此补给中断。目前当务之急是排除补给线附近的敌军，恢复补给线。,421,不错，补给线恢复了。,,0,32000,14000,-1,41,100,-1,-1,-1
141004,【搜寻敌情】,1,收集型,141003,421,伪帝袁术虽然昏庸无道，但其盘踞淮南之地已久，根基颇深，急切难下。方今之计，当先搜集情报。勇士，请你去敌人那里，搜寻他们的军文。,421,我会尽快分析这些军文，了解敌军情况。,,0,14000,22000,-1,41,100,-1,-1,-1
142001,【讨逆将军孙策】,1,对话型,141004,421,讨逆将军孙策奉诏讨术，今已提兵前来，汝可速去他帐前听调。,422,来的好。,,0,8000,6000,-1,42,100,-1,-1,-1
142002,【安全扎营】,1,战斗型,142001,422,我本是袁术部将，但其反复无常，有功不赏。我早已离开他自谋发展。如今他大逆不道，我身为忠臣之后，自当为国家剿灭反贼。但我军初至，扎营未定，此时最怕被敌人袭击，请你消灭一些敌军，让我可以安心扎营。,422,感谢你的帮助。,,0,30000,13000,-1,42,100,-1,-1,-1
142003,【安营报告】,1,对话型,142002,422,安营已定，现在可以大展拳脚了，请你回报夏侯大人，策随时准备作战。,422,好，那就让我们开始行动吧。,,0,8000,6000,-1,42,100,-1,-1,-1
142004,【削弱敌军】,1,战斗型,142003,422,我军的第一步行动就是尽量削弱袁术军的兵力，以让我军今后的行动减少阻碍，请助我一臂之力。,422,很好。,,0,30000,14000,-1,42,100,-1,-1,-1
143001,【战争的准备】,1,收集型,142004,422,下一步是作好战争的准备，兵者，凶器也。用兵前必须准备充分。请为我收集一些铠甲战具，以提升我军战力。,422,准备完毕，我们可以开战了。,,0,15000,25000,-1,43,100,-1,-1,-1
143002,【兵贵神速】,1,战斗型,143001,422,既然我军已经准备完毕，就不能留给敌人喘息的机会。兵贵神速，立即出击！,422,勇士果然不同凡响/,,0,31000,14000,-1,43,100,-1,-1,-1
143003,【破伏兵】,1,战斗型,143002,422,敌军自作聪明，想设伏兵对付我军，却行事不密，被我军发现。让那些伏兵为他们的愚蠢付出代价吧！,422,老天还是保佑着我们孙家。,,0,32000,14000,-1,43,100,-1,-1,-1
144001,【联络任务】,1,对话型,143003,422,敌军本队退入城中，我军围城于此，现在需要和其他各军联络。请你带我的口信，去找镇东将军吕布的部将陈宫，和他约定攻城事宜。,423,我知道了，我已经想好计划了。,,0,8000,6000,-1,44,100,-1,-1,-1
144002,【拔除据点】,1,战斗型,144001,423,袁术军本队坚守不出，但城外还有些敌军据点。为了我军攻城时背后无忧，必须先拔除他们，你可依计而行。,423,很好。,,0,31000,14000,-1,44,100,-1,-1,-1
144003,【夺回密件】,1,收集型,144002,423,我之前派出传令兵送一封密件给孙将军，今天却发现了他已经身首异处，密件也丢失了。必须在敌人解读密件前找回来！,423,谢谢，这封密件很重要。,,0,16000,22000,-1,44,100,-1,-1,-1
145001,【争取时间】,1,战斗型,144003,423,幸亏夺回了密件，我的计划可以继续。但是由于夺回密件花了一些时间，我们必须把这些时间争取回来。敌军甲士是计划的一个账碍，设法排除他们。,423,你又帮了我一次。,,0,30000,12000,-1,45,100,-1,-1,-1
145002,【频繁的攻击】,1,战斗型,145001,423,敌军最近频繁的对我军发动攻击，可能已经从密件中知道了一部份的计划。因此还不能放松警惕，速去击退敌军。,423,勇士，有没有兴趣加入我军。,,0,31000,10000,-1,45,100,-1,-1,-1
145003,【研究弓弩】,1,收集型,145002,423,敌军使用弓弩手构成防线，这对我军的攻城作战是个威胁。去敌军那里夺取一些弓弩零件，我要研究一下敌军弓弩的弱点。,423,很好。,,0,17000,23000,-1,45,100,-1,-1,-1
146001,【准备就绪】,1,对话型,145003,423,攻城的障碍基本都清除了，现在就看我军英勇的将士们了。你去找吕布将军，告诉他一切准备就绪。,424,哼，很好！,,0,7000,6000,-1,46,100,-1,-1,-1
146002,【清除杂鱼】,1,战斗型,146001,424,攻城的事就交给我军吧。有几个杂鱼最近总在我军阵地附近鬼鬼祟祟行动，去把他们全清除了。,424,果然是杂鱼嘛。,,0,31000,12000,-1,46,100,-1,-1,-1
146003,【突击部队】,1,战斗型,146002,424,敌军又派出部队突击我军侧翼，虽然也不过是几个杂鱼，但留着总是麻烦，全把他们也消灭了。,424,哼，该让他们看看什么是真正的突击。,,0,32000,13000,-1,46,100,-1,-1,-1
146004,【杀鸡无需牛刀】,1,对话型,146003,424,城外敌军不堪一击，根本不需要我亲自出手。去告诉后方将领，让他派兵收拾城外残兵。我军负责攻城。,421,此人真是反复无常。,,0,8000,5000,-1,46,100,-1,-1,-1
147001,【试探攻击】,1,战斗型,146004,421,也罢，城外敌军就由我军负责。首先发动一次试探性攻击吧。,421,恩，战况还不明朗。,,0,32000,15000,-1,47,100,-1,-1,-1
147002,【守卫屯粮地】,1,战斗型,147001,421,战况出呼我们的预料，敌军派出了精锐部队攻击我军的粮道，一支敌军尖刀队正在向我军屯粮地前进，速去阻止他们。,421,危机还没有过去。,,0,33000,13000,-1,47,100,-1,-1,-1
147003,【借粮】,1,对话型,147002,421,敌军部队撤退前还是烧毁了我军部分粮草，我军17万大军日费粮食数千石。为近之计，只有去找孙将军借些粮食，等后方粮食运到了。,421,孙将军慷慨相助，让人佩服。,,0,7000,15000,-1,47,100,-1,-1,-1
148001,【潜入调查】,1,战斗型,147003,421,我现在需要你潜入敌人的基地调查他们的兵力，快去快回。,421,看来他们近期要有大行动了。,,0,33000,13000,-1,48,100,-1,-1,-1
148002,【新的指示】,1,对话型,148001,421,孙策将军传来消息，说截获了敌军消息，你去他帐前听调。,422,等你很久了。,,0,9000,9000,-1,48,100,-1,-1,-1
148003,【可疑的家伙】,1,收集型,148002,422,我军抓获了一名敌军信使，伪帝袁术在此地住不下了，试图归帝号于其兄袁绍。我们需要知道他的行进路线。去敌军那里寻找他们的军文吧。,422,原来如此。,,0,16000,25000,-1,48,100,-1,-1,-1
148004,【需要建议】,1,对话型,148003,422,袁术计划取道徐州前往河北，其车骑已经出发。徐州是镇东将军吕布的领地，其军正布防在此地向徐州去的大道。拦截袁术军的任务必须得到他的帮助，请你去他那里商量事宜。,424,什么？需要我的帮助？,,0,10000,6000,-1,48,100,-1,-1,-1
149001,【相互帮助】,1,战斗型,148004,424,我当然不会让袁术逃出我的防线。但是敌军近日连夜偷袭我军营塞，使我军将士颇为疲惫，你为我军防备敌军夜袭，我去安排设防。,424,好！,,0,34000,14000,-1,49,100,-1,-1,-1
149002,【准备接应】,1,对话型,149001,424,我军已经休整完毕，袁术逃不出我的掌心，你可以去通报后方指挥官，让他准备好接应。,421,我知道了，我会安排的。,,0,10000,10000,-1,49,100,-1,-1,-1
149003,【军令书】,1,收集型,149002,421,袁术本队已经南渡淮水，只留下几队残兵留守寿春，我军要尽快攻破寿春，追击袁术军。前往敌军营地寻找敌军的军令书，了解敌军情况。,421,攻破寿春只是时间问题了。,,0,17000,26000,-1,49,100,-1,-1,-1
150001,【攻心为上】,1,战斗型,149003,421,从军令书中来看，敌军留守部队士气低下，无心恋战，我想对他们发动几次袭击他们应该就会弃城而去。行动吧。,421,你做的非常好。,,0,33000,14000,-1,50,100,-1,-1,-1
150002,【攻陷寿春】,1,战斗型,150001,421,敌军已经溃不成军，攻下寿春在此一举，出发吧！,421,你出色的完成了你的任务。,,0,34000,15000,-1,50,100,-1,-1,-1
150003,【结果汇报】,1,对话型,150002,421,寿春已被我军占领，伪帝袁术已是冢中枯骨，早晚自灭。感谢你的努力，你可以回襄阳去了。,41,勇士为天下除一大害，真是天下英雄。,,0,9000,11000,-1,50,100,-1,-1,-1
150004,【上等的补给】,1,收集型,150003,41,袁术军大部分已经撤离寿春，留下了不少私造的宫室禁物，其中一部分被其残兵掠夺。我们不能让这些东西散落民间，去把他们找回来。,41,真乃天人也。,,0,17000,26000,-1,50,100,-1,-1,-1
150005,【新的试炼】,1,对话型,150004,41,有句话叫做知人知面不知心，不久前和我们并肩作战的镇东将军吕布，如今却投向了伪帝袁术一方。,431,欢迎来到龙珠大陆，我们这里需要你这样的勇士。,,0,8000,12000,-1,50,100,-1,-1,-1
211101,【剿杀黄巾贼】,3,战斗型,-1,11,黄巾贼最近四处作祟，我们要削弱他们的兵力。去杀掉一名黄巾枪兵，一名黄巾剑兵和一名黄巾刀兵，回来向我复命。,11,干得好，不愧是魏国的勇士！但是现在还不是松懈的时候。,,0,5000,5000,-1,11,100,1,-1,-1
211201,【剿杀黄巾贼】,3,战斗型,-1,21,黄巾贼最近四处作祟，我们要削弱他们的兵力。去杀掉一名黄巾枪兵，一名黄巾剑兵和一名黄巾刀兵，回来向我复命。,21,干得好，不愧是蜀国的勇士！但是现在还不是松懈的时候。,,0,5000,5000,-1,11,100,2,-1,-1
211301,【剿杀黄巾贼】,3,战斗型,-1,31,黄巾贼最近四处作祟，我们要削弱他们的兵力。去杀掉一名黄巾枪兵，一名黄巾剑兵和一名黄巾刀兵，回来向我复命。,31,干得好，不愧是吴国的勇士！但是现在还不是松懈的时候。,,0,5000,5000,-1,11,100,3,-1,-1
215101,【答谢】,3,对话型,-1,111,前方的军备有了保障，我也就能放心了。我这边抽不开身，能替我去答谢他吗？,111,嗯，勇士！向着前线进发吧。,,0,5500,0,-1,15,100,1,-1,-1
215102,【负隅顽抗】,3,战斗型,215101,111,黄巾小贼们依旧负隅顽抗？要让他们知道与我们作对只有死路一条！去杀死一名黄巾伍长和一名黄巾弓兵，回来向我复命。,111,哼，这下他们就老实了。壮士辛苦了！,,0,5500,5000,-1,15,100,1,-1,-1
215201,【答谢】,3,对话型,-1,211,前方的军备有了保障，我也就能放心了。我这边抽不开身，能替我去答谢他吗？,211,壮士辛苦了，但现在并不是休息的时候，还有新的任务等着你完成。,,0,5500,0,-1,15,100,2,-1,-1
215202,【负隅顽抗】,3,战斗型,215201,211,黄巾小贼们依旧负隅顽抗？要让他们知道与我们作对只有死路一条！去杀死一名黄巾伍长和一名黄巾弓兵，回来向我复命。,211,哼，这下他们就老实了。壮士辛苦了！,,0,5500,5000,-1,15,100,2,-1,-1
215301,【答谢】,3,对话型,-1,311,前方的军备有了保障，我也就能放心了。我这边抽不开身，能替我去答谢他吗？,311,你的出色行动又为我们吴军增添了荣耀。,,0,5500,0,-1,15,100,3,-1,-1
215302,【负隅顽抗】,3,战斗型,215301,311,黄巾小贼们依旧负隅顽抗？要让他们知道与我们作对只有死路一条！去杀死一名黄巾伍长和一名黄巾弓兵，回来向我复命。,311,哼，这下他们就老实了。壮士辛苦了！,,0,5500,5000,-1,15,100,3,-1,-1
216101,【截杀奇兵】,3,战斗型,-1,111,我军的探子密保打听到黄巾军正有一支弓手和突击兵组成的奇兵向我们袭来，这些家伙还想耍小聪明？！去干掉他们！,111,哈哈哈哈，这帮逆贼居然妄想算计我等大军。,,0,8000,0,-1,16,100,1,-1,-1
216102,【拜见李中郎】,3,对话型,216101,111,做的不错，李中郎李典听说了你的战绩，很想见见你。快去吧。,112,壮士，久仰久仰！,,0,3400,5600,-1,16,100,1,-1,-1
216103,【战斗的召唤】,3,收集型,216102,112,马上我们就要攻入黄巾贼的据点啦！但是攻城器明显不够，去收集点木材来吧。,112,做得好！魏军就需要你这样的人才！,,0,6300,8000,-1,16,100,1,-1,-1
216201,【截杀奇兵】,3,战斗型,-1,211,我军的探子密保打听到黄巾军正有一支弓手和突击兵组成的奇兵向我们袭来，这些家伙还想耍小聪明？！去干掉他们！,211,哈哈哈哈，这帮逆贼居然妄想算计我等大军。,,0,8000,0,-1,16,100,2,-1,-1
216202,【拜见孙中郎】,3,对话型,216201,211,做的不错，孙中郎孙乾听说了你的战绩，很想见见你。快去吧。,212,壮士，久仰久仰！,,0,3400,5600,-1,16,100,2,-1,-1
216203,【战斗的召唤】,3,收集型,216202,212,马上我们就要攻入黄巾贼的据点啦！但是攻城器明显不够，去收集点木材来吧。,212,做得好！蜀军就需要你这样的人才！,,0,6300,8000,-1,16,100,2,-1,-1
216301,【截杀奇兵】,3,战斗型,-1,311,我军的探子密保打听到黄巾军正有一支弓手和突击兵组成的奇兵向我们袭来，这些家伙还想耍小聪明？！去干掉他们！,311,哈哈哈哈，这帮逆贼居然妄想算计我等大军。,,0,8000,0,-1,16,100,3,-1,-1
216302,【拜见程公】,3,对话型,216301,311,做的不错，程公程普听说了你的战绩，很想见见你。快去吧。,312,壮士，久仰久仰！,,0,3400,5600,-1,16,100,3,-1,-1
216303,【战斗的召唤】,3,收集型,216302,312,马上我们就要攻入黄巾贼的据点啦！但是攻城器明显不够，去收集点木材来吧。,312,做得好！吴军就需要你这样的人才！,,0,6300,8000,-1,16,100,3,-1,-1
217101,【借阅】,3,收集型,-1,112,最近黄巾贼的动向很不明晰啊，去找他们的兵长借份作战计划来看看。,112,原来如此，黄巾贼开始打退堂鼓了，哈哈。,,0,6000,5000,-1,17,100,1,-1,-1
217102,【箭如疾风】,3,收集型,217101,112,很好，我们准备对附近据点的黄巾贼进行一次大的扫荡，首先让我们把兵器准备好，目前我们弓箭不是很充足，去找那些黄巾贼们借些弓箭吧！,112,哈哈哈哈，好！有你这样的勇士，我们足够装备一支精良的弓箭兵队伍了。,,0,6000,5000,-1,17,100,1,-1,-1
217103,【兵如猛虎】,3,收集型,217102,112,嗯，物资并不是很丰沛，我们还需要一些近战的兵器，去吧！我的战士！,112,很好！这下我们也有一支装备精良的大军了！,,0,6000,5000,-1,17,100,1,-1,-1
217104,【向乐进回报】,3,对话型,217103,112,我军已经整装待发了，向乐进大人回报吧。,111,壮士辛苦！黄巾贼之破指日可待了。,,0,3500,3000,-1,17,100,1,-1,-1
217201,【借阅】,3,收集型,-1,212,最近黄巾贼的动向很不明晰啊，去找他们的兵长借份作战计划来看看。,212,原来如此，黄巾贼开始打退堂鼓了，哈哈。,,0,6000,5000,-1,17,100,2,-1,-1
217202,【箭如疾风】,3,收集型,217201,212,很好，我们准备对附近据点的黄巾贼进行一次大的扫荡，首先让我们把兵器准备好，目前我们弓箭不是很充足，去找那些黄巾贼们借些弓箭吧！,212,哈哈哈哈，好！有你这样的勇士，我们足够装备一支精良的弓箭兵队伍了。,,0,6000,5000,-1,17,100,2,-1,-1
217203,【兵如猛虎】,3,收集型,217202,212,嗯，物资并不是很丰沛，我们还需要一些近战的兵器，去吧！我的战士！,212,很好！这下我们也有一支装备精良的大军了！,,0,6000,5000,-1,17,100,2,-1,-1
217204,【向糜芳回报】,3,对话型,217203,212,我军已经整装待发了，向糜芳大人回报吧。,211,壮士辛苦！黄巾贼之破指日可待了。,,0,3500,3000,-1,17,100,2,-1,-1
217301,【借阅】,3,收集型,-1,312,最近黄巾贼的动向很不明晰啊，去找他们的兵长借份作战计划来看看。,312,原来如此，黄巾贼开始打退堂鼓了，哈哈。,,0,6000,5000,-1,17,100,3,-1,-1
217302,【箭如疾风】,3,收集型,217301,312,很好，我们准备对附近据点的黄巾贼进行一次大的扫荡，首先让我们把兵器准备好，目前我们弓箭不是很充足，去找那些黄巾贼们借些弓箭吧！,312,哈哈哈哈，好！有你这样的勇士，我们足够装备一支精良的弓箭兵队伍了。,,0,6000,5000,-1,17,100,3,-1,-1
217303,【兵如猛虎】,3,收集型,217302,312,嗯，物资并不是很丰沛，我们还需要一些近战的兵器，去吧！我的战士！,312,很好！这下我们也有一支装备精良的大军了！,,0,6000,5000,-1,17,100,3,-1,-1
217304,【向韩当回报】,3,对话型,217303,312,我军已经整装待发了，向韩当大人回报吧。,311,壮士辛苦！黄巾贼之破指日可待了。,,0,3500,3000,-1,17,100,3,-1,-1
220101,【黄巾军的末日】,3,战斗型,-1,113,准备发动总攻了，我们要先消灭他们的射手和剑卫，这样黄巾贼的战力就会下降大半。,113,做得好！让我们继续前进！,,0,8000,6500,-1,20,100,1,-1,-1
220102,【回报战果】,3,对话型,220101,113,初战告捷，快快回去公布下战果。,113,很好，壮士们！让我们继续,,0,4000,9000,-1,20,100,1,-1,-1
220103,【烦人的骚扰】,3,战斗型,220102,113,还是有一小撮敌人不时来扰乱我们，去给他们一些颜色看看。,113,干得好！这下他们也该学乖了。,,0,7500,10000,-1,20,100,1,-1,-1
220104,【持久的战斗】,3,收集型,220103,113,看来这是一场持久的战斗啊，我们要从敌人身上找一些补给才好。,113,很好，这样我军就能立于不败之地。,,0,6000,15000,-1,20,100,1,-1,-1
220201,【黄巾军的末日】,3,战斗型,-1,213,准备发动总攻了，我们要先消灭他们的射手和剑卫，这样黄巾贼的战力就会下降大半。,213,做得好！让我们继续前进！,,0,8000,6500,-1,20,100,2,-1,-1
220202,【回报战果】,3,对话型,220201,213,初战告捷，快快回去公布下战果。,213,很好，壮士们！让我们继续,,0,4000,9000,-1,20,100,2,-1,-1
220203,【持久的战斗】,3,战斗型,220202,213,还是有一小撮敌人不时来扰乱我们，去给他们一些颜色看看。,213,干得好！这下他们也该学乖了。,,0,7500,10000,-1,20,100,2,-1,-1
220204,【张开能量】,3,收集型,220203,213,看来这是一场持久的战斗啊，我们要从敌人身上找一些补给才好。,213,很好，这样我军就能立于不败之地。,,0,6000,15000,-1,20,100,2,-1,-1
220301,【黄巾军的末日】,3,战斗型,-1,313,准备发动总攻了，我们要先消灭他们的射手和剑卫，这样黄巾贼的战力就会下降大半。,313,做得好！让我们继续前进！,,0,8000,6500,-1,20,100,3,-1,-1
220302,【回报战果】,3,对话型,220301,313,初战告捷，快快回去公布下战果。,313,很好，壮士们！让我们继续,,0,4000,9000,-1,20,100,3,-1,-1
220303,【烦人的骚扰】,3,战斗型,220302,313,还是有一小撮敌人不时来扰乱我们，去给他们一些颜色看看。,313,干得好！这下他们也该学乖了。,,0,7500,10000,-1,20,100,3,-1,-1
220304,【持久的战斗】,3,收集型,220303,313,看来这是一场持久的战斗啊，我们要从敌人身上找一些补给才好。,313,很好，这样我军就能立于不败之地。,,0,6000,15000,-1,20,100,3,-1,-1
221101,【回访故人】,3,对话型,-1,121,当年乐将军对你多有提携，抽空回去看看他吧。,111,嗯，不错，你已经比之前在我这里还要强了，继续努力吧！,,0,4000,4500,-1,21,100,1,-1,-1
221102,【盗马的小偷！】,3,战斗型,221101,111,对了，还有些事要请你帮忙，最近营中的军马总是无故消失，麻烦你去调查一下。,111,居然敢偷军马，这帮家伙吃了熊心豹子胆了？,,0,13000,0,-1,21,100,1,-1,-1
221103,【谜样的军队】,3,战斗型,221102,111,据侦察兵报告，最近附近有一支不明所属的军队，听到这个消息我还真有点坐立不安，麻烦你去探查下虚实吧。,111,不过我们依旧缺少证据，不知道是哪个军阀麾下的部队。,,0,11000,0,-1,21,100,1,-1,-1
221104,【向于将军报告】,3,对话型,221103,111,把这件事速速向于禁于将军报告，听候他的命令。,111,好！传令下去，遇到敌人格杀勿论！,,0,5000,4500,-1,21,100,1,-1,-1
221105,【证据】,3,收集型,221104,111,没错，我们需要证据。把你所看到的有价值的东西都拿回来，我们好好分析分析。,111,只有这些，我们还无法下结论。,,0,9000,9700,-1,21,100,1,-1,-1
221106,【决定性证据】,3,收集型,221105,111,这次要找个决定性证据来。,111,这好像是半个“董”字。,,0,9000,9700,-1,21,100,1,-1,-1
221201,【回访故人】,3,对话型,-1,221,当年糜将军对你多有提携，抽空回去看看他吧。,211,嗯，不错，你已经比之前在我这里还要强了，继续努力吧！,,0,4000,4500,-1,21,100,2,-1,-1
221202,【盗马的小偷！】,3,战斗型,221201,211,对了，还有些事要请你帮忙，最近营中的军马总是无故消失，麻烦你去调查一下。,211,居然敢偷军马，这帮家伙吃了熊心豹子胆了？,,0,13000,0,-1,21,100,2,-1,-1
221203,【谜样的军队】,3,战斗型,221202,211,据侦察兵报告，最近附近有一支不明所属的军队，听到这个消息我还真有点坐立不安，麻烦你去探查下虚实吧。,211,不过我们依旧缺少证据，不知道是哪个军阀麾下的部队。,,0,11000,0,-1,21,100,2,-1,-1
221204,【向刘将军报告】,3,对话型,221203,211,把这件事速速向刘封刘将军报告，听候他的命令。,211,好！传令下去，遇到敌人格杀勿论！,,0,5000,4500,-1,21,100,2,-1,-1
221205,【证据】,3,收集型,221204,211,没错，我们需要证据。把你所看到的有价值的东西都拿回来，我们好好分析分析。,211,只有这些，我们还无法下结论。,,0,9000,9700,-1,21,100,2,-1,-1
221206,【决定性证据】,3,收集型,221205,211,这次要找个决定性证据来。,211,这好像是半个“董”字。,,0,9000,9700,-1,21,100,2,-1,-1
221301,【回访故人】,3,对话型,-1,321,当年韩将军对你多有提携，抽空回去看看他吧。,311,嗯，不错，你已经比之前在我这里还要强了，继续努力吧！,,0,4000,4500,-1,21,100,3,-1,-1
221302,【盗马的小偷！】,3,战斗型,221301,311,对了，还有些事要请你帮忙，最近营中的军马总是无故消失，麻烦你去调查一下。,311,居然敢偷军马，这帮家伙吃了熊心豹子胆了？,,0,13000,0,-1,21,100,3,-1,-1
221303,【谜样的军队】,3,战斗型,221302,311,据侦察兵报告，最近附近有一支不明所属的军队，听到这个消息我还真有点坐立不安，麻烦你去探查下虚实吧。,311,不过我们依旧缺少证据，不知道是哪个军阀麾下的部队。,,0,11000,0,-1,21,100,3,-1,-1
221304,【向陈将军报告】,3,对话型,221303,311,把这件事速速向陈武陈将军报告，听候他的命令。,311,好！传令下去，遇到敌人格杀勿论！,,0,5000,4500,-1,21,100,3,-1,-1
221305,【证据】,3,收集型,221304,311,没错，我们需要证据。把你所看到的有价值的东西都拿回来，我们好好分析分析。,311,只有这些，我们还无法下结论。,,0,9000,9700,-1,21,100,3,-1,-1
221306,【决定性证据】,3,收集型,221305,311,这次要找个决定性证据来。,311,这好像是半个“董”字。,,0,9000,9700,-1,21,100,3,-1,-1
222101,【城中的状况】,3,对话型,-1,121,从上次乐将军向我报告有不明军队在城附近游荡以来，已经过了很久了，去问问现在状况如何。,121,嗯，把敌军压制住就好，还没调查出来是哪的军队么？,,0,4000,0,-1,22,100,1,-1,-1
222102,【物资紧缺！】,3,收集型,222101,121,好吧，不管他们是打哪来的，你看，我这物资紧缺，要打仗，连武器都成问题，去帮我收集点能做武器的零件吧。,121,这些材料差不多可以武装我的军队了，有劳壮士！,,0,8000,12000,-1,22,100,1,-1,-1
222103,【初现锋芒】,3,战斗型,222102,121,现在武器已经齐备了，让我们来试试这些武器吧!,121,哈哈，胜利的喜悦传遍全身吧。,,0,10000,4000,-1,22,100,1,-1,-1
222104,【制作工具】,3,收集型,222103,121,为了防御敌军的反攻，我们现在需要加固营帐，帮我去找些材料来吧。,121,好！我们这就开工！,,0,6000,13000,-1,22,100,1,-1,-1
222105,【向城里回报】,3,对话型,222104,121,向乐将军回报我们的战果吧！,111,哈哈！做得好！这下那帮家伙就不敢贸然进犯了。,,0,4000,3000,-1,22,100,1,-1,-1
222106,【乘胜追击】,3,战斗型,222105,111,那我们一鼓作气，让他们的侦查防线彻底崩溃！,111,这样就没问题了。,,0,10000,5000,-1,22,100,1,-1,-1
222107,【向于将军回报】,3,对话型,222106,111,嗯，告诉于将军我们这些坐守城市的也不是吃白饭的匹夫哈。,121,哈哈哈哈，乐将军还和我较起劲了，好好好！,,0,5000,2000,-1,22,100,1,-1,-1
222201,【城中的状况】,3,对话型,-1,221,从上次糜将军向我报告有不明军队在城附近游荡以来，已经过了很久了，去问问现在状况如何。,221,嗯，把敌军压制住就好，还没调查出来是哪的军队么？,,0,4000,0,-1,22,100,2,-1,-1
222202,【物资紧缺！】,3,收集型,222201,221,好吧，不管他们是打哪来的，你看，我这物资紧缺，要打仗，连武器都成问题，去帮我收集点能做武器的零件吧。,221,这些材料差不多可以武装我的军队了，有劳壮士！,,0,8000,12000,-1,22,100,2,-1,-1
222203,【初现锋芒】,3,战斗型,222202,221,现在武器已经齐备了，让我们来试试这些武器吧!,221,哈哈，胜利的喜悦传遍全身吧。,,0,10000,4000,-1,22,100,2,-1,-1
222204,【制作工具】,3,收集型,222203,221,为了防御敌军的反攻，我们现在需要加固营帐，帮我去找些材料来吧。,221,好！我们这就开工！,,0,6000,13000,-1,22,100,2,-1,-1
222205,【向城里回报】,3,对话型,222204,221,向糜将军回报我们的战果吧！,211,哈哈！做得好！这下那帮家伙就不敢贸然进犯了。,,0,4000,3000,-1,22,100,2,-1,-1
222206,【乘胜追击】,3,战斗型,222205,211,那我们一鼓作气，让他们的侦查防线彻底崩溃！,211,这样就没问题了。,,0,10000,5000,-1,22,100,2,-1,-1
222207,【向刘将军回报】,3,对话型,222206,211,嗯，告诉刘将军我们这些坐守城市的也不是吃白饭的匹夫哈。,221,哈哈哈哈，糜将军还和我较起劲了，好好好！,,0,5000,2000,-1,22,100,2,-1,-1
222301,【城中的状况】,3,对话型,-1,321,从上次韩将军向我报告有不明军队在城附近游荡以来，已经过了很久了，去问问现在状况如何。,321,嗯，把敌军压制住就好，还没调查出来是哪的军队么？,,0,4000,0,-1,22,100,3,-1,-1
222302,【物资紧缺！】,3,收集型,222301,321,好吧，不管他们是打哪来的，你看，我这物资紧缺，要打仗，连武器都成问题，去帮我收集点能做武器的零件吧。,321,这些材料差不多可以武装我的军队了，有劳壮士！,,0,8000,12000,-1,22,100,3,-1,-1
222303,【初现锋芒】,3,战斗型,222302,321,现在武器已经齐备了，让我们来试试这些武器吧!,321,哈哈，胜利的喜悦传遍全身吧。,,0,10000,4000,-1,22,100,3,-1,-1
222304,【制作工具】,3,收集型,222303,321,为了防御敌军的反攻，我们现在需要加固营帐，帮我去找些材料来吧。,321,好！我们这就开工！,,0,6000,13000,-1,22,100,3,-1,-1
222305,【向城里回报】,3,对话型,222304,321,向韩将军回报我们的战果吧！,311,哈哈！做得好！这下那帮家伙就不敢贸然进犯了。,,0,4000,3000,-1,22,100,3,-1,-1
222306,【乘胜追击】,3,战斗型,222305,311,那我们一鼓作气，让他们的侦查防线彻底崩溃！,311,这样就没问题了。,,0,10000,5000,-1,22,100,3,-1,-1
222307,【向陈将军回报】,3,对话型,222306,311,嗯，告诉陈将军我们这些坐守城市的也不是吃白饭的匹夫哈。,321,哈哈哈哈，韩将军还和我较起劲了，好好好！,,0,5000,2000,-1,22,100,3,-1,-1
223101,【新的矿藏】,3,收集型,-1,113,最近在西山发现新的矿山，去搜集些矿石来给我的铁匠看看有没有利用价值。,113,壮士辛苦了，先去客栈歇歇脚吧。,,0,6000,10000,-1,23,100,1,-1,-1
223102,【点燃熔炉】,3,收集型,223101,113,城中木柴不是很够了，我们的冶炼没法开展，去收集些柴火来吧。,113,很好很好，准备开工了！,,0,6000,10000,-1,23,100,1,-1,-1
223103,【一点助熔剂】,3,收集型,223102,113,冶炼的时候还需要一点助熔剂，麻烦你再跑一趟吧。,113,我就知道你能找！,,0,5600,12000,-1,23,100,1,-1,-1
223104,【特殊容器】,3,收集型,223103,113,这种矿石炼成以后需要用特殊的容器来装。嗯，你知道怎么做了吧。,113,不错不错，我们这次的冶炼非常成功。,,0,6300,9000,-1,23,100,1,-1,-1
223105,【保卫矿山】,3,战斗型,223104,113,什么？！新发掘的矿山就有人打劫盗采？快去收拾他们！,113,真是群不知天高地厚的家伙！,,0,6000,11000,-1,23,100,1,-1,-1
223106,【夺回矿石】,3,收集型,223105,113,原来那几个家伙已经偷到不少矿石，决不能让他们得逞，去夺回矿石！,113,干得漂亮！,,0,10000,5000,-1,23,100,1,-1,-1
223201,【新的矿藏】,3,收集型,-1,213,最近在西山发现新的矿山，去搜集些矿石来给我的铁匠看看有没有利用价值。,213,壮士辛苦了，先去客栈歇歇脚吧。,,0,6000,10000,-1,23,100,2,-1,-1
223202,【点燃熔炉】,3,收集型,223201,213,城中木柴不是很够了，我们的冶炼没法开展，去收集些柴火来吧。,213,很好很好，准备开工了！,,0,6000,10000,-1,23,100,2,-1,-1
223203,【一点助熔剂】,3,收集型,223202,213,冶炼的时候还需要一点助熔剂，麻烦你再跑一趟吧。,213,我就知道你能找！,,0,5600,12000,-1,23,100,2,-1,-1
223204,【特殊容器】,3,收集型,223203,213,这种矿石炼成以后需要用特殊的容器来装。嗯，你知道怎么做了吧。,213,不错不错，我们这次的冶炼非常成功。,,0,6300,9000,-1,23,100,2,-1,-1
223205,【保卫矿山】,3,战斗型,223204,213,什么？！新发掘的矿山就有人打劫盗采？快去收拾他们！,213,真是群不知天高地厚的家伙！,,0,6000,11000,-1,23,100,2,-1,-1
223206,【夺回矿石】,3,收集型,223205,213,原来那几个家伙已经偷到不少矿石，决不能让他们得逞，去夺回矿石！,213,干得漂亮！,,0,10000,5000,-1,23,100,2,-1,-1
223301,【新的矿藏】,3,收集型,-1,313,最近在西山发现新的矿山，去搜集些矿石来给我的铁匠看看有没有利用价值。,313,壮士辛苦了，先去客栈歇歇脚吧。,,0,6000,10000,-1,23,100,3,-1,-1
223302,【点燃熔炉】,3,收集型,223301,313,城中木柴不是很够了，我们的冶炼没法开展，去收集些柴火来吧。,313,很好很好，准备开工了！,,0,6000,10000,-1,23,100,3,-1,-1
223303,【一点助熔剂】,3,收集型,223302,313,冶炼的时候还需要一点助熔剂，麻烦你再跑一趟吧。,313,我就知道你能找！,,0,5600,12000,-1,23,100,3,-1,-1
223304,【特殊容器】,3,收集型,223303,313,这种矿石炼成以后需要用特殊的容器来装。嗯，你知道怎么做了吧。,313,不错不错，我们这次的冶炼非常成功。,,0,6300,9000,-1,23,100,3,-1,-1
223305,【保卫矿山】,3,战斗型,223304,313,什么？！新发掘的矿山就有人打劫盗采？快去收拾他们！,313,真是群不知天高地厚的家伙！,,0,6000,11000,-1,23,100,3,-1,-1
223306,【夺回矿石】,3,收集型,223305,313,原来那几个家伙已经偷到不少矿石，决不能让他们得逞，去夺回矿石！,313,干得漂亮！,,0,10000,5000,-1,23,100,3,-1,-1
224101,【新的兵器】,3,收集型,-1,112,兵士们连日奋战，武器都已经破碎不堪了，想办法帮他们更新一下武器吧。,112,好极了，有了这些新的兵器，我的士兵们就又能在战场上杀敌了。,,0,10000,14000,-1,24,100,1,-1,-1
224102,【我们的领地！】,3,战斗型,224101,112,最近属地内的资源接连被盗，去教训教训这些小偷！,112,要让他们知道这里是我们的领地！,,0,13000,8000,-1,24,100,1,-1,-1
224103,【镇压乱民】,3,战斗型,224102,112,听说附近的村庄里有乱民作祟，本来是世道就不太平，还真反了他们了，格杀勿论！,112,嗯，让他们知道只有做顺民才能活下去。,,0,14000,10000,-1,24,100,1,-1,-1
224104,【收集宝物】,3,收集型,224103,112,传说附近的绿林好汉们收藏了不少宝物，让他们乖乖交出来吧。,112,哈哈哈哈，真是不错的宝贝啊。,,0,5000,7000,-1,24,100,1,-1,-1
224105,【觐见于将军】,3,对话型,224104,112,嗯，我这基本没什么要你做的了，去问问于将军吧，他或许需要你的帮助。,122,我们正缺人手。,,0,11000,13000,-1,24,100,1,-1,-1
224201,【新的兵器】,3,收集型,-1,212,兵士们连日奋战，武器都已经破碎不堪了，想办法帮他们更新一下武器吧。,212,好极了，有了这些新的兵器，我的士兵们就又能在战场上杀敌了。,,0,10000,14000,-1,24,100,2,-1,-1
224202,【我们的领地！】,3,战斗型,224201,212,最近属地内的资源接连被盗，去教训教训这些小偷！,212,要让他们知道这里是我们的领地！,,0,13000,8000,-1,24,100,2,-1,-1
224203,【镇压乱民】,3,战斗型,224202,212,听说附近的村庄里有乱民作祟，本来是世道就不太平，还真反了他们了，格杀勿论！,212,嗯，让他们知道只有做顺民才能活下去。,,0,14000,10000,-1,24,100,2,-1,-1
224204,【收集宝物】,3,收集型,224203,212,传说附近的绿林好汉们收藏了不少宝物，让他们乖乖交出来吧。,212,哈哈哈哈，真是不错的宝贝啊。,,0,5000,7000,-1,24,100,2,-1,-1
224205,【觐见刘将军】,3,对话型,224204,212,嗯，我这基本没什么要你做的了，去问问刘将军吧，他或许需要你的帮助。,222,我们正缺人手。,,0,11000,13000,-1,24,100,2,-1,-1
224301,【新的兵器】,3,收集型,-1,312,兵士们连日奋战，武器都已经破碎不堪了，想办法帮他们更新一下武器吧。,312,好极了，有了这些新的兵器，我的士兵们就又能在战场上杀敌了。,,0,10000,14000,-1,24,100,3,-1,-1
224302,【这是我们的领地！】,3,战斗型,224301,312,最近属地内的资源接连被盗，去教训教训这些小偷！,312,要让他们知道这里是我们的领地！,,0,13000,8000,-1,24,100,3,-1,-1
224303,【镇压乱民】,3,战斗型,224302,312,听说附近的村庄里有乱民作祟，本来是世道就不太平，还真反了他们了，格杀勿论！,312,嗯，让他们知道只有做顺民才能活下去。,,0,14000,10000,-1,24,100,3,-1,-1
224304,【收集宝物】,3,收集型,224303,312,传说附近的绿林好汉们收藏了不少宝物，让他们乖乖交出来吧。,312,哈哈哈哈，真是不错的宝贝啊。,,0,5000,7000,-1,24,100,3,-1,-1
224305,【觐见陈将军】,3,对话型,224304,312,嗯，我这基本没什么要你做的了，去问问陈将军吧，他或许需要你的帮助。,322,我们正缺人手。,,0,11000,13000,-1,24,100,3,-1,-1
225101,【回报敌情】,3,对话型,-1,122,嗯，我这目前也没什么状况，不过探子说最近有敌人会向城里进发，你赶紧回去把这个消息报告给他们。,112,嗯，我会加强戒备的。,,0,6000,3000,-1,25,100,1,-1,-1
225102,【防御的准备】,3,收集型,225101,112,去收集些箭矢来，这样我才好布置防御。,112,很好，我们可以开始了。,,0,8000,16000,-1,25,100,1,-1,-1
225103,【主动出击】,3,战斗型,225102,112,根据探子的报告，敌人正在城外的森林边集结，先去煞煞他们的锐气！,112,做得漂亮！让我们静观其变。,,0,16000,3000,-1,25,100,1,-1,-1
225104,【缴获旗帜】,3,收集型,225103,112,什么？敌人开始撤了？乘胜追击！缴获他们的旗帜！,112,哈哈哈哈，我军士气高涨啊！,,0,11000,14000,-1,25,100,1,-1,-1
225201,【回报敌情】,3,对话型,-1,222,嗯，我这目前也没什么状况，不过探子说最近有敌人会向城里进发，你赶紧回去把这个消息报告给他们。,212,嗯，我会加强戒备的。,,0,6000,3000,-1,25,100,2,-1,-1
225202,【防御的准备】,3,收集型,225201,212,去收集些箭矢来，这样我才好布置防御。,212,很好，我们可以开始了。,,0,8000,16000,-1,25,100,2,-1,-1
225203,【主动出击】,3,战斗型,225202,212,根据探子的报告，敌人正在城外的森林边集结，先去煞煞他们的锐气！,212,做得漂亮！让我们静观其变。,,0,16000,3000,-1,25,100,2,-1,-1
225204,【缴获旗帜】,3,收集型,225203,212,什么？敌人开始撤了？乘胜追击！缴获他们的旗帜！,212,哈哈哈哈，我军士气高涨啊！,,0,11000,14000,-1,25,100,2,-1,-1
225301,【回报敌情】,3,对话型,-1,322,嗯，我这目前也没什么状况，不过探子说最近有敌人会向城里进发，你赶紧回去把这个消息报告给他们。,312,嗯，我会加强戒备的。,,0,6000,3000,-1,25,100,3,-1,-1
225302,【防御的准备】,3,收集型,225301,312,去收集些箭矢来，这样我才好布置防御。,312,很好，我们可以开始了。,,0,8000,16000,-1,25,100,3,-1,-1
225303,【主动出击】,3,战斗型,225302,312,根据探子的报告，敌人正在城外的森林边集结，先去煞煞他们的锐气！,312,做得漂亮！让我们静观其变。,,0,16000,3000,-1,25,100,3,-1,-1
225304,【缴获旗帜】,3,收集型,225303,312,什么？敌人开始撤了？乘胜追击！缴获他们的旗帜！,312,哈哈哈哈，我军士气高涨啊！,,0,11000,14000,-1,25,100,3,-1,-1
226101,【打扫干净】,3,战斗型,-1,112,敌人还有残兵？把他们打扫干净！,112,看他们胆敢再次来犯！,,0,16000,3000,-1,26,100,1,-1,-1
226102,【我们的战利品】,3,收集型,226101,112,可不能让这些家伙白白溜走，得让他们留下点东西来。,112,很好，这兵器看上去还不错，实在没人用就当炼铁的原料嘛。,,0,13000,18000,-1,26,100,1,-1,-1
226103,【剿灭探子】,3,战斗型,226102,112,这帮鼠辈，还敢派探子来，肃清他们！,112,做得好，我看他们还敢有什么动作！,,0,18000,3000,-1,26,100,1,-1,-1
226104,【速报战果】,3,对话型,226103,112,这帮家伙应该暂时不敢来了，速速向我们的军队回报,122,威胁解除了么？那就好。,,0,8000,4000,-1,26,100,1,-1,-1
226105,【军队的锦囊】,3,对话型,226104,122,把这个锦囊带回城里，如果再有进犯，就打开锦囊。,112,啊，有锦囊送来么？太好了。,,0,10000,19000,-1,26,100,1,-1,-1
226201,【打扫干净】,3,战斗型,-1,212,敌人还有残兵？把他们打扫干净！,212,看他们胆敢再次来犯！,,0,16000,3000,-1,26,100,2,-1,-1
226202,【我们的战利品】,3,收集型,226201,212,可不能让这些家伙白白溜走，得让他们留下点东西来。,212,很好，这兵器看上去还不错，实在没人用就当炼铁的原料嘛。,,0,13000,18000,-1,26,100,2,-1,-1
226203,【剿灭探子】,3,战斗型,226202,212,这帮鼠辈，还敢派探子来，肃清他们！,212,做得好，我看他们还敢有什么动作！,,0,18000,3000,-1,26,100,2,-1,-1
226204,【速报战果】,3,对话型,226203,212,这帮家伙应该暂时不敢来了，速速向我们的军队回报,222,威胁解除了么？那就好。,,0,8000,4000,-1,26,100,2,-1,-1
226205,【军队的锦囊】,3,对话型,226204,222,把这个锦囊带回城里，如果再有进犯，就打开锦囊。,212,啊，有锦囊送来么？太好了。,,0,10000,19000,-1,26,100,2,-1,-1
226301,【打扫干净】,3,战斗型,-1,312,敌人还有残兵？把他们打扫干净！,312,看他们胆敢再次来犯！,,0,16000,3000,-1,26,100,3,-1,-1
226302,【我们的战利品】,3,收集型,226301,312,可不能让这些家伙白白溜走，得让他们留下点东西来。,312,很好，这兵器看上去还不错，实在没人用就当炼铁的原料嘛。,,0,13000,18000,-1,26,100,3,-1,-1
226303,【剿灭探子】,3,战斗型,226302,312,这帮鼠辈，还敢派探子来，肃清他们！,312,做得好，我看他们还敢有什么动作！,,0,18000,3000,-1,26,100,3,-1,-1
226304,【速报战果】,3,对话型,226303,312,这帮家伙应该暂时不敢来了，速速向我们的军队回报,322,威胁解除了么？那就好。,,0,8000,4000,-1,26,100,3,-1,-1
226305,【军队的锦囊】,3,对话型,226304,322,把这个锦囊带回城里，如果再有进犯，就打开锦囊。,312,啊，有锦囊送来么？太好了。,,0,10000,19000,-1,26,100,3,-1,-1
227101,【山贼猖獗】,3,战斗型,-1,111,最近山贼闹得很厉害，真是令人心烦的家伙们啊，去让他们安静一下吧。,111,怎么样？是不是感觉很棘手。,,0,16000,10000,-1,27,100,1,-1,-1
227102,【群贼之首】,3,收集型,227101,111,我们还不知道这帮山贼是哪来的，先要找出他们的头领。,111,等我仔细看看。,,0,12000,18000,-1,27,100,1,-1,-1
227103,【千寻百问】,3,对话型,227102,111,我们的头绪并不多，还是先去问问知情者吧。,111,嗯，我大概有点眉目了。,,0,8000,6000,-1,27,100,1,-1,-1
227104,【擒贼先擒王】,3,战斗型,227103,111,好！我们总算知道他们的首领了，速速结果了他！,111,他好像也只是个的小头领，幕后的真正黑手，我们还需要进一步调查。,,0,18000,10000,-1,27,100,1,-1,-1
227201,【山贼猖獗】,3,战斗型,-1,211,最近山贼闹得很厉害，真是令人心烦的家伙们啊，去让他们安静一下吧。,211,怎么样？是不是感觉很棘手。,,0,16000,10000,-1,27,100,2,-1,-1
227202,【群贼之首】,3,收集型,227201,211,我们还不知道这帮山贼是哪来的，先要找出他们的头领。,211,等我仔细看看。,,0,12000,18000,-1,27,100,2,-1,-1
227203,【千寻百问】,3,对话型,227202,211,我们的头绪并不多，还是先去问问知情者吧。,211,嗯，我大概有点眉目了。,,0,8000,6000,-1,27,100,2,-1,-1
227204,【擒贼先擒王】,3,战斗型,227203,211,好！我们总算知道他们的首领了，速速结果了他！,211,他好像也只是个的小头领，幕后的真正黑手，我们还需要进一步调查。,,0,18000,10000,-1,27,100,2,-1,-1
227301,【山贼猖獗】,3,战斗型,-1,311,最近山贼闹得很厉害，真是令人心烦的家伙们啊，去让他们安静一下吧。,311,怎么样？是不是感觉很棘手。,,0,16000,10000,-1,27,100,3,-1,-1
227302,【群贼之首】,3,收集型,227301,311,我们还不知道这帮山贼是哪来的，先要找出他们的头领。,311,等我仔细看看。,,0,12000,18000,-1,27,100,3,-1,-1
227303,【千寻百问】,3,对话型,227302,311,我们的头绪并不多，还是先去问问知情者吧。,311,嗯，我大概有点眉目了。,,0,8000,6000,-1,27,100,3,-1,-1
227304,【擒贼先擒王】,3,战斗型,227303,311,好！我们总算知道他们的首领了，速速结果了他！,311,他好像也只是个的小头领，幕后的真正黑手，我们还需要进一步调查。,,0,18000,10000,-1,27,100,3,-1,-1
228101,【收集铁箭矢】,3,收集型,-1,121,最近兵士们的武器都有些老化了，在去收集些铁箭矢吧。,121,多谢壮士相助！,,0,13000,18000,-1,28,100,1,-1,-1
228102,【铁血沙场！】,3,战斗型,228101,121,敌军来袭！战士们！拿起手中的武器，冲吧！,121,年轻人真是血气方刚！,,0,18000,10000,-1,28,100,1,-1,-1
228201,【收集铁箭矢】,3,收集型,-1,221,最近兵士们的武器都有些老化了，在去收集些铁箭矢吧。,221,多谢壮士相助！,,0,13000,18000,-1,28,100,2,-1,-1
228202,【铁血沙场！】,3,战斗型,228201,221,敌军来袭！战士们！拿起手中的武器，冲吧！,221,年轻人真是血气方刚！,,0,18000,10000,-1,28,100,2,-1,-1
228301,【收集铁箭矢】,3,收集型,-1,321,最近兵士们的武器都有些老化了，在去收集些铁箭矢吧。,321,多谢壮士相助！,,0,13000,18000,-1,28,100,3,-1,-1
228302,【铁血沙场！】,3,战斗型,228301,321,敌军来袭！战士们！拿起手中的武器，冲吧！,321,年轻人真是血气方刚！,,0,18000,10000,-1,28,100,3,-1,-1
229101,【我们的先锋！】,3,收集型,-1,113,那些杂兵居然自诩为先锋？摘下他们的先锋印记，让他们知道我们才是真正的先锋！,113,来喝杯庆功酒吧，壮士！,,0,13000,20000,-1,29,100,1,-1,-1
229201,【我们的先锋！】,3,收集型,-1,213,那些杂兵居然自诩为先锋？摘下他们的先锋印记，让他们知道我们才是真正的先锋！,213,来喝杯庆功酒吧，壮士！,,0,13000,20000,-1,29,100,2,-1,-1
229301,【我们的先锋！】,3,收集型,-1,313,那些杂兵居然自诩为先锋？摘下他们的先锋印记，让他们知道我们才是真正的先锋！,313,来喝杯庆功酒吧，壮士！,,0,13000,20000,-1,29,100,3,-1,-1
230101,【气势如虹】,3,战斗型,-1,122,敌人居然还敢进犯？去把他们杀个片甲不留！,122,哈哈哈哈，奏响凯歌吧！,,0,18000,12000,-1,30,100,1,-1,-1
230102,【奏响凯歌】,3,收集型,230101,122,进攻他们的总部，烧毁他们的营帐，掠夺他们的珍宝，去吧！战士们！,122,哈哈哈哈，我军今日威名大振！,,0,20000,14000,-1,30,100,1,-1,-1
230201,【气势如虹】,3,战斗型,-1,222,敌人居然还敢进犯？去把他们杀个片甲不留！,222,哈哈哈哈，奏响凯歌吧！,,0,18000,12000,-1,30,100,2,-1,-1
230202,【奏响凯歌】,3,收集型,230201,222,进攻他们的总部，烧毁他们的营帐，掠夺他们的珍宝，去吧！战士们！,222,哈哈哈哈，我军今日威名大振！,,0,20000,14000,-1,30,100,2,-1,-1
230301,【气势如虹】,3,战斗型,-1,322,敌人居然还敢进犯？去把他们杀个片甲不留！,322,哈哈哈哈，奏响凯歌吧！,,0,18000,12000,-1,30,100,3,-1,-1
230302,【奏响凯歌】,3,收集型,230301,322,进攻他们的总部，烧毁他们的营帐，掠夺他们的珍宝，去吧！战士们！,322,哈哈哈哈，我军今日威名大振！,,0,20000,14000,-1,30,100,3,-1,-1
231001,【简单任务】,3,对话型,-1,41,勇士，这里有个简单的任务，能不能麻烦你抽空把这封信带去给联军的公孙瓒将军，这封信已经耽误很久了，但我一直没有人可派。,412,什么？我的马被盗了？,,0,5000,6000,-1,31,100,-1,-1,-1
231002,【白马将军】,3,战斗型,231001,412,我在北方讨伐蛮夷，曾尽选白马，号为“白马将军”。我有一些白马寄养在襄阳城中，却收到消息说被盗了，你能帮助我吗？,412,有没有找到线索？,,0,25000,14000,-1,31,100,-1,-1,-1
231003,【寻找线索】,3,战斗型,231002,412,还是没有什么线索，我们恐怕只有继续寻找了。,412,很好，终于找到了线索。,,0,26000,14500,-1,31,100,-1,-1,-1
231004,【夺回白马】,3,收集型,231003,412,既然已经发现了盗马贼踪迹，让我们马上去夺回白马吧！,412,马匹夺回了，感谢你的帮助。,,0,12000,18000,-1,31,100,-1,-1,-1
232001,【盟主的威严】,3,收集型,-1,411,袁家四世三公，是当今最显赫的家族。前一阵子却有小贼从我的军营里偷走了几件物品，这是藐视我威严的行为，速速前去为我取回。,411,为我效力你早晚也会得到荣光的。,,0,13000,18000,-1,32,100,-1,-1,-1
232002,【严厉的惩罚】,3,战斗型,232001,411,东西已经找回来了，但是光这样是不够的，要让这些贼寇知道藐视我威严的下场，必须给他们一个严厉的惩罚。,411,他们感受到我的威严了吧。,,0,26000,14000,-1,32,100,-1,-1,-1
232003,【还不够】,3,战斗型,232002,411,还是不够，还是没有让他们知道我的威严，继续去为我打击他们。,411,恩，这下差不多了。,,0,26000,14000,-1,32,100,-1,-1,-1
232004,【应得的？】,3,对话型,232003,411,凭我的威严，财富和权利都是应得的，现在传我的命令，让后方马上为我送一批军需物资来。,41,唉，我们的这位盟主大人，实在是太喜欢显摆了。,,0,5000,6000,-1,32,100,-1,-1,-1
233001,【侦察任务】,3,战斗型,-1,411,那边的勇士，有个光荣的任务要你去完成，最近有一群敌军士兵出现在我军阵营附近，但我麾下大将都不在，你去侦察下情况我好决定战术。,411,看来我们需要援兵。,,0,25000,11000,-1,33,100,-1,-1,-1
233002,【求援】,3,对话型,233001,411,你马上带上我的命令去找后将军袁术，他是我的弟弟，让他抽调部队来支援。,411,什么？他竟然拒绝派援兵。,,0,6000,5000,-1,33,100,-1,-1,-1
233003,【破坏武器】,3,收集型,233002,411,敌军来势汹汹，迫在眉睫，你速速去袭击他们的阵地，破坏他们的武器，拖延他们的行动。,411,总算解了一时之急。,,0,13000,25000,-1,33,100,-1,-1,-1
233004,【分享胜利】,3,战斗型,233003,411,我麾下大将总算赶来了，我这就调集部队消灭敌军，你也可以一起去分享我们的胜利。,411,哈哈哈，敌军被杀的溃不成军，见到我的荣光了吧。,,0,26000,11000,-1,33,100,-1,-1,-1
234001,【公务】,3,对话型,-1,41,勇士，你来的正好，我有一件公务希望你去办，将这封信带给盟主。,411,哦，是襄阳城送来的信？,,0,7000,6000,-1,34,100,-1,-1,-1
234002,【军事机密】,3,收集型,234001,411,这件事是军事机密，不能被外人知道，你秘密为我收集一些高粱，这一带的高粱似乎都被董卓军士兵征收了。,411,收集到了是么。,,0,14000,24000,-1,34,100,-1,-1,-1
234003,【解决阻碍】,3,战斗型,234002,411,东西已经有了，但是还有些阻碍，在我进行准备的时间你去排除敌军的阻碍。,411,恩，可以开始准备了。,,0,27000,12000,-1,34,100,-1,-1,-1
234004,【高粱的用途】,3,对话型,234003,411,这个高粱当然是用来酿酒的，这可是我军士气高昂的秘密，你把高粱带去襄阳保存。,41,这个时候还喝酒，他到底明白不明白情况。,,0,7000,6000,-1,34,100,-1,-1,-1
235001,【粮草不足】,3,收集型,-1,413,联军军势浩大，每天消耗的粮草很多，我虽然粮食丰足，有时候也接济不上，你帮忙去收集一些粮草吧。,413,恩，干的好。,,0,13000,24000,-1,35,100,-1,-1,-1
235002,【传令】,3,对话型,235001,413,粮草已经备齐，就差运送了，你去为我传令，让袁绍派一队押运队过来。,411,他是想指示我吗？,,0,7000,6000,-1,35,100,-1,-1,-1
235003,【无奈的派遣】,3,对话型,235002,411,没办法，粮草事大，也只有给他派押运队了。回去告诉他押运队很快就派过去。,413,好好好，他有时候也明白事理嘛。,,0,7000,7000,-1,35,100,-1,-1,-1
236001,【储备武器】,3,收集型,-1,412,董卓势大，非一日可破，我军要准备长期作战，首先要增加武器储备，收集一些武器碎片，你能帮这个忙吗？,412,不错的武器，我军将士会好好使用的。,,0,15000,20000,-1,36,100,-1,-1,-1
236002,【储备衣甲】,3,收集型,236001,412,除了武器，衣甲也是必不可少的。当然我不会让你去脱敌人的衣甲，只要收集一些战斗中掉下的衣甲碎片，我们可以用来打造新衣甲。,412,有这些碎片我们可以打造不少衣甲。,,0,14000,23000,-1,36,100,-1,-1,-1
236003,【运送碎片】,3,对话型,236002,412,现在，要把这些衣甲碎片送去后方重新打造，麻烦你跑一趟吧，交给襄阳城官员就可以了。,41,恩，我会派人把这些碎片打造成衣甲共前线将士使用的。,,0,7000,6000,-1,36,100,-1,-1,-1
236004,【禀报公孙瓒】,3,对话型,236003,41,请你回去禀报公孙将军，说我们会尽快完成打造，送到军前。,412,感谢你的帮助。,,0,9000,0,-1,36,100,-1,-1,-1
237001,【需要战鼓】,3,收集型,-1,413,我负责督运联军粮草，事务繁忙，自己军队的事有时候会顾不上。现在军中需要一批战鼓，你想想办法吧。,413,从哪找来的，怎么差次不齐？,,0,15000,21000,-1,37,100,-1,-1,-1
237002,【调达箭矢】,3,收集型,237001,413,军中还需要一批箭矢，怎么弄来我并不关心，想想办法吧。,413,哦，看来你很能干嘛。,,0,15000,22000,-1,37,100,-1,-1,-1
237003,【定时联络】,3,战斗型,237002,413,联军先锋长沙太守孙坚是我原来的部下，现在需要人去进行定时联络，你跑一趟吧。,414,我军军容齐整，士气高昂，必能力克董贼，为天下除害。,,0,25000,11000,-1,37,100,-1,-1,-1
238001,【家乡的信】,3,对话型,-1,41,这里有一封信，是寄给孙太守的。能不能麻烦你送达。,414,是我的家乡寄来的信吗？,,0,8000,7000,-1,38,100,-1,-1,-1
238002,【父亲的骄傲】,3,收集型,238001,414,我的孩子们很有出息，是我的骄傲。信中说他们一切平安，让我放心。我想送一份礼物给他们，能帮我这个忙吗？,414,呵呵，虽然男子汉理应马革帼尸，战死沙场。但未来还需要孩子们去创造。,,0,14000,22000,-1,38,100,-1,-1,-1
238003,【额外的礼物】,3,收集型,238002,414,我还有一个好妻子，因为有他为我打理家事，我才能放心出征。我也想送一份礼物给她，能不能再麻烦你一次。,414,谢谢你。,,0,15000,20000,-1,38,100,-1,-1,-1
239001,【前线急报！】,3,对话型,-1,41,前线传来急报，十万火急，你立刻去孙太守处助阵！,414,来的正是时候！,,0,9000,7000,-1,39,100,-1,-1,-1
239002,【迅速的攻击】,3,战斗型,239001,414,哨马传来消息，敌军正在结集，试图发动反攻。我们要在他们集结完前发动一次迅速的攻击，随我出征！,414,你果然是真正的勇士。,,0,30000,12000,-1,39,100,-1,-1,-1
240001,【临时操练】,3,战斗型,-1,414,我希望我的部队能始终保持强大的战斗力，如今虽然是在前线，但也不是天天有仗打。为了不让他们松懈，我经常临时组织操练，而敌人就是最好的陪练，你也来参加如何？,414,怎么样，有些效果吧。,,0,30000,13000,-1,40,100,-1,-1,-1
240002,【成长的证明】,3,战斗型,240001,414,操练会让将士们随身保持在最佳状态，而实战就是最好的操练。你通过一直以来的战斗有没有得到成长呢？证明给我看看吧。,414,了不起。,,0,30000,14000,-1,40,100,-1,-1,-1
240003,【补充军需】,3,对话型,240002,414,之前的操练消耗了不少军需物资，现在去找袁术将军，要他提供一批军需物资。,414,很好！,,0,10000,5000,-1,40,100,-1,-1,-1
240004,【精良装备】,3,收集型,240003,414,现在我军训练有素，物资充足。接下来需要的就是精良的装备。董卓军霸占了洛阳羽林军的精良装备。夺取这些装备，可以打击敌军，壮大我军。,414,你做的很好。,,0,17000,26000,-1,40,100,-1,-1,-1
241001,【特别的午餐】,3,收集型,-1,421,为了慰劳勇敢作战的战士们，我打算做一份特别的午餐。可是我现在缺少些特别的肉，能帮我弄些么。,322,有了这些材料我就可以开始做午餐了。,,0,14000,23000,-1,41,100,-1,-1,-1
241002,【送外卖】,3,对话型,241001,322,我希望你能帮我将这份午餐送去给勇敢的战士们。,323,等好久了，我现在能吃下一整头鲸鱼。,,0,7000,6000,-1,41,100,-1,-1,-1
241003,【特别的调味料】,3,收集型,241002,323,最近我喜欢上了一种特别的调味料，你能帮我弄一点来么。,323,我终于可以享受我的超级午餐了。,,0,15000,23000,-1,41,100,-1,-1,-1
241004,【午餐时间】,3,战斗型,241003,323,可恶，敌人竟然在我午餐的时间出现。能帮我击退他们吗？,323,总算可以吃午餐了。真是超级美味。,,0,25000,10000,-1,41,100,-1,-1,-1
242001,【巨人入侵】,3,对话型,-1,325,双子岬最近遭遇到巨人族的攻击，希望你能过去解决这个麻烦。,323,终于有人来帮忙了。,,0,5000,10000,-1,42,100,-1,-1,-1
242002,【击败头目】,3,战斗型,242001,323,去解决掉他们头目，让他们知道厉害。,323,这样他们暂时就会安静下来了吧。,,0,28000,13000,-1,42,100,-1,-1,-1
242003,【更凶猛的进攻】,3,对话型,242002,323,这里暂时安全了，你先休息一下吧。,323,可恶的巨人族，不但没有停止攻击反而更凶猛了。,,0,5000,10000,-1,42,100,-1,-1,-1
242004,【另一个头目】,3,战斗型,242003,323,原来巨人族有两个头目，你现在需要把另一个头目也解决掉，让他们彻底沉默。,323,干的很好，我想他们再也不敢过来了。,,0,26000,16000,-1,42,100,-1,-1,-1
243001,【订餐】,3,对话型,-1,325,我想要一份巨大金鱼料理，能帮我定下餐么？,322,欢迎光临，你想点些什么？,,0,6000,8000,-1,43,100,-1,-1,-1
243002,【自备材料】,3,收集型,243001,322,不好意思，我们的材料已经用光了。如果你非常想吃的话可以自备材料。,322,有了材料就能马上做出来。,,0,15000,22000,-1,43,100,-1,-1,-1
243003,【不满的客人】,3,战斗型,243002,322,这是你的料理。刚刚有客人和你订了同样的料理，因为没有材料，所以气愤的走了。这种客人很容易做出不理智的行为，你要小心。,325,我饿坏了，现在可以开饭了。,,0,25000,12000,-1,43,100,-1,-1,-1
243004,【传达感想】,3,对话型,243003,325,非常好吃。你能帮去我传达一下我的感想么？,322,这是厨师的分内事。,,0,7000,6000,-1,43,100,-1,-1,-1
244001,【修船工】,3,对话型,-1,324,我的船拿去修好久了，你能去修船工那里帮我看看修的怎么样了吗？,323,修船？,,0,7000,6000,-1,44,100,-1,-1,-1
244002,【修理的时间】,3,战斗型,244001,323,最近一直都在受到攻击，根本空不出时间来修船。如果你帮我击退敌人，我就有足够的时间来修船了。,323,终于安静了。,,0,26000,10000,-1,44,100,-1,-1,-1
244003,【被偷走的工具】,3,收集型,244002,323,我的工具在之前战斗中被偷走了，能帮我躲回来么？,323,终于可以开始修船了。,,0,13000,23000,-1,44,100,-1,-1,-1
244004,【材料告缺】,3,收集型,244003,323,船修到一半，材料却用完了。能帮我去收集一些修船用的材料么？,323,这下就不用担心材料不够用了。,,0,14000,21000,-1,44,100,-1,-1,-1
245001,【新兵器】,3,收集型,-1,325,我想开发一些新兵器，但是现在少一些材料。能帮我收集一些来么？,325,准备开工。,,0,10000,30000,-1,45,100,-1,-1,-1
245002,【测试阶段】,3,战斗型,245001,325,实战才是检验兵器的最好途径，你能去帮我测试一下么？,325,还需要做下小小的改良。,,0,27000,7000,-1,45,100,-1,-1,-1
245003,【使用阶段】,3,对话型,245002,325,新兵器已经完成了。交给需要它的人。,324,看来我可以轻松很多了。,,0,7000,5000,-1,45,100,-1,-1,-1
246001,【新提琴】,3,收集型,-1,324,我的小提琴在之前的战斗中不小心损坏了。去帮我弄些能做小提琴的上好木头来。,324,这样我就可以做把新的小提琴了。,,0,15000,24000,-1,46,100,-1,-1,-1
246002,【寻找工匠】,3,对话型,246001,324,把这些木头交给能做小提琴的工匠。,323,小提琴？交给超级的我吧。,,0,8000,6000,-1,46,100,-1,-1,-1
246003,【坚韧的琴弦】,3,收集型,246002,323,光有琴身还不算是把完整的小提琴，还需要一些坚韧的动物的毛发来做琴弦。,323,这样就可做出一把完整的小提琴了。,,0,16000,25000,-1,46,100,-1,-1,-1
246004,【保护工匠】,3,战斗型,246003,323,在我制作的这段期间，你的保护我的安全。,323,剩下的就交给我吧。,,0,27000,13000,-1,46,100,-1,-1,-1
247001,【勇敢的海上战士】,3,战斗型,-1,325,只有勇敢的海上战士才能得到大家的尊重，像我一样变成勇敢的海上战士吧。我是乌索普船长。,325,这只是成为勇敢的海上战士的第一步。,,0,26000,12000,-1,47,100,-1,-1,-1
247002,【更多的磨练】,3,战斗型,247001,325,勇敢的海上战士是不会畏惧任何危险的。去打败那些会对这里带来危害的人。,325,你还需要更多的磨练。,,0,26000,12000,-1,47,100,-1,-1,-1
247003,【不只会战斗】,3,对话型,247002,325,不是只要会战斗就行。勇敢的海上战士会帮助那些需要帮助的人。,324,我需要你的帮助。,,0,5000,13000,-1,47,100,-1,-1,-1
247004,【战士的证明】,3,战斗型,247003,324,最近有批海盗在这附近四处打劫，我希望你能制止他们。,325,你已经证明了你知道。要知道得到乌索普船长的认同是一件很光荣的事。,,0,28000,10000,-1,47,100,-1,-1,-1
248001,【改进武器】,3,对话型,-1,324,我的武器在使用中出现了一些问题，我希望可以改进一下。,323,看来要忙碌起来了。,,0,10000,7000,-1,48,100,-1,-1,-1
248002,【更多的材料】,3,收集型,248001,323,现有的材料无法进行改进，我需要更多的材料。,323,这些大概足够了，不够的话我还会再叫你的。,,0,15000,23000,-1,48,100,-1,-1,-1
248003,【新功能】,3,收集型,248002,323,我想给它再加些新功能，能再去帮我弄些新型材料回来么？,323,到我大显身手的时候了。,,0,15000,24000,-1,48,100,-1,-1,-1
248004,【测试】,3,战斗型,248003,323,我希望你能帮我测试一下新功能，去挑战一些强者吧。,324,应该还可以更好，我需要再想想。,,0,28000,13000,-1,48,100,-1,-1,-1
249001,【勇敢的挑战】,3,战斗型,-1,325,想要证明最近是强者就要打败那些公认的强者，你敢去挑战他们么？,325,你证明了你的勇敢。,,0,27000,13000,-1,49,100,-1,-1,-1
249002,【勇者的证明】,3,对话型,249001,325,你还需要证明更多的东西，但不是在我这里。,321,你想得到什么？,,0,5000,12000,-1,49,100,-1,-1,-1
249003,【无谋的挑战】,3,战斗型,249002,321,那么最后一次向我展现你的实力吧，千万别死。,321,你又一次证明了你自己。,,0,28000,13000,-1,49,100,-1,-1,-1
249004,【强者的证明】,3,对话型,249003,321,真正的强者不是打败了多强的对手，而是在任何情况都想办法活下来。,325,很好，现在我承认你好似乌索普海贼团的一员了……,,0,6000,11000,-1,49,100,-1,-1,-1
250001,【生存】,3,收集型,-1,331,我们这里和其他地方不同，没有多少方便的设施，每个来到这里的人首先要学会怎么生存，你去试着收集一些基本的食物。,331,学会了吗？,,0,14000,27000,-1,50,100,-1,-1,-1
250002,【熟悉环境】,3,对话型,250001,331,光有食物还不行，你还必须熟悉周围的环境，你各处走走吧。,331,熟悉这里了吗？,,0,7000,8000,-1,50,100,-1,-1,-1
250003,【所谓的生活】,3,收集型,250002,331,接下来你需要学会打理自己的生活所需，去找些生活用品吧。,331,很好。,,0,15000,26000,-1,50,100,-1,-1,-1
250004,【自卫能力】,3,战斗型,250003,331,最后你需要保护自己的力量，去试试你到底能不能保护的了自己吧。,331,好，看来你有能力在这里生活。,,0,30000,12000,-1,50,100,-1,-1,-1
310111,【黄巾军残党】,2,战斗型,-1,91,最近城外总有黄巾贼的残党出没，速速去消灭他们。,91,希望他们不会再来骚扰了。,,0,2000,0,-1,10,100,1,-1,-1
310112,【残党的威胁】,2,战斗型,-1,91,好像黄巾贼的那些残党越来越猖獗了，快去压压他们的锐气！,91,对敌人决不能手软！,,0,2000,0,-1,10,100,1,-1,-1
310113,【歼灭黄巾残党】,2,战斗型,-1,91,哼，我猜得没错，他们的势力开始越来越壮大了，趁现在一网打尽歼灭他们！,91,很好，你做得非常出色。,,0,2000,0,-1,10,100,1,-1,-1
310121,【黄巾力士护腕】,2,收集型,-1,91,听说黄巾力士的护腕中有符咒的能量，收集些来供我军研究。,91,嗯~~这个东西，很奇特。,,0,0,2000,-1,10,100,1,-1,-1
310122,【护符的力量】,2,收集型,-1,91,黄巾小队长都带有黄巾战斗护符，城里的商人对这东西很感兴趣，你看，这是一笔不错的交易。,91,哈哈，你赚大了！,,0,0,2000,-1,10,100,1,-1,-1
310123,【黄天之力】,2,收集型,-1,91,黄巾贼以黄天为号，归根结底不过是一帮逆匪。缴获他们的武器，削弱他们的力量！,91,哈哈哈哈，这些东西又可以充实我军的仓库了。,,0,0,2000,-1,10,100,1,-1,-1
310131,【谒见乐进】,2,对话型,-1,91,向乐进汇报今天的城市情况。,91,壮士留步，我这还有要事相求。,,0,0,0,310031,10,100,1,-1,-1
310132,【烽火军令】,2,对话型,-1,91,向李典询问今日的军令。,91,不能掉以轻心！,,0,0,0,310032,10,100,1,-1,-1
310133,【回报战况】,2,对话型,-1,91,向曹洪回报今日的战况。,91,生于乱世，壮士生当报国。,,0,0,0,310033,10,100,1,-1,-1
310211,【黄巾军残党】,2,战斗型,-1,91,最近城外总有黄巾贼的残党出没，速速去消灭他们。,91,希望他们不会再来骚扰了。,,0,2000,0,-1,10,100,2,-1,-1
310212,【残党的威胁】,2,战斗型,-1,91,好像黄巾贼的那些残党越来越猖獗了，快去压压他们的锐气！,91,对敌人决不能手软！,,0,2000,0,-1,10,100,2,-1,-1
310213,【歼灭黄巾残党】,2,战斗型,-1,91,哼，我猜得没错，他们的势力开始越来越壮大了，趁现在一网打尽歼灭他们！,91,很好，你做得非常出色。,,0,2000,0,-1,10,100,2,-1,-1
310221,【黄巾力士护腕】,2,收集型,-1,91,听说黄巾力士的护腕中有符咒的能量，收集些来供我军研究。,91,嗯~~这个东西，很奇特。,,0,0,2000,-1,10,100,2,-1,-1
310222,【护符的力量】,2,收集型,-1,91,黄巾小队长都带有黄巾战斗护符，城里的商人对这东西很感兴趣，你看，这是一笔不错的交易。,91,哈哈，你赚大了！,,0,0,2000,-1,10,100,2,-1,-1
310223,【黄天之力】,2,收集型,-1,91,黄巾贼以黄天为号，归根结底不过是一帮逆匪。缴获他们的武器，削弱他们的力量！,91,哈哈哈哈，这些东西又可以充实我军的仓库了。,,0,0,2000,-1,10,100,2,-1,-1
310231,【谒见糜芳】,2,对话型,-1,91,向糜芳汇报今天的城市情况。,91,壮士留步，我这还有要事相求。,,0,0,0,310031,10,100,2,-1,-1
310232,【烽火军令】,2,对话型,-1,91,向孙乾询问今日的军令。,91,不能掉以轻心！,,0,0,0,310032,10,100,2,-1,-1
310233,【回报战况】,2,对话型,-1,91,向简雍回报今日的战况。,91,生于乱世，壮士生当报国。,,0,0,0,310033,10,100,2,-1,-1
310311,【黄巾军残党】,2,战斗型,-1,91,最近城外总有黄巾贼的残党出没，速速去消灭他们。,91,希望他们不会再来骚扰了。,,0,2000,0,-1,10,100,3,-1,-1
310312,【残党的威胁】,2,战斗型,-1,91,好像黄巾贼的那些残党越来越猖獗了，快去压压他们的锐气！,91,对敌人决不能手软！,,0,2000,0,-1,10,100,3,-1,-1
310313,【歼灭黄巾残党】,2,战斗型,-1,91,哼，我猜得没错，他们的势力开始越来越壮大了，趁现在一网打尽歼灭他们！,91,很好，你做得非常出色。,,0,2000,0,-1,10,100,3,-1,-1
310321,【黄巾力士护腕】,2,收集型,-1,91,听说黄巾力士的护腕中有符咒的能量，收集些来供我军研究。,91,嗯~~这个东西，很奇特。,,0,0,2000,-1,10,100,3,-1,-1
310322,【护符的力量】,2,收集型,-1,91,黄巾小队长都带有黄巾战斗护符，城里的商人对这东西很感兴趣，你看，这是一笔不错的交易。,91,哈哈，你赚大了！,,0,0,2000,-1,10,100,3,-1,-1
310323,【黄天之力】,2,收集型,-1,91,黄巾贼以黄天为号，归根结底不过是一帮逆匪。缴获他们的武器，削弱他们的力量！,91,哈哈哈哈，这些东西又可以充实我军的仓库了。,,0,0,2000,-1,10,100,3,-1,-1
310331,【谒见韩当】,2,对话型,-1,91,向韩当汇报今天的城市情况。,91,壮士留步，我这还有要事相求。,,0,0,0,310031,10,100,3,-1,-1
310332,【烽火军令】,2,对话型,-1,91,向程普询问今日的军令。,91,不能掉以轻心！,,0,0,0,310032,10,100,3,-1,-1
310333,【回报战况】,2,对话型,-1,91,向祖茂回报今日的战况。,91,生于乱世，壮士生当报国。,,0,0,0,310033,10,100,3,-1,-1
320111,【瓮中之鳖】,2,战斗型,-1,91,黄巾贼已经成为瓮中之鳖，不能让他们逃走，勇士们！出战！,91,辛苦啦，你立了大功。,,0,3000,0,-1,20,100,1,-1,-1
320112,【一鼓作气】,2,战斗型,-1,91,什么？！黄巾贼还有增援？！一鼓作气击溃他们！,91,勇士！干得漂亮！,,0,3000,0,-1,20,100,1,-1,-1
320113,【乘胜追击】,2,战斗型,-1,91,决不能让黄巾贼重新集结，要将他们剿灭干净！,91,嗯，干得好， 看得出你是一名好士兵！,,0,3000,0,-1,20,100,1,-1,-1
320121,【粮草储备】,2,收集型,-1,91,鏖战多日，城中粮草有些吃紧，再去多收集些粮草吧。,91,我们的仓廪又富足了。,,0,0,3000,-1,20,100,1,-1,-1
320122,【木材很重要！】,2,收集型,-1,91,多日的战斗消耗了大量的木材，再去多收集一些木材和柴火吧。,91,不错不错，这下攻城和取暖都不成问题了。,,0,0,3000,-1,20,100,1,-1,-1
320123,【征讨石料】,2,收集型,-1,91,城里的石料也紧缺了，快去搞些来，当然，这不用你自己开采。,91,嗯，我会派人去加固城墙的。,,0,0,3000,-1,20,100,1,-1,-1
320131,【后勤汇报】,2,对话型,-1,91,向乐进汇报后勤状况。,91,勇士留步，还有更艰巨的任务。,,0,0,0,320031,20,100,1,-1,-1
320132,【敌情汇报】,2,对话型,-1,91,向李典汇报敌军状况。,91,辛苦你了！,,0,0,0,320032,20,100,1,-1,-1
320133,【贸易简报】,2,对话型,-1,91,向曹洪汇报贸易状况。,91,干得漂亮，我很欣赏你！,,0,0,0,320033,20,100,1,-1,-1
320211,【瓮中之鳖】,2,战斗型,-1,91,黄巾贼已经成为瓮中之鳖，不能让他们逃走，勇士们！出战！,91,辛苦啦，你立了大功。,,0,3000,0,-1,20,100,2,-1,-1
320212,【一鼓作气】,2,战斗型,-1,91,什么？！黄巾贼还有增援？！一鼓作气击溃他们！,91,勇士！干得漂亮！,,0,3000,0,-1,20,100,2,-1,-1
320213,【乘胜追击】,2,战斗型,-1,91,决不能让黄巾贼重新集结，要将他们剿灭干净！,91,嗯，干得好， 看得出你是一名好士兵！,,0,3000,0,-1,20,100,2,-1,-1
320221,【粮草储备】,2,收集型,-1,91,鏖战多日，城中粮草有些吃紧，再去多收集些粮草吧。,91,我们的仓廪又富足了。,,0,0,3000,-1,20,100,2,-1,-1
320222,【木材很重要！】,2,收集型,-1,91,多日的战斗消耗了大量的木材，再去多收集一些木材和柴火吧。,91,不错不错，这下攻城和取暖都不成问题了。,,0,0,3000,-1,20,100,2,-1,-1
320223,【征讨石料】,2,收集型,-1,91,城里的石料也紧缺了，快去搞些来，当然，这不用你自己开采。,91,嗯，我会派人去加固城墙的。,,0,0,3000,-1,20,100,2,-1,-1
320231,【后勤汇报】,2,对话型,-1,91,向糜芳汇报后勤状况。,91,勇士留步，还有更艰巨的任务。,,0,0,0,320031,20,100,2,-1,-1
320232,【敌情汇报】,2,对话型,-1,91,向孙乾汇报敌军状况。,91,辛苦你了！,,0,0,0,320032,20,100,2,-1,-1
320233,【贸易简报】,2,对话型,-1,91,向简雍汇报贸易状况。,91,干得漂亮，我很欣赏你！,,0,0,0,320033,20,100,2,-1,-1
320311,【瓮中之鳖】,2,战斗型,-1,91,黄巾贼已经成为瓮中之鳖，不能让他们逃走，勇士们！出战！,91,辛苦啦，你立了大功。,,0,3000,0,-1,20,100,3,-1,-1
320312,【一鼓作气】,2,战斗型,-1,91,什么？！黄巾贼还有增援？！一鼓作气击溃他们！,91,勇士！干得漂亮！,,0,3000,0,-1,20,100,3,-1,-1
320313,【乘胜追击】,2,战斗型,-1,91,决不能让黄巾贼重新集结，要将他们剿灭干净！,91,嗯，干得好， 看得出你是一名好士兵！,,0,3000,0,-1,20,100,3,-1,-1
320321,【粮草储备】,2,收集型,-1,91,鏖战多日，城中粮草有些吃紧，再去多收集些粮草吧。,91,我们的仓廪又富足了。,,0,0,3000,-1,20,100,3,-1,-1
320322,【木材很重要！】,2,收集型,-1,91,多日的战斗消耗了大量的木材，再去多收集一些木材和柴火吧。,91,不错不错，这下攻城和取暖都不成问题了。,,0,0,3000,-1,20,100,3,-1,-1
320323,【征讨石料】,2,收集型,-1,91,城里的石料也紧缺了，快去搞些来，当然，这不用你自己开采。,91,嗯，我会派人去加固城墙的。,,0,0,3000,-1,20,100,3,-1,-1
320331,【后勤汇报】,2,对话型,-1,91,向韩当汇报后勤状况。,91,勇士留步，还有更艰巨的任务。,,0,0,0,320031,20,100,3,-1,-1
320332,【敌情汇报】,2,对话型,-1,91,向程普汇报敌军状况。,91,辛苦你了！,,0,0,0,320032,20,100,3,-1,-1
320333,【贸易简报】,2,对话型,-1,91,向祖茂汇报贸易状况。,91,干得漂亮，我很欣赏你！,,0,0,0,320033,20,100,3,-1,-1
330111,【剿灭敌军！】,2,战斗型,-1,91,去把城外那些作乱的敌人斩尽杀绝，让他们在无尽的绝望中颤抖吧，哈哈哈！,91,非常好，估计他们短时间不会再来骚扰了。,,0,4000,0,-1,30,100,1,-1,-1
330112,【犀利的猎手】,2,战斗型,-1,91,看到城墙上这些通缉令了么，要是有空的话就帮我把这些家伙全部正法。,91,为民除害，你做了桩大好事。,,0,4000,0,-1,30,100,1,-1,-1
330122,【土样研究】,2,收集型,-1,91,我们准备开辟新的田地，去吧城周围的土样拿来我看看，看哪片地适合耕种。,91,嗯，辛苦了，我们会好好研究研究的。,,0,0,4000,-1,30,100,1,-1,-1
330131,【寻访名士】,2,对话型,-1,91,多听听别人的简介，会对自己多有裨益。,91,是不是很有收获呀。,,0,0,0,330031,30,100,1,-1,-1
330132,【游学天下】,2,对话型,-1,91,当你游学回来时，就会觉得自己成长了。,91,来汇报下你的游学成果吧。,,0,0,0,330032,30,100,1,-1,-1
330133,【秘密参见】,2,对话型,-1,91,天下大势，分久必合，我们也要和别人多多交流。,91,有什么成果吗？,,0,0,0,330033,30,100,1,-1,-1
330211,【剿灭敌军！】,2,战斗型,-1,91,去把城外那些作乱的敌人斩尽杀绝，让他们在无尽的绝望中颤抖吧，哈哈哈！,91,非常好，估计他们短时间不会再来骚扰了。,,0,4000,0,-1,30,100,2,-1,-1
330212,【犀利的猎手】,2,战斗型,-1,91,看到城墙上这些通缉令了么，要是有空的话就帮我把这些家伙全部正法。,91,为民除害，你做了桩大好事。,,0,4000,0,-1,30,100,2,-1,-1
330222,【土样研究】,2,收集型,-1,91,我们准备开辟新的田地，去吧城周围的土样拿来我看看，看哪片地适合耕种。,91,嗯，辛苦了，我们会好好研究研究的。,,0,0,4000,-1,30,100,2,-1,-1
330231,【寻访名士】,2,对话型,-1,91,多听听别人的简介，会对自己多有裨益。,91,是不是很有收获呀。,,0,0,0,330031,30,100,2,-1,-1
330232,【游学天下】,2,对话型,-1,91,当你游学回来时，就会觉得自己成长了。,91,来汇报下你的游学成果吧。,,0,0,0,330032,30,100,2,-1,-1
330233,【秘密参见】,2,对话型,-1,91,天下大势，分久必合，我们也要和别人多多交流。,91,有什么成果吗？,,0,0,0,330033,30,100,2,-1,-1
330311,【剿灭敌军！】,2,战斗型,-1,91,去把城外那些作乱的敌人斩尽杀绝，让他们在无尽的绝望中颤抖吧，哈哈哈！,91,非常好，估计他们短时间不会再来骚扰了。,,0,4000,0,-1,30,100,3,-1,-1
330312,【犀利的猎手】,2,战斗型,-1,91,看到城墙上这些通缉令了么，要是有空的话就帮我把这些家伙全部正法。,91,为民除害，你做了桩大好事。,,0,4000,0,-1,30,100,3,-1,-1
330322,【土样研究】,2,收集型,-1,91,我们准备开辟新的田地，去吧城周围的土样拿来我看看，看哪片地适合耕种。,91,嗯，辛苦了，我们会好好研究研究的。,,0,0,4000,-1,30,100,3,-1,-1
330331,【寻访名士】,2,对话型,-1,91,多听听别人的简介，会对自己多有裨益。,91,是不是很有收获呀。,,0,0,0,330031,30,100,3,-1,-1
330332,【游学天下】,2,对话型,-1,91,当你游学回来时，就会觉得自己成长了。,91,来汇报下你的游学成果吧。,,0,0,0,330032,30,100,3,-1,-1
330333,【秘密参见】,2,对话型,-1,91,天下大势，分久必合，我们也要和别人多多交流。,91,有什么成果吗？,,0,0,0,330033,30,100,3,-1,-1
420101,【暗黑符咒】,4,战斗型,-1,11,术士最需要的便是符咒的力量，你已经对它有一定的掌握了，但这还远远不够。去吧，按我的指示去做，你将会获得暗黑符咒的力量。,11,你现在已经成为一名合格的妖士了。,,0,10000,10000,-1,20,100,1,1,1
420111,【锦囊妙计】,4,战斗型,-1,11,知道谋士最重要的是什么吗？智商！完成我交给你的任务。你的智商将会提升一个档次。,11,很好 ，你现在可以更加明智地帮君主们出谋划策了。,,0,10000,10000,-1,20,100,1,2,1
420121,【武士雄风】,4,战斗型,-1,11,身处乱世，最需要就是我们这样的武士，完成这个任务，你的武力便会更胜一筹。,11,任务你完成得不错，怎么样，有没有感觉自己的力量增强了呢。,,0,10000,10000,-1,20,100,1,3,1
420131,【侠客行】,4,战斗型,-1,11,乱世需要我们这样行侠仗义的人。完成这个任务，拯救天下的百姓吧。,11,你已经是一名出色的侠客了。,,0,10000,10000,-1,20,100,1,4,1
420141,【卫士的意志】,4,战斗型,-1,11,卫士承担着非常重要的职责，来吧，完成我的任务，我会赋予你更强大的力量！,11,保护自己所珍视的东西吧！,,0,10000,10000,-1,20,100,1,5,1
420151,【急先锋】,4,战斗型,-1,11,勇士的职责在于冲锋陷阵，是普通士兵所难以企及的。完成我的任务，你会变得更加出色。,11,出击吧！我的先锋！,,0,10000,10000,-1,20,100,1,6,1
420201,【暗黑符咒】,4,战斗型,-1,21,术士最需要的便是符咒的力量，你已经对它有一定的掌握了，但这还远远不够。去吧，按我的指示去做，你将会获得暗黑符咒的力量。,21,你现在已经成为一名合格的妖士了。,,0,10000,10000,-1,20,100,2,1,1
420211,【锦囊妙计】,4,战斗型,-1,21,知道谋士最重要的是什么吗？智商！完成我交给你的任务。你的智商将会提升一个档次。,21,很好 ，你现在可以更加明智地帮君主们出谋划策了。,,0,10000,10000,-1,20,100,2,2,1
420221,【武士雄风】,4,战斗型,-1,21,身处乱世，最需要就是我们这样的武士，完成这个任务，你的武力便会更胜一筹。,21,任务你完成得不错，怎么样，有没有感觉自己的力量增强了呢。,,0,10000,10000,-1,20,100,2,3,1
420231,【侠客行】,4,战斗型,-1,21,乱世需要我们这样行侠仗义的人。完成这个任务，拯救天下的百姓吧。,21,你已经是一名出色的侠客了。,,0,10000,10000,-1,20,100,2,4,1
420241,【卫士的意志】,4,战斗型,-1,21,卫士承担着非常重要的职责，来吧，完成我的任务，我会赋予你更强大的力量！,21,保护自己所珍视的东西吧！,,0,10000,10000,-1,20,100,2,5,1
420251,【急先锋】,4,战斗型,-1,21,勇士的职责在于冲锋陷阵，是普通士兵所难以企及的。完成我的任务，你会变得更加出色。,21,出击吧！我的先锋！,,0,10000,10000,-1,20,100,2,6,1
420301,【暗黑符咒】,4,战斗型,-1,31,术士最需要的便是符咒的力量，你已经对它有一定的掌握了，但这还远远不够。去吧，按我的指示去做，你将会获得暗黑符咒的力量。,31,你现在已经成为一名合格的妖士了。,,0,10000,10000,-1,20,100,3,1,1
420311,【锦囊妙计】,4,战斗型,-1,31,知道谋士最重要的是什么吗？智商！完成我交给你的任务。你的智商将会提升一个档次。,31,很好 ，你现在可以更加明智地帮君主们出谋划策了。,,0,10000,10000,-1,20,100,3,2,1
420321,【武士雄风】,4,战斗型,-1,31,身处乱世，最需要就是我们这样的武士，完成这个任务，你的武力便会更胜一筹。,31,任务你完成得不错，怎么样，有没有感觉自己的力量增强了呢。,,0,10000,10000,-1,20,100,3,3,1
420331,【侠客行】,4,战斗型,-1,31,乱世需要我们这样行侠仗义的人。完成这个任务，拯救天下的百姓吧。,31,你已经是一名出色的侠客了。,,0,10000,10000,-1,20,100,3,4,1
420341,【卫士的意志】,4,战斗型,-1,31,卫士承担着非常重要的职责，来吧，完成我的任务，我会赋予你更强大的力量！,31,保护自己所珍视的东西吧！,,0,10000,10000,-1,20,100,3,5,1
420351,【急先锋】,4,战斗型,-1,31,勇士的职责在于冲锋陷阵，是普通士兵所难以企及的。完成我的任务，你会变得更加出色。,31,出击吧！我的先锋！,,0,10000,10000,-1,20,100,3,6,1
438001,【苍生之咒】,4,战斗型,420101;420201;420301,41,作为术士，不仅需要独善其身，也需要兼济天下，完成我交给你的任务，你就会有心忧天下的情怀了。,41,恭喜你，你的眼界将变得更加开阔。,,0,20000,20000,-1,38,100,-1,1,2
438011,【运筹帷幄】,4,战斗型,420111;420211;420311,41,谋士的极高境界之一，就是运筹于帷幄之中，决胜于千里之外。完成我交给你的任务，你也将得到相应的能力。,41,很出色，同样的，这些是你应得的。,,0,20000,20000,-1,38,100,-1,2,2
438021,【天下布武】,4,战斗型,420121;420221;420321,41,对于乱世，只有靠武力去征服。准备好了吗？完成这个任务，你就会得到更强大的武力。,41,任务完成得很算不错，我赋予你新的武艺。,,0,20000,20000,-1,38,100,-1,3,2
438031,【乱世豪杰】,4,战斗型,420131;420231;420331,41,乱世出豪杰！现在，是你出马的时候了。完成这个任务，成为拯救天下的豪杰吧！,41,去吧！拯救天下苍生。,,0,20000,20000,-1,38,100,-1,4,2
438041,【近卫之盾】,4,战斗型,420141;420241;420341,41,成为近卫军是许多卫士的梦想，这不仅仅是一个头衔，还是能力与责任的象征。来吧，完成我的任务，加入近卫军的队伍吧。,41,恭喜你成为近卫军，你应该为此自豪。,,0,20000,20000,-1,38,100,-1,5,2
438051,【一骑当千】,4,战斗型,420151;420251;420351,41,猛将一定要有一骑当千的力量。来吧！勇士，完成我的任务，你会得到更强大的力量。,41,去吧！猛士！在沙场上奋战吧！,,0,20000,20000,-1,38,100,-1,6,2
915101,苍龙复苏-15级,3,BOSS战,-1,111,和黄巾贼的战斗已经取得阶段性的胜利了，我们现在所要做的是斩杀敌将，把他们的头提来见我！,111,看来你进步了！不错！这是给你的奖励。,,1,5000,6000,915101,15,100,1,1;2,-1
915102,苍龙复苏-15级,3,BOSS战,-1,111,和黄巾贼的战斗已经取得阶段性的胜利了，我们现在所要做的是斩杀敌将，把他们的头提来见我！,111,看来你进步了！不错！这是给你的奖励。,,1,5000,6000,915102,15,100,1,3;4,-1
915103,苍龙复苏-15级,3,BOSS战,-1,111,和黄巾贼的战斗已经取得阶段性的胜利了，我们现在所要做的是斩杀敌将，把他们的头提来见我！,111,看来你进步了！不错！这是给你的奖励。,,1,5000,6000,915103,15,100,1,5;6,-1
915201,苍龙复苏-15级,3,BOSS战,-1,211,和黄巾贼的战斗已经取得阶段性的胜利了，我们现在所要做的是斩杀敌将，把他们的头提来见我！,211,看来你进步了！不错！这是给你的奖励。,,1,5000,6000,915101,15,100,2,1;2,-1
915202,苍龙复苏-15级,3,BOSS战,-1,211,和黄巾贼的战斗已经取得阶段性的胜利了，我们现在所要做的是斩杀敌将，把他们的头提来见我！,211,看来你进步了！不错！这是给你的奖励。,,1,5000,6000,915102,15,100,2,3;4,-1
915203,苍龙复苏-15级,3,BOSS战,-1,211,和黄巾贼的战斗已经取得阶段性的胜利了，我们现在所要做的是斩杀敌将，把他们的头提来见我！,211,看来你进步了！不错！这是给你的奖励。,,1,5000,6000,915103,15,100,2,5;6,-1
915301,苍龙复苏-15级,3,BOSS战,-1,311,和黄巾贼的战斗已经取得阶段性的胜利了，我们现在所要做的是斩杀敌将，把他们的头提来见我！,311,看来你进步了！不错！这是给你的奖励。,,1,5000,6000,915101,15,100,3,1;2,-1
915302,苍龙复苏-15级,3,BOSS战,-1,311,和黄巾贼的战斗已经取得阶段性的胜利了，我们现在所要做的是斩杀敌将，把他们的头提来见我！,311,看来你进步了！不错！这是给你的奖励。,,1,5000,6000,915102,15,100,3,3;4,-1
915303,苍龙复苏-15级,3,BOSS战,-1,311,和黄巾贼的战斗已经取得阶段性的胜利了，我们现在所要做的是斩杀敌将，把他们的头提来见我！,311,看来你进步了！不错！这是给你的奖励。,,1,5000,6000,915103,15,100,3,5;6,-1
920101,铁血黄沙-20级,3,BOSS战,915101,113,黄巾贼气数已尽，拿下他们的辅将，我们马上就能将他们斩尽杀绝！,113,干得好！你立了大功！,,1,8500,10000,920101,20,100,1,1;2,-1
920102,铁血黄沙-20级,3,BOSS战,915102,113,黄巾贼气数已尽，拿下他们的辅将，我们马上就能将他们斩尽杀绝！,113,干得好！你立了大功！,,1,8500,10000,920102,20,100,1,3;4,-1
920103,铁血黄沙-20级,3,BOSS战,915103,113,黄巾贼气数已尽，拿下他们的辅将，我们马上就能将他们斩尽杀绝！,113,干得好！你立了大功！,,1,8500,10000,920103,20,100,1,5;6,-1
920201,铁血黄沙-20级,3,BOSS战,915201,213,黄巾贼气数已尽，拿下他们的辅将，我们马上就能将他们斩尽杀绝！,213,干得好！你立了大功！,,1,8500,10000,920101,20,100,2,1;2,-1
920202,铁血黄沙-20级,3,BOSS战,915202,213,黄巾贼气数已尽，拿下他们的辅将，我们马上就能将他们斩尽杀绝！,213,干得好！你立了大功！,,1,8500,10000,920102,20,100,2,3;4,-1
920203,铁血黄沙-20级,3,BOSS战,915203,213,黄巾贼气数已尽，拿下他们的辅将，我们马上就能将他们斩尽杀绝！,213,干得好！你立了大功！,,1,8500,10000,920103,20,100,2,5;6,-1
920301,铁血黄沙-20级,3,BOSS战,915301,313,黄巾贼气数已尽，拿下他们的辅将，我们马上就能将他们斩尽杀绝！,313,干得好！你立了大功！,,1,8500,10000,920101,20,100,3,1;2,-1
920302,铁血黄沙-20级,3,BOSS战,915302,313,黄巾贼气数已尽，拿下他们的辅将，我们马上就能将他们斩尽杀绝！,313,干得好！你立了大功！,,1,8500,10000,920102,20,100,3,3;4,-1
920303,铁血黄沙-20级,3,BOSS战,915303,313,黄巾贼气数已尽，拿下他们的辅将，我们马上就能将他们斩尽杀绝！,313,干得好！你立了大功！,,1,8500,10000,920103,20,100,3,5;6,-1
925101,诸侯纷争-25级,3,BOSS战,925101,121,乱世总要结束的，去肃清这些敌人！让他们知道我们才是新的统治者！,121,做的不错！但更大的考验还在后面！,,1,12000,14000,925101,25,100,1,1;2,-1
925102,诸侯纷争-25级,3,BOSS战,925102,121,乱世总要结束的，去肃清这些敌人！让他们知道我们才是新的统治者！,121,做的不错！但更大的考验还在后面！,,1,12000,14000,925102,25,100,1,3;4,-1
925103,诸侯纷争-25级,3,BOSS战,925103,121,乱世总要结束的，去肃清这些敌人！让他们知道我们才是新的统治者！,121,做的不错！但更大的考验还在后面！,,1,12000,14000,925103,25,100,1,5;6,-1
925201,诸侯纷争-25级,3,BOSS战,925201,221,乱世总要结束的，去肃清这些敌人！让他们知道我们才是新的统治者！,221,做的不错！但更大的考验还在后面！,,1,12000,14000,925101,25,100,2,1;2,-1
925202,诸侯纷争-25级,3,BOSS战,925202,221,乱世总要结束的，去肃清这些敌人！让他们知道我们才是新的统治者！,221,做的不错！但更大的考验还在后面！,,1,12000,14000,925102,25,100,2,3;4,-1
925203,诸侯纷争-25级,3,BOSS战,925203,221,乱世总要结束的，去肃清这些敌人！让他们知道我们才是新的统治者！,221,做的不错！但更大的考验还在后面！,,1,12000,14000,925103,25,100,2,5;6,-1
925301,诸侯纷争-25级,3,BOSS战,925301,321,乱世总要结束的，去肃清这些敌人！让他们知道我们才是新的统治者！,321,做的不错！但更大的考验还在后面！,,1,12000,14000,925101,25,100,3,1;2,-1
925302,诸侯纷争-25级,3,BOSS战,925302,321,乱世总要结束的，去肃清这些敌人！让他们知道我们才是新的统治者！,321,做的不错！但更大的考验还在后面！,,1,12000,14000,925102,25,100,3,3;4,-1
925303,诸侯纷争-25级,3,BOSS战,925303,321,乱世总要结束的，去肃清这些敌人！让他们知道我们才是新的统治者！,321,做的不错！但更大的考验还在后面！,,1,12000,14000,925103,25,100,3,5;6,-1
930001,乱世鼎立-30级,3,BOSS战,925101;925201;925301,411,胜利就在眼前！去吧！壮士！打败这些敌人！,411,哈哈哈哈，让我们来举杯痛饮吧！,,1,15500,18000,930001,30,100,-1,1;2,-1
930002,乱世鼎立-30级,3,BOSS战,925102;925202;925302,411,胜利就在眼前！去吧！壮士！打败这些敌人,411,哈哈哈哈，让我们来举杯痛饮吧！,,1,15500,18000,930002,30,100,-1,3;4,-1
930003,乱世鼎立-30级,3,BOSS战,925103;925203;925303,411,胜利就在眼前！去吧！壮士！打败这些敌人,411,哈哈哈哈，让我们来举杯痛饮吧！,,1,15500,18000,930003,30,100,-1,5;6,-1
935001,关中风云-35级,3,BOSS战,930003,411,胜利就在眼前！去吧！壮士！打败这些敌人,411,哈哈哈哈，让我们来举杯痛饮吧！,,1,18000,22000,935001,35,100,-1,1;2,-1
935002,关中风云-35级,3,BOSS战,935001,411,胜利就在眼前！去吧！壮士！打败这些敌人,411,哈哈哈哈，让我们来举杯痛饮吧！,,1,18000,22000,935002,35,100,-1,3;4,-1
935003,关中风云-35级,3,BOSS战,935002,411,胜利就在眼前！去吧！壮士！打败这些敌人,411,哈哈哈哈，让我们来举杯痛饮吧！,,1,18000,22000,935003,35,100,-1,5;6,-1
940001,血战京师-40级,3,BOSS战,935003,411,胜利就在眼前！去吧！壮士！打败这些敌人,411,哈哈哈哈，让我们来举杯痛饮吧！,,1,21500,28000,940001,40,100,-1,1;2,-1
940002,血战京师-40级,3,BOSS战,940001,411,胜利就在眼前！去吧！壮士！打败这些敌人,411,哈哈哈哈，让我们来举杯痛饮吧！,,1,21500,28000,940002,40,100,-1,3;4,-1
940003,血战京师-40级,3,BOSS战,940002,411,胜利就在眼前！去吧！壮士！打败这些敌人,411,哈哈哈哈，让我们来举杯痛饮吧！,,1,21500,28000,940003,40,100,-1,5;6,-1
