iId,iSkillProfession,sName,sIcon,sDescription,iWeapon,iMaxLevel,iLevel,iType,iUseMp,iUseRate,iLevelRequire,iUseCoin,iProfessionStageRequire,sAddEffect,sAddEffectRate,sRemoveEffect,sRemoveEffectRate,iGroupType
1,4,强攻法,/images/Skill/ShuShi/01_QiangGongFa.png,每个智将的基本技巧，利用精神力量强化自己的攻击力。,4,10,1,1,24,100000,10,100,1,1,100000,-1,0,1
2,4,强攻法,/images/Skill/ShuShi/01_QiangGongFa.png,每个智将的基本技巧，利用精神力量强化自己的攻击力。,4,10,2,1,25,100000,12,200,1,2,100000,-1,0,1
3,4,强攻法,/images/Skill/ShuShi/01_QiangGongFa.png,每个智将的基本技巧，利用精神力量强化自己的攻击力。,4,10,3,1,26,100000,14,450,1,3,100000,-1,0,1
4,4,强攻法,/images/Skill/ShuShi/01_QiangGongFa.png,每个智将的基本技巧，利用精神力量强化自己的攻击力。,4,10,4,1,27,100000,16,750,1,4,100000,-1,0,1
5,4,强攻法,/images/Skill/ShuShi/01_QiangGongFa.png,每个智将的基本技巧，利用精神力量强化自己的攻击力。,4,10,5,1,28,100000,18,1100,1,5,100000,-1,0,1
6,4,强攻法,/images/Skill/ShuShi/01_QiangGongFa.png,每个智将的基本技巧，利用精神力量强化自己的攻击力。,4,10,6,1,29,100000,20,1800,1,6,100000,-1,0,1
7,4,强攻法,/images/Skill/ShuShi/01_QiangGongFa.png,每个智将的基本技巧，利用精神力量强化自己的攻击力。,4,10,7,1,30,100000,22,2800,1,7,100000,-1,0,1
8,4,强攻法,/images/Skill/ShuShi/01_QiangGongFa.png,每个智将的基本技巧，利用精神力量强化自己的攻击力。,4,10,8,1,31,100000,24,4600,1,8,100000,-1,0,1
9,4,强攻法,/images/Skill/ShuShi/01_QiangGongFa.png,每个智将的基本技巧，利用精神力量强化自己的攻击力。,4,10,9,1,32,100000,26,6000,1,9,100000,-1,0,1
10,4,强攻法,/images/Skill/ShuShi/01_QiangGongFa.png,每个智将的基本技巧，利用精神力量强化自己的攻击力。,4,10,10,1,33,100000,28,8000,1,10,100000,-1,0,1
21,4,猛毒咒,/images/Skill/ShuShi/02_MengDuZhou.png,使用此咒攻击的同时能使敌人中毒，使其在一段时间内持续受到中毒伤害。(不受防御力影响),4,10,1,1,28,100000,11,150,1,21,100000,-1,0,2
22,4,猛毒咒,/images/Skill/ShuShi/02_MengDuZhou.png,使用此咒攻击的同时能使敌人中毒，使其在一段时间内持续受到中毒伤害。(不受防御力影响),4,10,2,1,30,100000,13,300,1,22,100000,-1,0,2
23,4,猛毒咒,/images/Skill/ShuShi/02_MengDuZhou.png,使用此咒攻击的同时能使敌人中毒，使其在一段时间内持续受到中毒伤害。(不受防御力影响),4,10,3,1,32,100000,15,600,1,23,100000,-1,0,2
24,4,猛毒咒,/images/Skill/ShuShi/02_MengDuZhou.png,使用此咒攻击的同时能使敌人中毒，使其在一段时间内持续受到中毒伤害。(不受防御力影响),4,10,4,1,34,100000,17,900,1,24,100000,-1,0,2
25,4,猛毒咒,/images/Skill/ShuShi/02_MengDuZhou.png,使用此咒攻击的同时能使敌人中毒，使其在一段时间内持续受到中毒伤害。(不受防御力影响),4,10,5,1,36,100000,19,1400,1,25,100000,-1,0,2
26,4,猛毒咒,/images/Skill/ShuShi/02_MengDuZhou.png,使用此咒攻击的同时能使敌人中毒，使其在一段时间内持续受到中毒伤害。(不受防御力影响),4,10,6,1,38,100000,21,2300,1,26,100000,-1,0,2
27,4,猛毒咒,/images/Skill/ShuShi/02_MengDuZhou.png,使用此咒攻击的同时能使敌人中毒，使其在一段时间内持续受到中毒伤害。(不受防御力影响),4,10,7,1,40,100000,23,3300,1,27,100000,-1,0,2
28,4,猛毒咒,/images/Skill/ShuShi/02_MengDuZhou.png,使用此咒攻击的同时能使敌人中毒，使其在一段时间内持续受到中毒伤害。(不受防御力影响),4,10,8,1,42,100000,25,5400,1,28,100000,-1,0,2
29,4,猛毒咒,/images/Skill/ShuShi/02_MengDuZhou.png,使用此咒攻击的同时能使敌人中毒，使其在一段时间内持续受到中毒伤害。(不受防御力影响),4,10,9,1,44,100000,27,6800,1,29,100000,-1,0,2
30,4,猛毒咒,/images/Skill/ShuShi/02_MengDuZhou.png,使用此咒攻击的同时能使敌人中毒，使其在一段时间内持续受到中毒伤害。(不受防御力影响),4,10,10,1,46,100000,29,9500,1,30,100000,-1,0,2
41,4,缓慢咒,/images/Skill/ShuShi/03_HuanManZhou.png,邪恶的法咒，使用此咒攻击的同时能使对手攻击速度下降。,4,10,1,1,30,100000,12,200,1,41;51,100000;100000,-1,0,3
42,4,缓慢咒,/images/Skill/ShuShi/03_HuanManZhou.png,邪恶的法咒，使用此咒攻击的同时能使对手攻击速度下降。,4,10,2,1,32,100000,14,450,1,42;52,100000;100000,-1,0,3
43,4,缓慢咒,/images/Skill/ShuShi/03_HuanManZhou.png,邪恶的法咒，使用此咒攻击的同时能使对手攻击速度下降。,4,10,3,1,34,100000,16,750,1,43;53,100000;100000,-1,0,3
44,4,缓慢咒,/images/Skill/ShuShi/03_HuanManZhou.png,邪恶的法咒，使用此咒攻击的同时能使对手攻击速度下降。,4,10,4,1,36,100000,18,1100,1,44;54,100000;100000,-1,0,3
45,4,缓慢咒,/images/Skill/ShuShi/03_HuanManZhou.png,邪恶的法咒，使用此咒攻击的同时能使对手攻击速度下降。,4,10,5,1,38,100000,20,1800,1,45;55,100000;100000,-1,0,3
46,4,缓慢咒,/images/Skill/ShuShi/03_HuanManZhou.png,邪恶的法咒，使用此咒攻击的同时能使对手攻击速度下降。,4,10,6,1,40,100000,22,2800,1,46;56,100000;100000,-1,0,3
47,4,缓慢咒,/images/Skill/ShuShi/03_HuanManZhou.png,邪恶的法咒，使用此咒攻击的同时能使对手攻击速度下降。,4,10,7,1,42,100000,24,4600,1,47;57,100000;100000,-1,0,3
48,4,缓慢咒,/images/Skill/ShuShi/03_HuanManZhou.png,邪恶的法咒，使用此咒攻击的同时能使对手攻击速度下降。,4,10,8,1,44,100000,26,6000,1,48;58,100000;100000,-1,0,3
49,4,缓慢咒,/images/Skill/ShuShi/03_HuanManZhou.png,邪恶的法咒，使用此咒攻击的同时能使对手攻击速度下降。,4,10,9,1,46,100000,28,8000,1,49;59,100000;100000,-1,0,3
50,4,缓慢咒,/images/Skill/ShuShi/03_HuanManZhou.png,邪恶的法咒，使用此咒攻击的同时能使对手攻击速度下降。,4,10,10,1,48,100000,30,11000,1,50;60,100000;100000,-1,0,3
61,4,心乱咒,/images/Skill/ShuShi/04_XinLuanZhou.png,以法咒攻击对手的精神，按技能等级附加攻击力，同时使敌人法力持续降低。,4,10,1,1,43,100000,20,1800,2,61;71,100000;100000,-1,0,4
62,4,心乱咒,/images/Skill/ShuShi/04_XinLuanZhou.png,以法咒攻击对手的精神，按技能等级附加攻击力，同时使敌人法力持续降低。,4,10,2,1,45,100000,22,2800,2,62;72,100000;100000,-1,0,4
63,4,心乱咒,/images/Skill/ShuShi/04_XinLuanZhou.png,以法咒攻击对手的精神，按技能等级附加攻击力，同时使敌人法力持续降低。,4,10,3,1,47,100000,24,4600,2,63;73,100000;100000,-1,0,4
64,4,心乱咒,/images/Skill/ShuShi/04_XinLuanZhou.png,以法咒攻击对手的精神，按技能等级附加攻击力，同时使敌人法力持续降低。,4,10,4,1,49,100000,26,6000,2,64;74,100000;100000,-1,0,4
65,4,心乱咒,/images/Skill/ShuShi/04_XinLuanZhou.png,以法咒攻击对手的精神，按技能等级附加攻击力，同时使敌人法力持续降低。,4,10,5,1,51,100000,28,8000,2,65;75,100000;100000,-1,0,4
66,4,心乱咒,/images/Skill/ShuShi/04_XinLuanZhou.png,以法咒攻击对手的精神，按技能等级附加攻击力，同时使敌人法力持续降低。,4,10,6,1,53,100000,30,11000,2,66;76,100000;100000,-1,0,4
67,4,心乱咒,/images/Skill/ShuShi/04_XinLuanZhou.png,以法咒攻击对手的精神，按技能等级附加攻击力，同时使敌人法力持续降低。,4,10,7,1,55,100000,32,15000,2,67;77,100000;100000,-1,0,4
68,4,心乱咒,/images/Skill/ShuShi/04_XinLuanZhou.png,以法咒攻击对手的精神，按技能等级附加攻击力，同时使敌人法力持续降低。,4,10,8,1,57,100000,34,22000,2,68;78,100000;100000,-1,0,4
69,4,心乱咒,/images/Skill/ShuShi/04_XinLuanZhou.png,以法咒攻击对手的精神，按技能等级附加攻击力，同时使敌人法力持续降低。,4,10,9,1,59,100000,36,30000,2,69;79,100000;100000,-1,0,4
70,4,心乱咒,/images/Skill/ShuShi/04_XinLuanZhou.png,以法咒攻击对手的精神，按技能等级附加攻击力，同时使敌人法力持续降低。,4,10,10,1,61,100000,38,40000,2,70;80,100000;100000,-1,0,4
81,4,迟钝咒,/images/Skill/ShuShi/05_ChiDunZhou.png,以法咒攻击使敌人受伤时变迟钝，按技能等级附加攻击力，击中敌人时使敌人的躲闪降低。,4,10,1,1,50,100000,28,8000,2,81;91,100000;100000,-1,0,5
82,4,迟钝咒,/images/Skill/ShuShi/05_ChiDunZhou.png,以法咒攻击使敌人受伤时变迟钝，按技能等级附加攻击力，击中敌人时使敌人的躲闪降低。,4,10,2,1,53,100000,31,13000,2,82;92,100000;100000,-1,0,5
83,4,迟钝咒,/images/Skill/ShuShi/05_ChiDunZhou.png,以法咒攻击使敌人受伤时变迟钝，按技能等级附加攻击力，击中敌人时使敌人的躲闪降低。,4,10,3,1,56,100000,34,22000,2,83;93,100000;100000,-1,0,5
84,4,迟钝咒,/images/Skill/ShuShi/05_ChiDunZhou.png,以法咒攻击使敌人受伤时变迟钝，按技能等级附加攻击力，击中敌人时使敌人的躲闪降低。,4,10,4,1,59,100000,37,35000,2,84;94,100000;100000,-1,0,5
85,4,迟钝咒,/images/Skill/ShuShi/05_ChiDunZhou.png,以法咒攻击使敌人受伤时变迟钝，按技能等级附加攻击力，击中敌人时使敌人的躲闪降低。,4,10,5,1,62,100000,40,52000,2,85;95,100000;100000,-1,0,5
86,4,迟钝咒,/images/Skill/ShuShi/05_ChiDunZhou.png,以法咒攻击使敌人受伤时变迟钝，按技能等级附加攻击力，击中敌人时使敌人的躲闪降低。,4,10,6,1,65,100000,43,80000,2,86;96,100000;100000,-1,0,5
87,4,迟钝咒,/images/Skill/ShuShi/05_ChiDunZhou.png,以法咒攻击使敌人受伤时变迟钝，按技能等级附加攻击力，击中敌人时使敌人的躲闪降低。,4,10,7,1,68,100000,46,143100,2,87;97,100000;100000,-1,0,5
88,4,迟钝咒,/images/Skill/ShuShi/05_ChiDunZhou.png,以法咒攻击使敌人受伤时变迟钝，按技能等级附加攻击力，击中敌人时使敌人的躲闪降低。,4,10,8,1,72,100000,49,196200,2,88.98,100000;100000,-1,0,5
89,4,迟钝咒,/images/Skill/ShuShi/05_ChiDunZhou.png,以法咒攻击使敌人受伤时变迟钝，按技能等级附加攻击力，击中敌人时使敌人的躲闪降低。,4,10,9,1,75,100000,52,264100,2,89;99,100000;100000,-1,0,5
90,4,迟钝咒,/images/Skill/ShuShi/05_ChiDunZhou.png,以法咒攻击使敌人受伤时变迟钝，按技能等级附加攻击力，击中敌人时使敌人的躲闪降低。,4,10,10,1,78,100000,55,360000,2,90;100,100000;100000,-1,0,5
101,4,虚弱咒,/images/Skill/ShuShi/06_XuRuoZhou.png,特殊的法咒，攻击的同时摧毁敌人防御。按照技能等级提升伤害，并使敌人防御降低。,4,10,1,1,58,100000,32,15000,2,101;111,100000;100000,-1,0,6
102,4,虚弱咒,/images/Skill/ShuShi/06_XuRuoZhou.png,特殊的法咒，攻击的同时摧毁敌人防御。按照技能等级提升伤害，并使敌人防御降低。,4,10,2,1,63,100000,35,26000,2,102;112,100000;100000,-1,0,6
103,4,虚弱咒,/images/Skill/ShuShi/06_XuRuoZhou.png,特殊的法咒，攻击的同时摧毁敌人防御。按照技能等级提升伤害，并使敌人防御降低。,4,10,3,1,68,100000,38,40000,2,103;113,100000;100000,-1,0,6
104,4,虚弱咒,/images/Skill/ShuShi/06_XuRuoZhou.png,特殊的法咒，攻击的同时摧毁敌人防御。按照技能等级提升伤害，并使敌人防御降低。,4,10,4,1,73,100000,41,60000,2,104;114,100000;100000,-1,0,6
105,4,虚弱咒,/images/Skill/ShuShi/06_XuRuoZhou.png,特殊的法咒，攻击的同时摧毁敌人防御。按照技能等级提升伤害，并使敌人防御降低。,4,10,5,1,78,100000,44,100000,2,105;115,100000;100000,-1,0,6
106,4,虚弱咒,/images/Skill/ShuShi/06_XuRuoZhou.png,特殊的法咒，攻击的同时摧毁敌人防御。按照技能等级提升伤害，并使敌人防御降低。,4,10,6,1,83,100000,47,160000,2,106;116,100000;100000,-1,0,6
107,4,虚弱咒,/images/Skill/ShuShi/06_XuRuoZhou.png,特殊的法咒，攻击的同时摧毁敌人防御。按照技能等级提升伤害，并使敌人防御降低。,4,10,7,1,88,100000,50,214000,2,107;117,100000;100000,-1,0,6
108,4,虚弱咒,/images/Skill/ShuShi/06_XuRuoZhou.png,特殊的法咒，攻击的同时摧毁敌人防御。按照技能等级提升伤害，并使敌人防御降低。,4,10,8,1,93,100000,53,290000,2,108;118,100000;100000,-1,0,6
109,4,虚弱咒,/images/Skill/ShuShi/06_XuRuoZhou.png,特殊的法咒，攻击的同时摧毁敌人防御。按照技能等级提升伤害，并使敌人防御降低。,4,10,9,1,98,100000,56,0,2,109;119,100000;100000,-1,0,6
110,4,虚弱咒,/images/Skill/ShuShi/06_XuRuoZhou.png,特殊的法咒，攻击的同时摧毁敌人防御。按照技能等级提升伤害，并使敌人防御降低。,4,10,10,1,103,100000,59,0,2,110;120,100000;100000,-1,0,6
121,94,毒化解剖刀,/images/Skill/DM/04_DuHuaJiePouDao.jpg,在体内将已有的毒配制出自己需要的毒然后植如他人体内，按照技能等级增加每次对敌人造成的中毒伤害,4,10,1,3,0,100000,30,11000,2,121,100000,-1,0,7
122,94,毒化解剖刀,/images/Skill/DM/04_DuHuaJiePouDao.jpg,在体内将已有的毒配制出自己需要的毒然后植如他人体内，按照技能等级增加每次对敌人造成的中毒伤害,4,10,2,3,0,100000,33,18000,2,122,100000,-1,0,7
123,94,毒化解剖刀,/images/Skill/DM/04_DuHuaJiePouDao.jpg,在体内将已有的毒配制出自己需要的毒然后植如他人体内，按照技能等级增加每次对敌人造成的中毒伤害,4,10,3,3,0,100000,36,30000,2,123,100000,-1,0,7
124,94,毒化解剖刀,/images/Skill/DM/04_DuHuaJiePouDao.jpg,在体内将已有的毒配制出自己需要的毒然后植如他人体内，按照技能等级增加每次对敌人造成的中毒伤害,4,10,4,3,0,100000,39,45000,2,124,100000,-1,0,7
125,94,毒化解剖刀,/images/Skill/DM/04_DuHuaJiePouDao.jpg,在体内将已有的毒配制出自己需要的毒然后植如他人体内，按照技能等级增加每次对敌人造成的中毒伤害,4,10,5,3,0,100000,42,70000,2,125,100000,-1,0,7
126,94,毒化解剖刀,/images/Skill/DM/04_DuHuaJiePouDao.jpg,在体内将已有的毒配制出自己需要的毒然后植如他人体内，按照技能等级增加每次对敌人造成的中毒伤害,4,10,6,3,0,100000,45,128200,2,126,100000,-1,0,7
127,94,毒化解剖刀,/images/Skill/DM/04_DuHuaJiePouDao.jpg,在体内将已有的毒配制出自己需要的毒然后植如他人体内，按照技能等级增加每次对敌人造成的中毒伤害,4,10,7,3,0,100000,48,177000,2,127,100000,-1,0,7
128,94,毒化解剖刀,/images/Skill/DM/04_DuHuaJiePouDao.jpg,在体内将已有的毒配制出自己需要的毒然后植如他人体内，按照技能等级增加每次对敌人造成的中毒伤害,4,10,8,3,0,100000,51,239700,2,128,100000,-1,0,7
129,94,毒化解剖刀,/images/Skill/DM/04_DuHuaJiePouDao.jpg,在体内将已有的毒配制出自己需要的毒然后植如他人体内，按照技能等级增加每次对敌人造成的中毒伤害,4,10,9,3,0,100000,54,320000,2,129,100000,-1,0,7
130,94,毒化解剖刀,/images/Skill/DM/04_DuHuaJiePouDao.jpg,在体内将已有的毒配制出自己需要的毒然后植如他人体内，按照技能等级增加每次对敌人造成的中毒伤害,4,10,10,3,0,100000,57,0,2,130,100000,-1,0,7
141,94,白眼,/images/Skill/DM/04_BaiYan.jpg,拥有透视的能力，观察对方的查克拉动向及变化，使用者可以在每次攻击时吸取对方法力(不可与写轮眼共同使用),4,10,1,2,250,100000,40,71200,3,141,100000,-1,0,8
142,94,白眼,/images/Skill/DM/04_BaiYan.jpg,拥有透视的能力，观察对方的查克拉动向及变化，使用者可以在每次攻击时吸取对方法力(不可与写轮眼共同使用),4,10,2,2,275,100000,43,102100,3,142,100000,-1,0,8
143,94,白眼,/images/Skill/DM/04_BaiYan.jpg,拥有透视的能力，观察对方的查克拉动向及变化，使用者可以在每次攻击时吸取对方法力(不可与写轮眼共同使用),4,10,3,2,300,100000,46,143100,3,143,100000,-1,0,8
144,94,白眼,/images/Skill/DM/04_BaiYan.jpg,拥有透视的能力，观察对方的查克拉动向及变化，使用者可以在每次攻击时吸取对方法力(不可与写轮眼共同使用),4,10,4,2,325,100000,49,196200,3,144,100000,-1,0,8
145,94,白眼,/images/Skill/DM/04_BaiYan.jpg,拥有透视的能力，观察对方的查克拉动向及变化，使用者可以在每次攻击时吸取对方法力(不可与写轮眼共同使用),4,10,5,2,350,100000,52,264100,3,145,100000,-1,0,8
146,94,白眼,/images/Skill/DM/04_BaiYan.jpg,拥有透视的能力，观察对方的查克拉动向及变化，使用者可以在每次攻击时吸取对方法力(不可与写轮眼共同使用),4,10,6,2,375,100000,55,360000,3,146,100000,-1,0,8
147,94,白眼,/images/Skill/DM/04_BaiYan.jpg,拥有透视的能力，观察对方的查克拉动向及变化，使用者可以在每次攻击时吸取对方法力(不可与写轮眼共同使用),4,10,7,2,400,100000,58,0,3,147,100000,-1,0,8
148,94,白眼,/images/Skill/DM/04_BaiYan.jpg,拥有透视的能力，观察对方的查克拉动向及变化，使用者可以在每次攻击时吸取对方法力(不可与写轮眼共同使用),4,10,8,2,425,100000,61,0,3,148,100000,-1,0,8
149,94,白眼,/images/Skill/DM/04_BaiYan.jpg,拥有透视的能力，观察对方的查克拉动向及变化，使用者可以在每次攻击时吸取对方法力(不可与写轮眼共同使用),4,10,9,2,450,100000,64,0,3,149,100000,-1,0,8
150,94,白眼,/images/Skill/DM/04_BaiYan.jpg,拥有透视的能力，观察对方的查克拉动向及变化，使用者可以在每次攻击时吸取对方法力(不可与写轮眼共同使用),4,10,10,2,475,100000,67,0,3,150,100000,-1,0,8
161,94,写轮眼,/images/Skill/DM/04_XieLunYan.jpg,超强的洞察力，按照技能等级，可以提升吸取敌人体力的能力(不可与白眼共同使用),4,10,1,2,250,100000,40,52000,3,161,100000,-1,0,9
162,94,写轮眼,/images/Skill/DM/04_XieLunYan.jpg,超强的洞察力，按照技能等级，可以提升吸取敌人体力的能力(不可与白眼共同使用),4,10,2,2,275,100000,43,80000,3,162,100000,-1,0,9
163,94,写轮眼,/images/Skill/DM/04_XieLunYan.jpg,超强的洞察力，按照技能等级，可以提升吸取敌人体力的能力(不可与白眼共同使用),4,10,3,2,300,100000,46,143100,3,163,100000,-1,0,9
164,94,写轮眼,/images/Skill/DM/04_XieLunYan.jpg,超强的洞察力，按照技能等级，可以提升吸取敌人体力的能力(不可与白眼共同使用),4,10,4,2,325,100000,49,196200,3,164,100000,-1,0,9
165,94,写轮眼,/images/Skill/DM/04_XieLunYan.jpg,超强的洞察力，按照技能等级，可以提升吸取敌人体力的能力(不可与白眼共同使用),4,10,5,2,350,100000,52,264100,3,165,100000,-1,0,9
166,94,写轮眼,/images/Skill/DM/04_XieLunYan.jpg,超强的洞察力，按照技能等级，可以提升吸取敌人体力的能力(不可与白眼共同使用),4,10,6,2,375,100000,55,360000,3,166,100000,-1,0,9
167,94,写轮眼,/images/Skill/DM/04_XieLunYan.jpg,超强的洞察力，按照技能等级，可以提升吸取敌人体力的能力(不可与白眼共同使用),4,10,7,2,400,100000,58,0,3,167,100000,-1,0,9
168,94,写轮眼,/images/Skill/DM/04_XieLunYan.jpg,超强的洞察力，按照技能等级，可以提升吸取敌人体力的能力(不可与白眼共同使用),4,10,8,2,425,100000,61,0,3,168,100000,-1,0,9
169,94,写轮眼,/images/Skill/DM/04_XieLunYan.jpg,超强的洞察力，按照技能等级，可以提升吸取敌人体力的能力(不可与白眼共同使用),4,10,9,2,450,100000,64,0,3,169,100000,-1,0,9
170,94,写轮眼,/images/Skill/DM/04_XieLunYan.jpg,超强的洞察力，按照技能等级，可以提升吸取敌人体力的能力(不可与白眼共同使用),4,10,10,2,475,100000,67,0,3,170,100000,-1,0,9
181,94,千年杀,/images/Skill/DM/04_QianNianSha.jpg,结虎印，使自身攻击伤害提高，再将手指插入敌人肛门造成极大痛楚，使敌人攻击意识降低。,4,10,1,1,75,100000,41,60000,3,181;191,100000;100000,-1,0,10
182,94,千年杀,/images/Skill/DM/04_QianNianSha.jpg,结虎印，使自身攻击伤害提高，再将手指插入敌人肛门造成极大痛楚，使敌人攻击意识降低。,4,10,2,1,80,100000,44,100000,3,182;192,100000;100000,-1,0,10
183,94,千年杀,/images/Skill/DM/04_QianNianSha.jpg,结虎印，使自身攻击伤害提高，再将手指插入敌人肛门造成极大痛楚，使敌人攻击意识降低。,4,10,3,1,85,100000,47,160000,3,183;193,100000;100000,-1,0,10
184,94,千年杀,/images/Skill/DM/04_QianNianSha.jpg,结虎印，使自身攻击伤害提高，再将手指插入敌人肛门造成极大痛楚，使敌人攻击意识降低。,4,10,4,1,90,100000,50,214000,3,184;194,100000;100000,-1,0,10
185,94,千年杀,/images/Skill/DM/04_QianNianSha.jpg,结虎印，使自身攻击伤害提高，再将手指插入敌人肛门造成极大痛楚，使敌人攻击意识降低。,4,10,5,1,95,100000,53,290000,3,185;195,100000;100000,-1,0,10
186,94,千年杀,/images/Skill/DM/04_QianNianSha.jpg,结虎印，使自身攻击伤害提高，再将手指插入敌人肛门造成极大痛楚，使敌人攻击意识降低。,4,10,6,1,100,100000,56,0,3,186;196,100000;100000,-1,0,10
187,94,千年杀,/images/Skill/DM/04_QianNianSha.jpg,结虎印，使自身攻击伤害提高，再将手指插入敌人肛门造成极大痛楚，使敌人攻击意识降低。,4,10,7,1,105,100000,59,0,3,187;197,100000;100000,-1,0,10
188,94,千年杀,/images/Skill/DM/04_QianNianSha.jpg,结虎印，使自身攻击伤害提高，再将手指插入敌人肛门造成极大痛楚，使敌人攻击意识降低。,4,10,8,1,110,100000,62,0,3,188;198,100000;100000,-1,0,10
189,94,千年杀,/images/Skill/DM/04_QianNianSha.jpg,结虎印，使自身攻击伤害提高，再将手指插入敌人肛门造成极大痛楚，使敌人攻击意识降低。,4,10,9,1,115,100000,65,0,3,189;199,100000;100000,-1,0,10
190,94,千年杀,/images/Skill/DM/04_QianNianSha.jpg,结虎印，使自身攻击伤害提高，再将手指插入敌人肛门造成极大痛楚，使敌人攻击意识降低。,4,10,10,1,120,100000,68,0,3,190;200,100000;100000,-1,0,10
201,94,雷切,/images/Skill/DM/04_LeiQie.jpg,将查克拉集中于手掌，按照技能等级附加攻击力，同时产生的雷电效果使敌人晕眩,4,8,1,1,135,100000,50,214000,3,-1,100000,-1,0,11
221,94,色诱术,/images/Skill/DM/04_SeYouShu.jpg,变身为敌人迷恋的超级性感异性，使其在持续狂喷鼻血产生持续伤害~体力越少则越难以抵御美色，受到的伤害越高。,4,8,1,1,150,100000,50,214000,3,-1,100000,-1,0,12
501,3,强攻法,/images/Skill/MouShi/01_QiangGongFa.png,每个智将的基本技巧，利用精神力量强化自己的攻击力。,4,10,1,1,24,100000,10,100,1,3001,100000,-1,0,51
502,3,强攻法,/images/Skill/MouShi/01_QiangGongFa.png,每个智将的基本技巧，利用精神力量强化自己的攻击力。,4,10,2,1,25,100000,12,100,1,3002,100000,-1,0,51
503,3,强攻法,/images/Skill/MouShi/01_QiangGongFa.png,每个智将的基本技巧，利用精神力量强化自己的攻击力。,4,10,3,1,26,100000,14,200,1,3003,100000,-1,0,51
504,3,强攻法,/images/Skill/MouShi/01_QiangGongFa.png,每个智将的基本技巧，利用精神力量强化自己的攻击力。,4,10,4,1,27,100000,16,300,1,3004,100000,-1,0,51
505,3,强攻法,/images/Skill/MouShi/01_QiangGongFa.png,每个智将的基本技巧，利用精神力量强化自己的攻击力。,4,10,5,1,28,100000,18,600,1,3005,100000,-1,0,51
506,3,强攻法,/images/Skill/MouShi/01_QiangGongFa.png,每个智将的基本技巧，利用精神力量强化自己的攻击力。,4,10,6,1,29,100000,20,1000,1,3006,100000,-1,0,51
507,3,强攻法,/images/Skill/MouShi/01_QiangGongFa.png,每个智将的基本技巧，利用精神力量强化自己的攻击力。,4,10,7,1,30,100000,22,1500,1,3007,100000,-1,0,51
508,3,强攻法,/images/Skill/MouShi/01_QiangGongFa.png,每个智将的基本技巧，利用精神力量强化自己的攻击力。,4,10,8,1,31,100000,24,2300,1,3008,100000,-1,0,51
509,3,强攻法,/images/Skill/MouShi/01_QiangGongFa.png,每个智将的基本技巧，利用精神力量强化自己的攻击力。,4,10,9,1,32,100000,26,3400,1,3009,100000,-1,0,51
510,3,强攻法,/images/Skill/MouShi/01_QiangGongFa.png,每个智将的基本技巧，利用精神力量强化自己的攻击力。,4,10,10,1,33,100000,28,4800,1,3010,100000,-1,0,51
521,3,避实就虚,/images/Skill/MouShi/02_BiShiJiuXu.png,判断对手进攻的方向从而事先闪避，能提高自身的躲闪率。,4,10,1,3,0,100000,11,200,1,3021,100000,-1,0,52
522,3,避实就虚,/images/Skill/MouShi/02_BiShiJiuXu.png,判断对手进攻的方向从而事先闪避，能提高自身的躲闪率。,4,10,2,3,0,100000,13,400,1,3022,100000,-1,0,52
523,3,避实就虚,/images/Skill/MouShi/02_BiShiJiuXu.png,判断对手进攻的方向从而事先闪避，能提高自身的躲闪率。,4,10,3,3,0,100000,15,800,1,3023,100000,-1,0,52
524,3,避实就虚,/images/Skill/MouShi/02_BiShiJiuXu.png,判断对手进攻的方向从而事先闪避，能提高自身的躲闪率。,4,10,4,3,0,100000,17,1400,1,3024,100000,-1,0,52
525,3,避实就虚,/images/Skill/MouShi/02_BiShiJiuXu.png,判断对手进攻的方向从而事先闪避，能提高自身的躲闪率。,4,10,5,3,0,100000,19,2500,1,3025,100000,-1,0,52
526,3,避实就虚,/images/Skill/MouShi/02_BiShiJiuXu.png,判断对手进攻的方向从而事先闪避，能提高自身的躲闪率。,4,10,6,3,0,100000,21,4000,1,3026,100000,-1,0,52
527,3,避实就虚,/images/Skill/MouShi/02_BiShiJiuXu.png,判断对手进攻的方向从而事先闪避，能提高自身的躲闪率。,4,10,7,3,0,100000,23,6300,1,3027,100000,-1,0,52
528,3,避实就虚,/images/Skill/MouShi/02_BiShiJiuXu.png,判断对手进攻的方向从而事先闪避，能提高自身的躲闪率。,4,10,8,3,0,100000,25,9500,1,3028,100000,-1,0,52
529,3,避实就虚,/images/Skill/MouShi/02_BiShiJiuXu.png,判断对手进攻的方向从而事先闪避，能提高自身的躲闪率。,4,10,9,3,0,100000,27,14000,1,3029,100000,-1,0,52
530,3,避实就虚,/images/Skill/MouShi/02_BiShiJiuXu.png,判断对手进攻的方向从而事先闪避，能提高自身的躲闪率。,4,10,10,3,0,100000,29,20000,1,3030,100000,-1,0,52
541,3,疾风计,/images/Skill/MouShi/03_JiFengJi.png,动如疾风，速战速决，提高自己的攻击速度。,4,10,1,1,23,100000,12,100,1,3041,100000,-1,0,53
542,3,疾风计,/images/Skill/MouShi/03_JiFengJi.png,动如疾风，速战速决，提高自己的攻击速度。,4,10,2,1,24,100000,14,200,1,3042,100000,-1,0,53
543,3,疾风计,/images/Skill/MouShi/03_JiFengJi.png,动如疾风，速战速决，提高自己的攻击速度。,4,10,3,1,25,100000,16,300,1,3043,100000,-1,0,53
544,3,疾风计,/images/Skill/MouShi/03_JiFengJi.png,动如疾风，速战速决，提高自己的攻击速度。,4,10,4,1,26,100000,18,600,1,3044,100000,-1,0,53
545,3,疾风计,/images/Skill/MouShi/03_JiFengJi.png,动如疾风，速战速决，提高自己的攻击速度。,4,10,5,1,27,100000,20,1000,1,3045,100000,-1,0,53
546,3,疾风计,/images/Skill/MouShi/03_JiFengJi.png,动如疾风，速战速决，提高自己的攻击速度。,4,10,6,1,28,100000,22,1500,1,3046,100000,-1,0,53
547,3,疾风计,/images/Skill/MouShi/03_JiFengJi.png,动如疾风，速战速决，提高自己的攻击速度。,4,10,7,1,29,100000,24,2300,1,3047,100000,-1,0,53
548,3,疾风计,/images/Skill/MouShi/03_JiFengJi.png,动如疾风，速战速决，提高自己的攻击速度。,4,10,8,1,30,100000,26,3400,1,3048,100000,-1,0,53
549,3,疾风计,/images/Skill/MouShi/03_JiFengJi.png,动如疾风，速战速决，提高自己的攻击速度。,4,10,9,1,31,100000,28,4800,1,3049,100000,-1,0,53
550,3,疾风计,/images/Skill/MouShi/03_JiFengJi.png,动如疾风，速战速决，提高自己的攻击速度。,4,10,10,1,32,100000,30,6800,1,3050,100000,-1,0,53
561,3,机略深远,/images/Skill/MouShi/04_JiLueShenYuan.png,谋士的基本素质，提升自身的机警值。,4,10,1,3,0,100000,20,3200,1,3061,100000,-1,0,54
562,3,机略深远,/images/Skill/MouShi/04_JiLueShenYuan.png,谋士的基本素质，提升自身的机警值。,4,10,2,3,0,100000,22,5100,1,3062,100000,-1,0,54
563,3,机略深远,/images/Skill/MouShi/04_JiLueShenYuan.png,谋士的基本素质，提升自身的机警值。,4,10,3,3,0,100000,24,7800,1,3063,100000,-1,0,54
564,3,机略深远,/images/Skill/MouShi/04_JiLueShenYuan.png,谋士的基本素质，提升自身的机警值。,4,10,4,3,0,100000,26,11600,1,3064,100000,-1,0,54
565,3,机略深远,/images/Skill/MouShi/04_JiLueShenYuan.png,谋士的基本素质，提升自身的机警值。,4,10,5,3,0,100000,28,16800,1,3065,100000,-1,0,54
566,3,机略深远,/images/Skill/MouShi/04_JiLueShenYuan.png,谋士的基本素质，提升自身的机警值。,4,10,6,3,0,100000,30,23700,1,3066,100000,-1,0,54
567,3,机略深远,/images/Skill/MouShi/04_JiLueShenYuan.png,谋士的基本素质，提升自身的机警值。,4,10,7,3,0,100000,32,32700,1,3067,100000,-1,0,54
568,3,机略深远,/images/Skill/MouShi/04_JiLueShenYuan.png,谋士的基本素质，提升自身的机警值。,4,10,8,3,0,100000,34,44200,1,3068,100000,-1,0,54
569,3,机略深远,/images/Skill/MouShi/04_JiLueShenYuan.png,谋士的基本素质，提升自身的机警值。,4,10,9,3,0,100000,36,58800,1,3069,100000,-1,0,54
570,3,机略深远,/images/Skill/MouShi/04_JiLueShenYuan.png,谋士的基本素质，提升自身的机警值。,4,10,10,3,0,100000,38,77100,1,3070,100000,-1,0,54
581,3,火攻计,/images/Skill/MouShi/06_HuoGongJi.png,以火焰攻击对手，使其被灼伤而更容易受到伤害。,4,10,1,1,28,100000,21,1200,2,3081,100000,-1,0,55
582,3,火攻计,/images/Skill/MouShi/06_HuoGongJi.png,以火焰攻击对手，使其被灼伤而更容易受到伤害。,4,10,2,1,30,100000,23,1800,2,3082,100000,-1,0,55
583,3,火攻计,/images/Skill/MouShi/06_HuoGongJi.png,以火焰攻击对手，使其被灼伤而更容易受到伤害。,4,10,3,1,32,100000,25,2800,2,3083,100000,-1,0,55
584,3,火攻计,/images/Skill/MouShi/06_HuoGongJi.png,以火焰攻击对手，使其被灼伤而更容易受到伤害。,4,10,4,1,34,100000,27,4000,2,3084,100000,-1,0,55
585,3,火攻计,/images/Skill/MouShi/06_HuoGongJi.png,以火焰攻击对手，使其被灼伤而更容易受到伤害。,4,10,5,1,36,100000,29,5700,2,3085,100000,-1,0,55
586,3,火攻计,/images/Skill/MouShi/06_HuoGongJi.png,以火焰攻击对手，使其被灼伤而更容易受到伤害。,4,10,6,1,38,100000,31,8000,2,3086,100000,-1,0,55
587,3,火攻计,/images/Skill/MouShi/06_HuoGongJi.png,以火焰攻击对手，使其被灼伤而更容易受到伤害。,4,10,7,1,40,100000,33,10900,2,3087,100000,-1,0,55
588,3,火攻计,/images/Skill/MouShi/06_HuoGongJi.png,以火焰攻击对手，使其被灼伤而更容易受到伤害。,4,10,8,1,42,100000,35,14600,2,3088,100000,-1,0,55
589,3,火攻计,/images/Skill/MouShi/06_HuoGongJi.png,以火焰攻击对手，使其被灼伤而更容易受到伤害。,4,10,9,1,44,100000,37,19300,2,3089,100000,-1,0,55
590,3,火攻计,/images/Skill/MouShi/06_HuoGongJi.png,以火焰攻击对手，使其被灼伤而更容易受到伤害。,4,10,10,1,46,100000,39,25100,2,3090,100000,-1,0,55
601,3,斜掠计,/images/Skill/MouShi/05_XieLueJi.png,劫掠如火，连续两次攻击对手，但命中率降低。,4,10,1,1,35,100000,26,3400,2,3101,100000,-1,0,56
602,3,斜掠计,/images/Skill/MouShi/05_XieLueJi.png,劫掠如火，连续两次攻击对手，但命中率降低。,4,10,2,1,37,100000,29,5700,2,3102,100000,-1,0,56
603,3,斜掠计,/images/Skill/MouShi/05_XieLueJi.png,劫掠如火，连续两次攻击对手，但命中率降低。,4,10,3,1,39,100000,32,9400,2,3103,100000,-1,0,56
604,3,斜掠计,/images/Skill/MouShi/05_XieLueJi.png,劫掠如火，连续两次攻击对手，但命中率降低。,4,10,4,1,41,100000,35,14600,2,3104,100000,-1,0,56
605,3,斜掠计,/images/Skill/MouShi/05_XieLueJi.png,劫掠如火，连续两次攻击对手，但命中率降低。,4,10,5,1,43,100000,38,22100,2,3105,100000,-1,0,56
606,3,斜掠计,/images/Skill/MouShi/05_XieLueJi.png,劫掠如火，连续两次攻击对手，但命中率降低。,4,10,6,1,45,100000,41,32200,2,3106,100000,-1,0,56
607,3,斜掠计,/images/Skill/MouShi/05_XieLueJi.png,劫掠如火，连续两次攻击对手，但命中率降低。,4,10,7,1,47,100000,44,45900,2,3107,100000,-1,0,56
608,3,斜掠计,/images/Skill/MouShi/05_XieLueJi.png,劫掠如火，连续两次攻击对手，但命中率降低。,4,10,8,1,49,100000,47,63800,2,3108,100000,-1,0,56
609,3,斜掠计,/images/Skill/MouShi/05_XieLueJi.png,劫掠如火，连续两次攻击对手，但命中率降低。,4,10,9,1,51,100000,50,86900,2,3109,100000,-1,0,56
610,3,斜掠计,/images/Skill/MouShi/05_XieLueJi.png,劫掠如火，连续两次攻击对手，但命中率降低。,4,10,10,1,53,100000,53,116200,2,3110,100000,-1,0,56
621,93,绝情战意,null,null,4,10,1,2,225,100000,30,23700,2,3201,100000,-1,0,57
622,93,null,null,null,4,10,2,2,240,100000,33,38100,2,3202,100000,-1,0,57
623,93,null,null,null,4,10,3,2,255,100000,36,58800,2,3203,100000,-1,0,57
624,93,null,null,null,4,10,4,2,270,100000,39,87800,2,3204,100000,-1,0,57
625,93,null,null,null,4,10,5,2,285,100000,42,127100,2,3205,100000,-1,0,57
626,93,null,null,null,4,10,6,2,300,100000,45,0,2,3206,100000,-1,0,57
627,93,null,null,null,4,10,7,2,315,100000,48,0,2,3207,100000,-1,0,57
628,93,null,null,null,4,10,8,2,330,100000,51,335500,2,3208,100000,-1,0,57
629,93,null,null,null,4,10,9,2,345,100000,54,0,2,3209,100000,-1,0,57
630,93,null,null,null,4,10,10,2,360,100000,57,0,2,3210,100000,-1,0,57
641,93,斥魂,null,null,4,10,1,1,36,100000,38,22100,3,3221,100000,-1,0,58
642,93,null,null,null,4,10,2,1,39,100000,41,32200,3,3222,100000,-1,0,58
643,93,null,null,null,4,10,3,1,42,100000,44,45900,3,3223,100000,-1,0,58
644,93,null,null,null,4,10,4,1,45,100000,47,63800,3,3224,100000,-1,0,58
645,93,null,null,null,4,10,5,1,48,100000,50,86900,3,3225,100000,-1,0,58
646,93,null,null,null,4,10,6,1,51,100000,53,116200,3,3226,100000,-1,0,58
647,93,null,null,null,4,10,7,1,54,100000,56,153400,3,3227,100000,-1,0,58
648,93,null,null,null,4,10,8,1,57,100000,59,199500,3,3228,100000,-1,0,58
649,93,null,null,null,4,10,9,1,60,100000,62,255000,3,3229,100000,-1,0,58
650,93,null,null,null,4,10,10,1,63,100000,65,319800,3,3230,100000,-1,0,58
661,93,残杀战意,null,null,4,10,1,2,300,100000,40,99600,3,3241,100000,-1,0,59
662,93,null,null,null,4,10,2,2,320,100000,43,143000,3,3242,100000,-1,0,59
663,93,null,null,null,4,10,3,2,340,100000,46,200300,3,3243,100000,-1,0,59
664,93,null,null,null,4,10,4,2,360,100000,49,274700,3,3244,100000,-1,0,59
665,93,null,null,null,4,10,5,2,380,100000,52,369700,3,3245,100000,-1,0,59
666,93,null,null,null,4,10,6,2,400,100000,55,0,3,3246,100000,-1,0,59
667,93,null,null,null,4,10,7,2,420,100000,58,0,3,3247,100000,-1,0,59
668,93,null,null,null,4,10,8,2,440,100000,61,0,3,3248,100000,-1,0,59
669,93,null,null,null,4,10,9,2,460,100000,64,0,3,3249,100000,-1,0,59
670,93,null,null,null,4,10,10,2,480,100000,67,0,3,3250,100000,-1,0,59
681,93,断义战意,null,null,4,10,1,2,300,100000,40,99600,3,3261,100000,-1,0,60
682,93,null,null,null,4,10,2,2,320,100000,43,143000,3,3262,100000,-1,0,60
683,93,null,null,null,4,10,3,2,340,100000,46,200300,3,3263,100000,-1,0,60
684,93,null,null,null,4,10,4,2,360,100000,49,274700,3,3264,100000,-1,0,60
685,93,null,null,null,4,10,5,2,380,100000,52,369700,3,3265,100000,-1,0,60
686,93,null,null,null,4,10,6,2,400,100000,55,0,3,3266,100000,-1,0,60
687,93,null,null,null,4,10,7,2,420,100000,58,0,3,3267,100000,-1,0,60
688,93,null,null,null,4,10,8,2,440,100000,61,0,3,3268,100000,-1,0,60
689,93,null,null,null,4,10,9,2,460,100000,64,0,3,3269,100000,-1,0,60
690,93,null,null,null,4,10,10,2,480,100000,67,0,3,3270,100000,-1,0,60
701,93,无命,null,null,4,8,1,1,0,100000,50,86900,3,3281,100000,-1,0,61
702,93,null,null,null,4,8,2,1,0,100000,54,127600,3,3282,100000,-1,0,61
703,93,null,null,null,4,8,3,1,0,100000,58,0,3,3283,100000,-1,0,61
721,93,噬魄,null,null,4,8,1,1,45,100000,50,86900,3,-1,100000,-1,0,62
722,93,null,null,null,4,8,2,1,0,100000,54,127600,3,-1,100000,-1,0,62
1001,1,基本战法,/images/Skill/WuShi/01_JiBenZhanFa.png,每个武将的基本技巧，战场上的常用战法。可以增加攻击力。,2,10,1,1,30,100000,10,100,1,1001,100000,-1,0,101
1002,1,基本战法,/images/Skill/WuShi/01_JiBenZhanFa.png,每个武将的基本技巧，战场上的常用战法。可以增加攻击力。,2,10,2,1,32,100000,12,200,1,1002,100000,-1,0,101
1003,1,基本战法,/images/Skill/WuShi/01_JiBenZhanFa.png,每个武将的基本技巧，战场上的常用战法。可以增加攻击力。,2,10,3,1,34,100000,14,450,1,1003,100000,-1,0,101
1004,1,基本战法,/images/Skill/WuShi/01_JiBenZhanFa.png,每个武将的基本技巧，战场上的常用战法。可以增加攻击力。,2,10,4,1,36,100000,16,750,1,1004,100000,-1,0,101
1005,1,基本战法,/images/Skill/WuShi/01_JiBenZhanFa.png,每个武将的基本技巧，战场上的常用战法。可以增加攻击力。,2,10,5,1,38,100000,18,1100,1,1005,100000,-1,0,101
1006,1,基本战法,/images/Skill/WuShi/01_JiBenZhanFa.png,每个武将的基本技巧，战场上的常用战法。可以增加攻击力。,2,10,6,1,40,100000,20,1800,1,1006,100000,-1,0,101
1007,1,基本战法,/images/Skill/WuShi/01_JiBenZhanFa.png,每个武将的基本技巧，战场上的常用战法。可以增加攻击力。,2,10,7,1,42,100000,22,2800,1,1007,100000,-1,0,101
1008,1,基本战法,/images/Skill/WuShi/01_JiBenZhanFa.png,每个武将的基本技巧，战场上的常用战法。可以增加攻击力。,2,10,8,1,44,100000,24,4600,1,1008,100000,-1,0,101
1009,1,基本战法,/images/Skill/WuShi/01_JiBenZhanFa.png,每个武将的基本技巧，战场上的常用战法。可以增加攻击力。,2,10,9,1,46,100000,26,6000,1,1009,100000,-1,0,101
1010,1,基本战法,/images/Skill/WuShi/01_JiBenZhanFa.png,每个武将的基本技巧，战场上的常用战法。可以增加攻击力。,2,10,10,1,48,100000,28,8000,1,1010,100000,-1,0,101
1021,1,武勇战法,/images/Skill/WuShi/03_WuYongZhanFa.png,精于武勇的武士所擅长的战法，武勇值越高威力越大。,2,10,1,1,32,100000,12,200,1,1021,100000;100000,-1,0,102
1022,1,武勇战法,/images/Skill/WuShi/03_WuYongZhanFa.png,精于武勇的武士所擅长的战法，武勇值越高威力越大。,2,10,2,1,34,100000,14,450,1,1022,100000;100000,-1,0,102
1023,1,武勇战法,/images/Skill/WuShi/03_WuYongZhanFa.png,精于武勇的武士所擅长的战法，武勇值越高威力越大。,2,10,3,1,36,100000,16,750,1,1023,100000;100000,-1,0,102
1024,1,武勇战法,/images/Skill/WuShi/03_WuYongZhanFa.png,精于武勇的武士所擅长的战法，武勇值越高威力越大。,2,10,4,1,38,100000,18,1100,1,1024,100000;100000,-1,0,102
1025,1,武勇战法,/images/Skill/WuShi/03_WuYongZhanFa.png,精于武勇的武士所擅长的战法，武勇值越高威力越大。,2,10,5,1,40,100000,20,1800,1,1025,100000;100000,-1,0,102
1026,1,武勇战法,/images/Skill/WuShi/03_WuYongZhanFa.png,精于武勇的武士所擅长的战法，武勇值越高威力越大。,2,10,6,1,42,100000,22,2800,1,1026,100000;100000,-1,0,102
1027,1,武勇战法,/images/Skill/WuShi/03_WuYongZhanFa.png,精于武勇的武士所擅长的战法，武勇值越高威力越大。,2,10,7,1,44,100000,24,4600,1,1027,100000;100000,-1,0,102
1028,1,武勇战法,/images/Skill/WuShi/03_WuYongZhanFa.png,精于武勇的武士所擅长的战法，武勇值越高威力越大。,2,10,8,1,46,100000,26,6000,1,1028,100000;100000,-1,0,102
1029,1,武勇战法,/images/Skill/WuShi/03_WuYongZhanFa.png,精于武勇的武士所擅长的战法，武勇值越高威力越大。,2,10,9,1,48,100000,28,8000,1,1029,100000;100000,-1,0,102
1030,1,武勇战法,/images/Skill/WuShi/03_WuYongZhanFa.png,精于武勇的武士所擅长的战法，武勇值越高威力越大。,2,10,10,1,50,100000,30,11000,1,1030,100000;100000,-1,0,102
1041,1,武术锻炼,/images/Skill/WuShi/02_WuShuDuanLian.png,武士日常的锻炼，精通武术之人出手无不百发百中。按照技能等级提升人物的命中率。,2,10,1,3,0,100000,11,150,1,1041,100000,-1,0,103
1042,1,武术锻炼,/images/Skill/WuShi/02_WuShuDuanLian.png,武士日常的锻炼，精通武术之人出手无不百发百中。按照技能等级提升人物的命中率。,2,10,2,3,0,100000,13,300,1,1042,100000,-1,0,103
1043,1,武术锻炼,/images/Skill/WuShi/02_WuShuDuanLian.png,武士日常的锻炼，精通武术之人出手无不百发百中。按照技能等级提升人物的命中率。,2,10,3,3,0,100000,15,600,1,1043,100000,-1,0,103
1044,1,武术锻炼,/images/Skill/WuShi/02_WuShuDuanLian.png,武士日常的锻炼，精通武术之人出手无不百发百中。按照技能等级提升人物的命中率。,2,10,4,3,0,100000,17,900,1,1044,100000,-1,0,103
1045,1,武术锻炼,/images/Skill/WuShi/02_WuShuDuanLian.png,武士日常的锻炼，精通武术之人出手无不百发百中。按照技能等级提升人物的命中率。,2,10,5,3,0,100000,19,1400,1,1045,100000,-1,0,103
1046,1,武术锻炼,/images/Skill/WuShi/02_WuShuDuanLian.png,武士日常的锻炼，精通武术之人出手无不百发百中。按照技能等级提升人物的命中率。,2,10,6,3,0,100000,21,2300,1,1046,100000,-1,0,103
1047,1,武术锻炼,/images/Skill/WuShi/02_WuShuDuanLian.png,武士日常的锻炼，精通武术之人出手无不百发百中。按照技能等级提升人物的命中率。,2,10,7,3,0,100000,23,3300,1,1047,100000,-1,0,103
1048,1,武术锻炼,/images/Skill/WuShi/02_WuShuDuanLian.png,武士日常的锻炼，精通武术之人出手无不百发百中。按照技能等级提升人物的命中率。,2,10,8,3,0,100000,25,5400,1,1048,100000,-1,0,103
1049,1,武术锻炼,/images/Skill/WuShi/02_WuShuDuanLian.png,武士日常的锻炼，精通武术之人出手无不百发百中。按照技能等级提升人物的命中率。,2,10,9,3,0,100000,27,6800,1,1049,100000,-1,0,103
1050,1,武术锻炼,/images/Skill/WuShi/02_WuShuDuanLian.png,武士日常的锻炼，精通武术之人出手无不百发百中。按照技能等级提升人物的命中率。,2,10,10,3,0,100000,29,9500,1,1050,100000,-1,0,103
1061,1,机敏战法,/images/Skill/WuShi/04_JiJingZhanFa.png,精于机警的武士所擅长的战法，机警值越高攻击力越强。,2,10,1,1,32,100000,12,200,1,1061,100000,-1,0,104
1062,1,机敏战法,/images/Skill/WuShi/04_JiJingZhanFa.png,精于机警的武士所擅长的战法，机警值越高攻击力越强。,2,10,2,1,34,100000,14,450,1,1062,100000,-1,0,104
1063,1,机敏战法,/images/Skill/WuShi/04_JiJingZhanFa.png,精于机警的武士所擅长的战法，机警值越高攻击力越强。,2,10,3,1,36,100000,16,750,1,1063,100000,-1,0,104
1064,1,机敏战法,/images/Skill/WuShi/04_JiJingZhanFa.png,精于机警的武士所擅长的战法，机警值越高攻击力越强。,2,10,4,1,38,100000,18,1100,1,1064,100000,-1,0,104
1065,1,机敏战法,/images/Skill/WuShi/04_JiJingZhanFa.png,精于机警的武士所擅长的战法，机警值越高攻击力越强。,2,10,5,1,40,100000,20,1800,1,1065,100000,-1,0,104
1066,1,机敏战法,/images/Skill/WuShi/04_JiJingZhanFa.png,精于机警的武士所擅长的战法，机警值越高攻击力越强。,2,10,6,1,42,100000,22,2800,1,1066,100000,-1,0,104
1067,1,机敏战法,/images/Skill/WuShi/04_JiJingZhanFa.png,精于机警的武士所擅长的战法，机警值越高攻击力越强。,2,10,7,1,44,100000,24,4600,1,1067,100000,-1,0,104
1068,1,机敏战法,/images/Skill/WuShi/04_JiJingZhanFa.png,精于机警的武士所擅长的战法，机警值越高攻击力越强。,2,10,8,1,46,100000,26,6000,1,1068,100000,-1,0,104
1069,1,机敏战法,/images/Skill/WuShi/04_JiJingZhanFa.png,精于机警的武士所擅长的战法，机警值越高攻击力越强。,2,10,9,1,48,100000,28,8000,1,1069,100000,-1,0,104
1070,1,机敏战法,/images/Skill/WuShi/04_JiJingZhanFa.png,精于机警的武士所擅长的战法，机警值越高攻击力越强。,2,10,10,1,50,100000,30,11000,1,1070,100000,-1,0,104
1081,1,攻守自在,/images/Skill/WuShi/05_GongShouZiZai.png,进攻和防守溶为一体的武术，按技能等级提升人物的防御力。不可和进退自如同时使用。,2,10,1,2,200,100000,20,1800,1,1081,100000,-1,0,105
1082,1,攻守自在,/images/Skill/WuShi/05_GongShouZiZai.png,进攻和防守溶为一体的武术，按技能等级提升人物的防御力。不可和进退自如同时使用。,2,10,2,2,220,100000,22,2800,1,1082,100000,-1,0,105
1083,1,攻守自在,/images/Skill/WuShi/05_GongShouZiZai.png,进攻和防守溶为一体的武术，按技能等级提升人物的防御力。不可和进退自如同时使用。,2,10,3,2,240,100000,24,4600,1,1083,100000,-1,0,105
1084,1,攻守自在,/images/Skill/WuShi/05_GongShouZiZai.png,进攻和防守溶为一体的武术，按技能等级提升人物的防御力。不可和进退自如同时使用。,2,10,4,2,260,100000,26,6000,1,1084,100000,-1,0,105
1085,1,攻守自在,/images/Skill/WuShi/05_GongShouZiZai.png,进攻和防守溶为一体的武术，按技能等级提升人物的防御力。不可和进退自如同时使用。,2,10,5,2,280,100000,28,8000,1,1085,100000,-1,0,105
1086,1,攻守自在,/images/Skill/WuShi/05_GongShouZiZai.png,进攻和防守溶为一体的武术，按技能等级提升人物的防御力。不可和进退自如同时使用。,2,10,6,2,300,100000,30,11000,1,1086,100000,-1,0,105
1087,1,攻守自在,/images/Skill/WuShi/05_GongShouZiZai.png,进攻和防守溶为一体的武术，按技能等级提升人物的防御力。不可和进退自如同时使用。,2,10,7,2,320,100000,32,15000,1,1087,100000,-1,0,105
1088,1,攻守自在,/images/Skill/WuShi/05_GongShouZiZai.png,进攻和防守溶为一体的武术，按技能等级提升人物的防御力。不可和进退自如同时使用。,2,10,8,2,340,100000,34,22000,1,1088,100000,-1,0,105
1089,1,攻守自在,/images/Skill/WuShi/05_GongShouZiZai.png,进攻和防守溶为一体的武术，按技能等级提升人物的防御力。不可和进退自如同时使用。,2,10,9,2,360,100000,36,30000,1,1089,100000,-1,0,105
1090,1,攻守自在,/images/Skill/WuShi/05_GongShouZiZai.png,进攻和防守溶为一体的武术，按技能等级提升人物的防御力。不可和进退自如同时使用。,2,10,10,2,380,100000,38,40000,1,1090,100000,-1,0,105
1101,1,进退自如,/images/Skill/WuShi/06_JinTuiZiRu.png,前进和后退溶为一体的武术，按技能等级提升人物的躲闪率。不可和攻守自在同时使用。,2,10,1,2,200,100000,20,1800,1,1101,100000,-1,0,106
1102,1,进退自如,/images/Skill/WuShi/06_JinTuiZiRu.png,前进和后退溶为一体的武术，按技能等级提升人物的躲闪率。不可和攻守自在同时使用。,2,10,2,2,220,100000,22,2800,1,1102,100000,-1,0,106
1103,1,进退自如,/images/Skill/WuShi/06_JinTuiZiRu.png,前进和后退溶为一体的武术，按技能等级提升人物的躲闪率。不可和攻守自在同时使用。,2,10,3,2,240,100000,24,4600,1,1103,100000,-1,0,106
1104,1,进退自如,/images/Skill/WuShi/06_JinTuiZiRu.png,前进和后退溶为一体的武术，按技能等级提升人物的躲闪率。不可和攻守自在同时使用。,2,10,4,2,260,100000,26,6000,1,1104,100000,-1,0,106
1105,1,进退自如,/images/Skill/WuShi/06_JinTuiZiRu.png,前进和后退溶为一体的武术，按技能等级提升人物的躲闪率。不可和攻守自在同时使用。,2,10,5,2,280,100000,28,8000,1,1105,100000,-1,0,106
1106,1,进退自如,/images/Skill/WuShi/06_JinTuiZiRu.png,前进和后退溶为一体的武术，按技能等级提升人物的躲闪率。不可和攻守自在同时使用。,2,10,6,2,300,100000,30,11000,1,1106,100000,-1,0,106
1107,1,进退自如,/images/Skill/WuShi/06_JinTuiZiRu.png,前进和后退溶为一体的武术，按技能等级提升人物的躲闪率。不可和攻守自在同时使用。,2,10,7,2,320,100000,32,15000,1,1107,100000,-1,0,106
1108,1,进退自如,/images/Skill/WuShi/06_JinTuiZiRu.png,前进和后退溶为一体的武术，按技能等级提升人物的躲闪率。不可和攻守自在同时使用。,2,10,8,2,340,100000,34,22000,1,1108,100000,-1,0,106
1109,1,进退自如,/images/Skill/WuShi/06_JinTuiZiRu.png,前进和后退溶为一体的武术，按技能等级提升人物的躲闪率。不可和攻守自在同时使用。,2,10,9,2,360,100000,36,30000,1,1109,100000,-1,0,106
1110,1,进退自如,/images/Skill/WuShi/06_JinTuiZiRu.png,前进和后退溶为一体的武术，按技能等级提升人物的躲闪率。不可和攻守自在同时使用。,2,10,10,2,380,100000,38,40000,1,1110,100000,-1,0,106
1121,91,元气弹,/images/Skill/DM/01_YuanQiDan.png,双手举过头顶，蓄积全身的力量后掷出的能量弹。威力巨大。降低命中以提升攻击力。,2,10,1,1,54,100000,30,11000,2,1121;1131,100000;100000,-1,0,107
1122,91,元气弹,/images/Skill/DM/01_YuanQiDan.png,双手举过头顶，蓄积全身的力量后掷出的能量弹。威力巨大。降低命中以提升攻击力。,2,10,2,1,59,100000,33,18000,2,1122;1132,100000;100000,-1,0,107
1123,91,元气弹,/images/Skill/DM/01_YuanQiDan.png,双手举过头顶，蓄积全身的力量后掷出的能量弹。威力巨大。降低命中以提升攻击力。,2,10,3,1,64,100000,36,30000,2,1123;1133,100000;100000,-1,0,107
1124,91,元气弹,/images/Skill/DM/01_YuanQiDan.png,双手举过头顶，蓄积全身的力量后掷出的能量弹。威力巨大。降低命中以提升攻击力。,2,10,4,1,69,100000,39,45000,2,1124;1134,100000;100000,-1,0,107
1125,91,元气弹,/images/Skill/DM/01_YuanQiDan.png,双手举过头顶，蓄积全身的力量后掷出的能量弹。威力巨大。降低命中以提升攻击力。,2,10,5,1,74,100000,42,70000,2,1125;1135,100000;100000,-1,0,107
1126,91,元气弹,/images/Skill/DM/01_YuanQiDan.png,双手举过头顶，蓄积全身的力量后掷出的能量弹。威力巨大。降低命中以提升攻击力。,2,10,6,1,79,100000,45,128200,2,1126;1136,100000;100000,-1,0,107
1127,91,元气弹,/images/Skill/DM/01_YuanQiDan.png,双手举过头顶，蓄积全身的力量后掷出的能量弹。威力巨大。降低命中以提升攻击力。,2,10,7,1,84,100000,48,177000,2,1127;1137,100000;100000,-1,0,107
1128,91,元气弹,/images/Skill/DM/01_YuanQiDan.png,双手举过头顶，蓄积全身的力量后掷出的能量弹。威力巨大。降低命中以提升攻击力。,2,10,8,1,89,100000,51,239700,2,1128;1138,100000;100000,-1,0,107
1129,91,元气弹,/images/Skill/DM/01_YuanQiDan.png,双手举过头顶，蓄积全身的力量后掷出的能量弹。威力巨大。降低命中以提升攻击力。,2,10,9,1,94,100000,54,320000,2,1129;1139,100000;100000,-1,0,107
1130,91,元气弹,/images/Skill/DM/01_YuanQiDan.png,双手举过头顶，蓄积全身的力量后掷出的能量弹。威力巨大。降低命中以提升攻击力。,2,10,10,1,99,100000,57,0,2,1130;1140,100000;100000,-1,0,107
1141,91,咚咚波,/images/Skill/DM/01_DongDongBo.png,从食指发出强大的能量束，以迅雷不及掩耳发动双重攻击。,2,10,1,1,53,100000,30,11000,2,1141,100000,-1,0,108
1142,91,咚咚波,/images/Skill/DM/01_DongDongBo.png,从食指发出强大的能量束，以迅雷不及掩耳发动双重攻击。,2,10,2,1,58,100000,33,18000,2,1142,100000,-1,0,108
1143,91,咚咚波,/images/Skill/DM/01_DongDongBo.png,从食指发出强大的能量束，以迅雷不及掩耳发动双重攻击。,2,10,3,1,63,100000,36,30000,2,1143,100000,-1,0,108
1144,91,咚咚波,/images/Skill/DM/01_DongDongBo.png,从食指发出强大的能量束，以迅雷不及掩耳发动双重攻击。,2,10,4,1,68,100000,39,45000,2,1144,100000,-1,0,108
1145,91,咚咚波,/images/Skill/DM/01_DongDongBo.png,从食指发出强大的能量束，以迅雷不及掩耳发动双重攻击。,2,10,5,1,73,100000,42,70000,2,1145,100000,-1,0,108
1146,91,咚咚波,/images/Skill/DM/01_DongDongBo.png,从食指发出强大的能量束，以迅雷不及掩耳发动双重攻击。,2,10,6,1,78,100000,45,128200,2,1146,100000,-1,0,108
1147,91,咚咚波,/images/Skill/DM/01_DongDongBo.png,从食指发出强大的能量束，以迅雷不及掩耳发动双重攻击。,2,10,7,1,83,100000,48,177000,2,1147,100000,-1,0,108
1148,91,咚咚波,/images/Skill/DM/01_DongDongBo.png,从食指发出强大的能量束，以迅雷不及掩耳发动双重攻击。,2,10,8,1,88,100000,51,239700,2,1148,100000,-1,0,108
1149,91,咚咚波,/images/Skill/DM/01_DongDongBo.png,从食指发出强大的能量束，以迅雷不及掩耳发动双重攻击。,2,10,9,1,93,100000,54,320000,2,1149,100000,-1,0,108
1150,91,咚咚波,/images/Skill/DM/01_DongDongBo.png,从食指发出强大的能量束，以迅雷不及掩耳发动双重攻击。,2,10,10,1,98,100000,57,0,2,1150,100000,-1,0,108
1161,91,界王拳,/images/Skill/DM/01_JieWangQuan.png,通过超重力训练而使自己的攻击力增加。攻击力增幅由力量值决定。,2,10,1,2,300,100000,40,52000,3,1161,100000,-1,0,109
1162,91,界王拳,/images/Skill/DM/01_JieWangQuan.png,通过超重力训练而使自己的攻击力增加。攻击力增幅由力量值决定。,2,10,2,2,330,100000,43,80000,3,1162,100000,-1,0,109
1163,91,界王拳,/images/Skill/DM/01_JieWangQuan.png,通过超重力训练而使自己的攻击力增加。攻击力增幅由力量值决定。,2,10,3,2,360,100000,46,143100,3,1163,100000,-1,0,109
1164,91,界王拳,/images/Skill/DM/01_JieWangQuan.png,通过超重力训练而使自己的攻击力增加。攻击力增幅由力量值决定。,2,10,4,2,390,100000,49,196200,3,1164,100000,-1,0,109
1165,91,界王拳,/images/Skill/DM/01_JieWangQuan.png,通过超重力训练而使自己的攻击力增加。攻击力增幅由力量值决定。,2,10,5,2,420,100000,52,264100,3,1165,100000,-1,0,109
1166,91,界王拳,/images/Skill/DM/01_JieWangQuan.png,通过超重力训练而使自己的攻击力增加。攻击力增幅由力量值决定。,2,10,6,2,450,100000,55,360000,3,1166,100000,-1,0,109
1167,91,界王拳,/images/Skill/DM/01_JieWangQuan.png,通过超重力训练而使自己的攻击力增加。攻击力增幅由力量值决定。,2,10,7,2,480,100000,58,0,3,1167,100000,-1,0,109
1168,91,界王拳,/images/Skill/DM/01_JieWangQuan.png,通过超重力训练而使自己的攻击力增加。攻击力增幅由力量值决定。,2,10,8,2,510,100000,61,0,3,1168,100000,-1,0,109
1169,91,界王拳,/images/Skill/DM/01_JieWangQuan.png,通过超重力训练而使自己的攻击力增加。攻击力增幅由力量值决定。,2,10,9,2,540,100000,64,0,3,1169,100000,-1,0,109
1170,91,界王拳,/images/Skill/DM/01_JieWangQuan.png,通过超重力训练而使自己的攻击力增加。攻击力增幅由力量值决定。,2,10,10,2,570,100000,67,0,3,1170,100000,-1,0,109
1181,91,爆力魔波,/images/Skill/DM/01_BaoLiMoBo.png,蓄积全身的气后，从手中放出的强大能量弹，穿透力极强。由灵巧值决定所增加的破击率。,2,10,1,2,300,100000,40,52000,3,1181,100000,-1,0,110
1182,91,爆力魔波,/images/Skill/DM/01_BaoLiMoBo.png,蓄积全身的气后，从手中放出的强大能量弹，穿透力极强。由灵巧值决定所增加的破击率。,2,10,2,2,330,100000,43,80000,3,1182,100000,-1,0,110
1183,91,爆力魔波,/images/Skill/DM/01_BaoLiMoBo.png,蓄积全身的气后，从手中放出的强大能量弹，穿透力极强。由灵巧值决定所增加的破击率。,2,10,3,2,360,100000,46,143100,3,1183,100000,-1,0,110
1184,91,爆力魔波,/images/Skill/DM/01_BaoLiMoBo.png,蓄积全身的气后，从手中放出的强大能量弹，穿透力极强。由灵巧值决定所增加的破击率。,2,10,4,2,390,100000,49,196200,3,1184,100000,-1,0,110
1185,91,爆力魔波,/images/Skill/DM/01_BaoLiMoBo.png,蓄积全身的气后，从手中放出的强大能量弹，穿透力极强。由灵巧值决定所增加的破击率。,2,10,5,2,420,100000,52,264100,3,1185,100000,-1,0,110
1186,91,爆力魔波,/images/Skill/DM/01_BaoLiMoBo.png,蓄积全身的气后，从手中放出的强大能量弹，穿透力极强。由灵巧值决定所增加的破击率。,2,10,6,2,450,100000,55,360000,3,1186,100000,-1,0,110
1187,91,爆力魔波,/images/Skill/DM/01_BaoLiMoBo.png,蓄积全身的气后，从手中放出的强大能量弹，穿透力极强。由灵巧值决定所增加的破击率。,2,10,7,2,480,100000,58,0,3,1187,100000,-1,0,110
1188,91,爆力魔波,/images/Skill/DM/01_BaoLiMoBo.png,蓄积全身的气后，从手中放出的强大能量弹，穿透力极强。由灵巧值决定所增加的破击率。,2,10,8,2,510,100000,61,0,3,1188,100000,-1,0,110
1189,91,爆力魔波,/images/Skill/DM/01_BaoLiMoBo.png,蓄积全身的气后，从手中放出的强大能量弹，穿透力极强。由灵巧值决定所增加的破击率。,2,10,9,2,540,100000,64,0,3,1189,100000,-1,0,110
1190,91,爆力魔波,/images/Skill/DM/01_BaoLiMoBo.png,蓄积全身的气后，从手中放出的强大能量弹，穿透力极强。由灵巧值决定所增加的破击率。,2,10,10,2,570,100000,67,0,3,1190,100000,-1,0,110
1201,91,反射术,/images/Skill/DM/01_FanSheShu.png,在对手下回合的攻击即将接触到自己的一瞬间，集中体内的气，将其反射回去。,2,8,1,1,77,100000,50,214000,3,1201;1211,100000;100000,-1,0,111
1202,91,反射术,/images/Skill/DM/01_FanSheShu.png,在对手下回合的攻击即将接触到自己的一瞬间，集中体内的气，将其反射回去。,2,8,2,1,85,100000,53,290000,3,1202;1212,100000;100000,-1,0,111
1203,91,反射术,/images/Skill/DM/01_FanSheShu.png,在对手下回合的攻击即将接触到自己的一瞬间，集中体内的气，将其反射回去。,2,8,3,1,92,100000,56,0,3,1203;1213,100000;100000,-1,0,111
1204,91,反射术,/images/Skill/DM/01_FanSheShu.png,在对手下回合的攻击即将接触到自己的一瞬间，集中体内的气，将其反射回去。,2,8,4,1,99,100000,59,0,3,1204;1214,100000;100000,-1,0,111
1205,91,反射术,/images/Skill/DM/01_FanSheShu.png,在对手下回合的攻击即将接触到自己的一瞬间，集中体内的气，将其反射回去。,2,8,5,1,106,100000,62,0,3,1205;1215,100000;100000,-1,0,111
1206,91,反射术,/images/Skill/DM/01_FanSheShu.png,在对手下回合的攻击即将接触到自己的一瞬间，集中体内的气，将其反射回去。,2,8,6,1,113,100000,65,0,3,1206;1216,100000;100000,-1,0,111
1207,91,反射术,/images/Skill/DM/01_FanSheShu.png,在对手下回合的攻击即将接触到自己的一瞬间，集中体内的气，将其反射回去。,2,8,7,1,120,100000,68,0,3,1207;1217,100000;100000,-1,0,111
1208,91,反射术,/images/Skill/DM/01_FanSheShu.png,在对手下回合的攻击即将接触到自己的一瞬间，集中体内的气，将其反射回去。,2,8,8,1,127,100000,71,0,3,1208;1218,100000;100000,-1,0,111
1221,91,太阳拳,/images/Skill/DM/01_TaiYangQuan.png,将双手置于前额，产生一阵剧烈的强光，使看到的人暂时失明。使用后在下回合提高自身的躲闪几率。,2,8,1,1,75,100000,50,214000,3,1221;1231,100000;100000,-1,0,112
1222,91,太阳拳,/images/Skill/DM/01_TaiYangQuan.png,将双手置于前额，产生一阵剧烈的强光，使看到的人暂时失明。使用后在下回合提高自身的躲闪几率。,2,8,2,1,82,100000,53,290000,3,1222;1232,100000;100000,-1,0,112
1223,91,太阳拳,/images/Skill/DM/01_TaiYangQuan.png,将双手置于前额，产生一阵剧烈的强光，使看到的人暂时失明。使用后在下回合提高自身的躲闪几率。,2,8,3,1,89,100000,56,0,3,1223;1233,100000;100000,-1,0,112
1224,91,太阳拳,/images/Skill/DM/01_TaiYangQuan.png,将双手置于前额，产生一阵剧烈的强光，使看到的人暂时失明。使用后在下回合提高自身的躲闪几率。,2,8,4,1,96,100000,59,0,3,1224;1234,100000;100000,-1,0,112
1225,91,太阳拳,/images/Skill/DM/01_TaiYangQuan.png,将双手置于前额，产生一阵剧烈的强光，使看到的人暂时失明。使用后在下回合提高自身的躲闪几率。,2,8,5,1,103,100000,62,0,3,1225;1235,100000;100000,-1,0,112
1226,91,太阳拳,/images/Skill/DM/01_TaiYangQuan.png,将双手置于前额，产生一阵剧烈的强光，使看到的人暂时失明。使用后在下回合提高自身的躲闪几率。,2,8,6,1,110,100000,65,0,3,1226;1236,100000;100000,-1,0,112
1227,91,太阳拳,/images/Skill/DM/01_TaiYangQuan.png,将双手置于前额，产生一阵剧烈的强光，使看到的人暂时失明。使用后在下回合提高自身的躲闪几率。,2,8,7,1,117,100000,68,0,3,1227;1237,100000;100000,-1,0,112
1228,91,太阳拳,/images/Skill/DM/01_TaiYangQuan.png,将双手置于前额，产生一阵剧烈的强光，使看到的人暂时失明。使用后在下回合提高自身的躲闪几率。,2,8,8,1,124,100000,71,0,3,1228;1238,100000;100000,-1,0,112
1501,2,基本战法,/images/Skill/XiaShi/01_JiBenZhanFa.png,每个侠客的基本技巧，战场上的常用战法。可以增加攻击力。,2,10,1,1,30,100000,10,100,1,4001,100000,-1,0,151
1502,2,基本战法,/images/Skill/XiaShi/01_JiBenZhanFa.png,每个侠客的基本技巧，战场上的常用战法。可以增加攻击力。,2,10,2,1,32,100000,12,200,1,4002,100000,-1,0,151
1503,2,基本战法,/images/Skill/XiaShi/01_JiBenZhanFa.png,每个侠客的基本技巧，战场上的常用战法。可以增加攻击力。,2,10,3,1,34,100000,14,300,1,4003,100000,-1,0,151
1504,2,基本战法,/images/Skill/XiaShi/01_JiBenZhanFa.png,每个侠客的基本技巧，战场上的常用战法。可以增加攻击力。,2,10,4,1,36,100000,16,500,1,4004,100000,-1,0,151
1505,2,基本战法,/images/Skill/XiaShi/01_JiBenZhanFa.png,每个侠客的基本技巧，战场上的常用战法。可以增加攻击力。,2,10,5,1,38,100000,18,900,1,4005,100000,-1,0,151
1506,2,基本战法,/images/Skill/XiaShi/01_JiBenZhanFa.png,每个侠客的基本技巧，战场上的常用战法。可以增加攻击力。,2,10,6,1,40,100000,20,1500,1,4006,100000,-1,0,151
1507,2,基本战法,/images/Skill/XiaShi/01_JiBenZhanFa.png,每个侠客的基本技巧，战场上的常用战法。可以增加攻击力。,2,10,7,1,42,100000,22,2300,1,4007,100000,-1,0,151
1508,2,基本战法,/images/Skill/XiaShi/01_JiBenZhanFa.png,每个侠客的基本技巧，战场上的常用战法。可以增加攻击力。,2,10,8,1,44,100000,24,3600,1,4008,100000,-1,0,151
1509,2,基本战法,/images/Skill/XiaShi/01_JiBenZhanFa.png,每个侠客的基本技巧，战场上的常用战法。可以增加攻击力。,2,10,9,1,46,100000,26,5300,1,4009,100000,-1,0,151
1510,2,基本战法,/images/Skill/XiaShi/01_JiBenZhanFa.png,每个侠客的基本技巧，战场上的常用战法。可以增加攻击力。,2,10,10,1,48,100000,28,7700,1,4010,100000,-1,0,151
1521,2,精气锻炼,/images/Skill/XiaShi/02_JingQiDuanLian.png,游侠所习之武术，锻炼自己的精神来增加自己的法力。,2,10,1,3,0,100000,11,200,1,4021,100000,-1,0,152
1522,2,精气锻炼,/images/Skill/XiaShi/02_JingQiDuanLian.png,游侠所习之武术，锻炼自己的精神来增加自己的法力。,2,10,2,3,0,100000,13,400,1,4022,100000,-1,0,152
1523,2,精气锻炼,/images/Skill/XiaShi/02_JingQiDuanLian.png,游侠所习之武术，锻炼自己的精神来增加自己的法力。,2,10,3,3,0,100000,15,800,1,4023,100000,-1,0,152
1524,2,精气锻炼,/images/Skill/XiaShi/02_JingQiDuanLian.png,游侠所习之武术，锻炼自己的精神来增加自己的法力。,2,10,4,3,0,100000,17,1400,1,4024,100000,-1,0,152
1525,2,精气锻炼,/images/Skill/XiaShi/02_JingQiDuanLian.png,游侠所习之武术，锻炼自己的精神来增加自己的法力。,2,10,5,3,0,100000,19,2500,1,4025,100000,-1,0,152
1526,2,精气锻炼,/images/Skill/XiaShi/02_JingQiDuanLian.png,游侠所习之武术，锻炼自己的精神来增加自己的法力。,2,10,6,3,0,100000,21,4000,1,4026,100000,-1,0,152
1527,2,精气锻炼,/images/Skill/XiaShi/02_JingQiDuanLian.png,游侠所习之武术，锻炼自己的精神来增加自己的法力。,2,10,7,3,0,100000,23,6300,1,4027,100000,-1,0,152
1528,2,精气锻炼,/images/Skill/XiaShi/02_JingQiDuanLian.png,游侠所习之武术，锻炼自己的精神来增加自己的法力。,2,10,8,3,0,100000,25,9500,1,4028,100000,-1,0,152
1529,2,精气锻炼,/images/Skill/XiaShi/02_JingQiDuanLian.png,游侠所习之武术，锻炼自己的精神来增加自己的法力。,2,10,9,3,0,100000,27,14000,1,4029,100000,-1,0,152
1530,2,精气锻炼,/images/Skill/XiaShi/02_JingQiDuanLian.png,游侠所习之武术，锻炼自己的精神来增加自己的法力。,2,10,10,3,0,100000,29,20000,1,4030,100000,-1,0,152
1541,2,流水战法,/images/Skill/XiaShi/03_LiuShuiZhanFa.png,以流水之势发动攻击，消耗少量法力提高攻击力。,2,10,1,1,60,100000,12,200,1,4041,100000,-1,0,153
1542,2,流水战法,/images/Skill/XiaShi/03_LiuShuiZhanFa.png,以流水之势发动攻击，消耗少量法力提高攻击力。,2,10,2,1,60,100000,14,300,1,4042,100000,-1,0,153
1543,2,流水战法,/images/Skill/XiaShi/03_LiuShuiZhanFa.png,以流水之势发动攻击，消耗少量法力提高攻击力。,2,10,3,1,60,100000,16,500,1,4043,100000,-1,0,153
1544,2,流水战法,/images/Skill/XiaShi/03_LiuShuiZhanFa.png,以流水之势发动攻击，消耗少量法力提高攻击力。,2,10,4,1,60,100000,18,900,1,4044,100000,-1,0,153
1545,2,流水战法,/images/Skill/XiaShi/03_LiuShuiZhanFa.png,以流水之势发动攻击，消耗少量法力提高攻击力。,2,10,5,1,60,100000,20,1500,1,4045,100000,-1,0,153
1546,2,流水战法,/images/Skill/XiaShi/03_LiuShuiZhanFa.png,以流水之势发动攻击，消耗少量法力提高攻击力。,2,10,6,1,60,100000,22,2300,1,4046,100000,-1,0,153
1547,2,流水战法,/images/Skill/XiaShi/03_LiuShuiZhanFa.png,以流水之势发动攻击，消耗少量法力提高攻击力。,2,10,7,1,60,100000,24,3600,1,4047,100000,-1,0,153
1548,2,流水战法,/images/Skill/XiaShi/03_LiuShuiZhanFa.png,以流水之势发动攻击，消耗少量法力提高攻击力。,2,10,8,1,60,100000,26,5300,1,4048,100000,-1,0,153
1549,2,流水战法,/images/Skill/XiaShi/03_LiuShuiZhanFa.png,以流水之势发动攻击，消耗少量法力提高攻击力。,2,10,9,1,60,100000,28,7700,1,4049,100000,-1,0,153
1550,2,流水战法,/images/Skill/XiaShi/03_LiuShuiZhanFa.png,以流水之势发动攻击，消耗少量法力提高攻击力。,2,10,10,1,60,100000,30,10800,1,4050,100000,-1,0,153
1561,2,火焰战法,/images/Skill/XiaShi/04_HuoYanZhanFa.png,以火焰之势发动攻击，消耗大量法力提高伤害。,2,10,1,1,67,100000,18,900,1,4061,100000,-1,0,154
1562,2,火焰战法,/images/Skill/XiaShi/04_HuoYanZhanFa.png,以火焰之势发动攻击，消耗大量法力提高伤害。,2,10,2,1,80,100000,20,1500,1,4062,100000,-1,0,154
1563,2,火焰战法,/images/Skill/XiaShi/04_HuoYanZhanFa.png,以火焰之势发动攻击，消耗大量法力提高伤害。,2,10,3,1,93,100000,22,2300,1,4063,100000,-1,0,154
1564,2,火焰战法,/images/Skill/XiaShi/04_HuoYanZhanFa.png,以火焰之势发动攻击，消耗大量法力提高伤害。,2,10,4,1,106,100000,24,3600,1,4064,100000,-1,0,154
1565,2,火焰战法,/images/Skill/XiaShi/04_HuoYanZhanFa.png,以火焰之势发动攻击，消耗大量法力提高伤害。,2,10,5,1,119,100000,26,5300,1,4065,100000,-1,0,154
1566,2,火焰战法,/images/Skill/XiaShi/04_HuoYanZhanFa.png,以火焰之势发动攻击，消耗大量法力提高伤害。,2,10,6,1,132,100000,28,7700,1,4066,100000,-1,0,154
1567,2,火焰战法,/images/Skill/XiaShi/04_HuoYanZhanFa.png,以火焰之势发动攻击，消耗大量法力提高伤害。,2,10,7,1,145,100000,30,10800,1,4067,100000,-1,0,154
1568,2,火焰战法,/images/Skill/XiaShi/04_HuoYanZhanFa.png,以火焰之势发动攻击，消耗大量法力提高伤害。,2,10,8,1,158,100000,32,15000,1,4068,100000,-1,0,154
1569,2,火焰战法,/images/Skill/XiaShi/04_HuoYanZhanFa.png,以火焰之势发动攻击，消耗大量法力提高伤害。,2,10,9,1,171,100000,34,20200,1,4069,100000,-1,0,154
1570,2,火焰战法,/images/Skill/XiaShi/04_HuoYanZhanFa.png,以火焰之势发动攻击，消耗大量法力提高伤害。,2,10,10,1,184,100000,36,26900,1,4070,100000,-1,0,154
1581,2,深思熟虑,/images/Skill/XiaShi/05_ShenSiShuLv.png,每次攻击都设法把消耗降到最低。按技能等级减少施放主动技能时的法力消耗。不能和才思敏锐同时使用。,2,10,1,2,120,100000,20,3200,2,-1,0,-1,0,155
1582,2,深思熟虑,/images/Skill/XiaShi/05_ShenSiShuLv.png,每次攻击都设法把消耗降到最低。按技能等级减少施放主动技能时的法力消耗。不能和才思敏锐同时使用。,2,10,2,2,130,100000,22,5100,2,-1,0,-1,0,155
1583,2,深思熟虑,/images/Skill/XiaShi/05_ShenSiShuLv.png,每次攻击都设法把消耗降到最低。按技能等级减少施放主动技能时的法力消耗。不能和才思敏锐同时使用。,2,10,3,2,140,100000,24,7800,2,-1,0,-1,0,155
1584,2,深思熟虑,/images/Skill/XiaShi/05_ShenSiShuLv.png,每次攻击都设法把消耗降到最低。按技能等级减少施放主动技能时的法力消耗。不能和才思敏锐同时使用。,2,10,4,2,150,100000,26,11600,2,-1,0,-1,0,155
1585,2,深思熟虑,/images/Skill/XiaShi/05_ShenSiShuLv.png,每次攻击都设法把消耗降到最低。按技能等级减少施放主动技能时的法力消耗。不能和才思敏锐同时使用。,2,10,5,2,160,100000,28,16800,2,-1,0,-1,0,155
1586,2,深思熟虑,/images/Skill/XiaShi/05_ShenSiShuLv.png,每次攻击都设法把消耗降到最低。按技能等级减少施放主动技能时的法力消耗。不能和才思敏锐同时使用。,2,10,6,2,170,100000,30,23700,2,-1,0,-1,0,155
1587,2,深思熟虑,/images/Skill/XiaShi/05_ShenSiShuLv.png,每次攻击都设法把消耗降到最低。按技能等级减少施放主动技能时的法力消耗。不能和才思敏锐同时使用。,2,10,7,2,180,100000,32,32700,2,-1,0,-1,0,155
1588,2,深思熟虑,/images/Skill/XiaShi/05_ShenSiShuLv.png,每次攻击都设法把消耗降到最低。按技能等级减少施放主动技能时的法力消耗。不能和才思敏锐同时使用。,2,10,8,2,190,100000,34,44200,2,-1,0,-1,0,155
1589,2,深思熟虑,/images/Skill/XiaShi/05_ShenSiShuLv.png,每次攻击都设法把消耗降到最低。按技能等级减少施放主动技能时的法力消耗。不能和才思敏锐同时使用。,2,10,9,2,200,100000,36,58800,2,-1,0,-1,0,155
1590,2,深思熟虑,/images/Skill/XiaShi/05_ShenSiShuLv.png,每次攻击都设法把消耗降到最低。按技能等级减少施放主动技能时的法力消耗。不能和才思敏锐同时使用。,2,10,10,2,210,100000,38,77100,2,-1,0,-1,0,155
1601,2,寒冰战法,/images/Skill/XiaShi/06_HanBingZhanFa.png,以寒冰之势发动攻击，伤害对手的同时降低其速度。,2,10,1,1,130,100000,28,7700,2,4101;4111,100000;100000,-1,0,156
1602,2,寒冰战法,/images/Skill/XiaShi/06_HanBingZhanFa.png,以寒冰之势发动攻击，伤害对手的同时降低其速度。,2,10,2,1,120,100000,31,12800,2,4102;4111,100000;100000,-1,0,156
1603,2,寒冰战法,/images/Skill/XiaShi/06_HanBingZhanFa.png,以寒冰之势发动攻击，伤害对手的同时降低其速度。,2,10,3,1,110,100000,34,20200,2,4103;4111,100000;100000,-1,0,156
1604,2,寒冰战法,/images/Skill/XiaShi/06_HanBingZhanFa.png,以寒冰之势发动攻击，伤害对手的同时降低其速度。,2,10,4,1,100,100000,37,30900,2,4104;4111,100000;100000,-1,0,156
1605,2,寒冰战法,/images/Skill/XiaShi/06_HanBingZhanFa.png,以寒冰之势发动攻击，伤害对手的同时降低其速度。,2,10,5,1,90,100000,40,0,2,4105;4111,100000;100000,-1,0,156
1606,2,寒冰战法,/images/Skill/XiaShi/06_HanBingZhanFa.png,以寒冰之势发动攻击，伤害对手的同时降低其速度。,2,10,6,1,80,100000,43,0,2,4106;4111,100000;100000,-1,0,156
1607,2,寒冰战法,/images/Skill/XiaShi/06_HanBingZhanFa.png,以寒冰之势发动攻击，伤害对手的同时降低其速度。,2,10,7,1,70,100000,46,0,2,4107;4111,100000;100000,-1,0,156
1608,2,寒冰战法,/images/Skill/XiaShi/06_HanBingZhanFa.png,以寒冰之势发动攻击，伤害对手的同时降低其速度。,2,10,8,1,60,100000,49,0,2,4108;4111,100000;100000,-1,0,156
1609,2,寒冰战法,/images/Skill/XiaShi/06_HanBingZhanFa.png,以寒冰之势发动攻击，伤害对手的同时降低其速度。,2,10,9,1,50,100000,52,0,2,4109;4111,100000;100000,-1,0,156
1610,2,寒冰战法,/images/Skill/XiaShi/06_HanBingZhanFa.png,以寒冰之势发动攻击，伤害对手的同时降低其速度。,2,10,10,1,40,100000,55,0,2,4110;4111,100000;100000,-1,0,156
1621,92,剑气纵横,null,null,2,10,1,2,120,100000,30,23700,2,4121,100000,-1,0,157
1622,92,null,null,null,2,10,2,2,130,100000,33,38100,2,4122,100000,-1,0,157
1623,92,null,null,null,2,10,3,2,140,100000,36,58800,2,4123,100000,-1,0,157
1624,92,null,null,null,2,10,4,2,150,100000,39,87800,2,4124,100000,-1,0,157
1625,92,null,null,null,2,10,5,2,160,100000,42,127100,2,4125,100000,-1,0,157
1626,92,null,null,null,2,10,6,2,170,100000,45,179500,2,4126,100000,-1,0,157
1627,92,null,null,null,2,10,7,2,180,100000,48,0,2,4127,100000,-1,0,157
1628,92,null,null,null,2,10,8,2,190,100000,51,0,2,4128,100000,-1,0,157
1629,92,null,null,null,2,10,9,2,200,100000,54,0,2,4129,100000,-1,0,157
1630,92,null,null,null,2,10,10,2,210,100000,57,0,2,4130,100000,-1,0,157
1641,92,贤者之理,null,通过知晓贤者之理，受到伤害后提升法力值，不可与炼金保护同用。,2,10,1,2,160,100000,40,99600,3,4141,100000,-1,0,158
1642,92,贤者之理,null,通过知晓贤者之理，受到伤害后提升法力值，不可与炼金保护同用。,2,10,2,2,180,100000,43,143000,3,-1,0,-1,0,158
1643,92,焚心剑意,null,null,2,10,3,2,200,100000,46,200300,3,-1,0,-1,0,158
1644,92,null,null,null,2,10,4,2,220,100000,49,274700,3,-1,0,-1,0,158
1645,92,null,null,null,2,10,5,2,240,100000,52,369700,3,-1,0,-1,0,158
1646,92,null,null,null,2,10,6,2,260,100000,55,0,3,-1,0,-1,0,158
1647,92,null,null,null,2,10,7,2,280,100000,58,0,3,-1,0,-1,0,158
1648,92,null,null,null,2,10,8,2,300,100000,61,0,3,-1,0,-1,0,158
1649,92,null,null,null,2,10,9,2,320,100000,64,0,3,-1,0,-1,0,158
1650,92,null,null,null,2,10,10,2,340,100000,67,0,3,-1,0,-1,0,158
1661,92,炼金保护,null,用事先准备好的炼成阵快速炼成简单的保护，以减少敌人对自身的攻击。需要消耗法力，不可与贤者之理同用。,2,10,1,2,160,100000,40,99600,3,-1,0,-1,0,159
1662,92,炼金保护,null,在被攻击的瞬间用事先准备好的炼成阵快速炼成简单的保护，以减少敌人对自身的攻击。需要消耗法力，不可与贤者之理同用。,2,10,2,2,180,100000,43,143000,3,-1,0,-1,0,159
1663,92,冰心剑诀,null,null,2,10,3,2,200,100000,46,200300,3,-1,0,-1,0,159
1664,92,null,null,null,2,10,4,2,220,100000,49,274700,3,-1,0,-1,0,159
1665,92,null,null,null,2,10,5,2,240,100000,52,369700,3,-1,0,-1,0,159
1666,92,null,null,null,2,10,6,2,260,100000,55,0,3,-1,0,-1,0,159
1667,92,null,null,null,2,10,7,2,280,100000,58,0,3,-1,0,-1,0,159
1668,92,null,null,null,2,10,8,2,300,100000,61,0,3,-1,0,-1,0,159
1669,92,null,null,null,2,10,9,2,320,100000,64,0,3,-1,0,-1,0,159
1670,92,null,null,null,2,10,10,2,340,100000,67,0,3,-1,0,-1,0,159
1681,92,火焰炼成,null,用炼成阵炼出烈焰进行攻击，并灼伤敌人。,2,10,1,1,254,100000,42,58100,3,4181;4191,100000;100000,-1,0,160
1682,92,火焰炼成,null,用炼成阵炼出烈焰进行攻击，并灼伤敌人。,2,10,2,1,0,100000,45,0,3,-1,0,-1,0,160
1683,92,烈焰剑法,null,null,2,10,3,1,0,100000,48,0,3,-1,0,-1,0,160
1684,92,null,null,null,2,10,4,1,0,100000,51,0,3,-1,0,-1,0,160
1685,92,null,null,null,2,10,5,1,0,100000,54,0,3,-1,0,-1,0,160
1686,92,null,null,null,2,10,6,1,0,100000,57,0,3,-1,0,-1,0,160
1687,92,null,null,null,2,10,7,1,0,100000,60,0,3,-1,0,-1,0,160
1688,92,null,null,null,2,10,8,1,0,100000,63,0,3,-1,0,-1,0,160
1689,92,null,null,null,2,10,9,1,0,100000,66,0,3,-1,0,-1,0,160
1690,92,null,null,null,2,10,10,1,0,100000,69,0,3,-1,0,-1,0,160
1701,92,真理与禁忌,null,"越是追求真理就越容易触犯禁忌，有时真理与禁忌只是一线之隔。
",2,8,1,1,357,100000,50,138900,3,4201,100000,-1,0,161
1702,92,无我剑气,null,null,2,8,2,1,0,100000,54,0,3,-1,0,-1,0,161
2001,5,力战,/images/Skill/WeiShi/01_LiZhan.png,以勇猛来作战的方法。按照技能等级附加攻击力。,1,10,1,1,31,100000,10,100,1,2001,100000,-1,0,301
2002,5,力战,/images/Skill/WeiShi/01_LiZhan.png,以勇猛来作战的方法。按照技能等级附加攻击力。,1,10,2,1,35,100000,12,200,1,2002,100000,-1,0,301
2003,5,力战,/images/Skill/WeiShi/01_LiZhan.png,以勇猛来作战的方法。按照技能等级附加攻击力。,1,10,3,1,39,100000,14,450,1,2003,100000,-1,0,301
2004,5,力战,/images/Skill/WeiShi/01_LiZhan.png,以勇猛来作战的方法。按照技能等级附加攻击力。,1,10,4,1,43,100000,16,750,1,2004,100000,-1,0,301
2005,5,力战,/images/Skill/WeiShi/01_LiZhan.png,以勇猛来作战的方法。按照技能等级附加攻击力。,1,10,5,1,47,100000,18,1100,1,2005,100000,-1,0,301
2006,5,力战,/images/Skill/WeiShi/01_LiZhan.png,以勇猛来作战的方法。按照技能等级附加攻击力。,1,10,6,1,51,100000,20,1800,1,2006,100000,-1,0,301
2007,5,力战,/images/Skill/WeiShi/01_LiZhan.png,以勇猛来作战的方法。按照技能等级附加攻击力。,1,10,7,1,55,100000,22,2800,1,2007,100000,-1,0,301
2008,5,力战,/images/Skill/WeiShi/01_LiZhan.png,以勇猛来作战的方法。按照技能等级附加攻击力。,1,10,8,1,59,100000,24,4600,1,2008,100000,-1,0,301
2009,5,力战,/images/Skill/WeiShi/01_LiZhan.png,以勇猛来作战的方法。按照技能等级附加攻击力。,1,10,9,1,63,100000,26,6000,1,2009,100000,-1,0,301
2010,5,力战,/images/Skill/WeiShi/01_LiZhan.png,以勇猛来作战的方法。按照技能等级附加攻击力。,1,10,10,1,67,100000,28,8000,1,2010,100000,-1,0,301
2021,5,连击,/images/Skill/WeiShi/03_LianJi.png,将自己的力量一分为二，分为两次攻击对手的战法。,1,10,1,1,38,100000,12,200,1,2021,100000,-1,0,302
2022,5,连击,/images/Skill/WeiShi/03_LianJi.png,将自己的力量一分为二，分为两次攻击对手的战法。,1,10,2,1,41,100000,14,450,1,2022,100000,-1,0,302
2023,5,连击,/images/Skill/WeiShi/03_LianJi.png,将自己的力量一分为二，分为两次攻击对手的战法。,1,10,3,1,44,100000,16,750,1,2023,100000,-1,0,302
2024,5,连击,/images/Skill/WeiShi/03_LianJi.png,将自己的力量一分为二，分为两次攻击对手的战法。,1,10,4,1,47,100000,18,1100,1,2024,100000,-1,0,302
2025,5,连击,/images/Skill/WeiShi/03_LianJi.png,将自己的力量一分为二，分为两次攻击对手的战法。,1,10,5,1,50,100000,20,1800,1,2025,100000,-1,0,302
2026,5,连击,/images/Skill/WeiShi/03_LianJi.png,将自己的力量一分为二，分为两次攻击对手的战法。,1,10,6,1,53,100000,22,2800,1,2026,100000,-1,0,302
2027,5,连击,/images/Skill/WeiShi/03_LianJi.png,将自己的力量一分为二，分为两次攻击对手的战法。,1,10,7,1,56,100000,24,4600,1,2027,100000,-1,0,302
2028,5,连击,/images/Skill/WeiShi/03_LianJi.png,将自己的力量一分为二，分为两次攻击对手的战法。,1,10,8,1,59,100000,26,6000,1,2028,100000,-1,0,302
2029,5,连击,/images/Skill/WeiShi/03_LianJi.png,将自己的力量一分为二，分为两次攻击对手的战法。,1,10,9,1,62,100000,28,8000,1,2029,100000,-1,0,302
2030,5,连击,/images/Skill/WeiShi/03_LianJi.png,将自己的力量一分为二，分为两次攻击对手的战法。,1,10,10,1,65,100000,30,11000,1,2030,100000,-1,0,302
2041,5,健体,/images/Skill/WeiShi/02_JianTi.png,锻炼自己的体魄，增加体力，使自己能在战场上坚持更久。,1,10,1,3,0,100000,11,150,1,2041,100000,-1,0,303
2042,5,健体,/images/Skill/WeiShi/02_JianTi.png,锻炼自己的体魄，增加体力，使自己能在战场上坚持更久。,1,10,2,3,0,100000,13,300,1,2042,100000,-1,0,303
2043,5,健体,/images/Skill/WeiShi/02_JianTi.png,锻炼自己的体魄，增加体力，使自己能在战场上坚持更久。,1,10,3,3,0,100000,15,600,1,2043,100000,-1,0,303
2044,5,健体,/images/Skill/WeiShi/02_JianTi.png,锻炼自己的体魄，增加体力，使自己能在战场上坚持更久。,1,10,4,3,0,100000,17,900,1,2044,100000,-1,0,303
2045,5,健体,/images/Skill/WeiShi/02_JianTi.png,锻炼自己的体魄，增加体力，使自己能在战场上坚持更久。,1,10,5,3,0,100000,19,1400,1,2045,100000,-1,0,303
2046,5,健体,/images/Skill/WeiShi/02_JianTi.png,锻炼自己的体魄，增加体力，使自己能在战场上坚持更久。,1,10,6,3,0,100000,21,2300,1,2046,100000,-1,0,303
2047,5,健体,/images/Skill/WeiShi/02_JianTi.png,锻炼自己的体魄，增加体力，使自己能在战场上坚持更久。,1,10,7,3,0,100000,23,3300,1,2047,100000,-1,0,303
2048,5,健体,/images/Skill/WeiShi/02_JianTi.png,锻炼自己的体魄，增加体力，使自己能在战场上坚持更久。,1,10,8,3,0,100000,25,5400,1,2048,100000,-1,0,303
2049,5,健体,/images/Skill/WeiShi/02_JianTi.png,锻炼自己的体魄，增加体力，使自己能在战场上坚持更久。,1,10,9,3,0,100000,27,6800,1,2049,100000,-1,0,303
2050,5,健体,/images/Skill/WeiShi/02_JianTi.png,锻炼自己的体魄，增加体力，使自己能在战场上坚持更久。,1,10,10,3,0,100000,29,9500,1,2050,100000,-1,0,303
2061,5,明镜,/images/Skill/WeiShi/05_MingJing.png,神明气静，不为对手所影响，减少自己受到的所有负面效果的持续时间。,1,10,1,3,0,100000,20,1800,2,2061,100000,-1,0,304
2062,5,明镜,/images/Skill/WeiShi/05_MingJing.png,神明气静，不为对手所影响，减少自己受到的所有负面效果的持续时间。,1,10,2,3,0,100000,22,2800,2,2062,100000,-1,0,304
2063,5,明镜,/images/Skill/WeiShi/05_MingJing.png,神明气静，不为对手所影响，减少自己受到的所有负面效果的持续时间。,1,10,3,3,0,100000,24,4600,2,2063,100000,-1,0,304
2064,5,明镜,/images/Skill/WeiShi/05_MingJing.png,神明气静，不为对手所影响，减少自己受到的所有负面效果的持续时间。,1,10,4,3,0,100000,26,6000,2,2064,100000,-1,0,304
2065,5,明镜,/images/Skill/WeiShi/05_MingJing.png,神明气静，不为对手所影响，减少自己受到的所有负面效果的持续时间。,1,10,5,3,0,100000,28,8000,2,2065,100000,-1,0,304
2066,5,明镜,/images/Skill/WeiShi/05_MingJing.png,神明气静，不为对手所影响，减少自己受到的所有负面效果的持续时间。,1,10,6,3,0,100000,30,11000,2,2066,100000,-1,0,304
2067,5,明镜,/images/Skill/WeiShi/05_MingJing.png,神明气静，不为对手所影响，减少自己受到的所有负面效果的持续时间。,1,10,7,3,0,100000,32,15000,2,2067,100000,-1,0,304
2068,5,明镜,/images/Skill/WeiShi/05_MingJing.png,神明气静，不为对手所影响，减少自己受到的所有负面效果的持续时间。,1,10,8,3,0,100000,34,22000,2,2068,100000,-1,0,304
2069,5,明镜,/images/Skill/WeiShi/05_MingJing.png,神明气静，不为对手所影响，减少自己受到的所有负面效果的持续时间。,1,10,9,3,0,100000,36,30000,2,2069,100000,-1,0,304
2070,5,明镜,/images/Skill/WeiShi/05_MingJing.png,神明气静，不为对手所影响，减少自己受到的所有负面效果的持续时间。,1,10,10,3,0,100000,38,40000,2,2070,100000,-1,0,304
2081,5,金刚,/images/Skill/WeiShi/04_JinGang.png,挺身而出，猛击对手，按照技能等级附加攻击力。,1,10,1,1,63,100000,20,1800,2,2081,100000,-1,0,305
2082,5,金刚,/images/Skill/WeiShi/04_JinGang.png,挺身而出，猛击对手，按照技能等级附加攻击力。,1,10,2,1,67,100000,22,2800,2,2082,100000,-1,0,305
2083,5,金刚,/images/Skill/WeiShi/04_JinGang.png,挺身而出，猛击对手，按照技能等级附加攻击力。,1,10,3,1,71,100000,24,4600,2,2083,100000,-1,0,305
2084,5,金刚,/images/Skill/WeiShi/04_JinGang.png,挺身而出，猛击对手，按照技能等级附加攻击力。,1,10,4,1,75,100000,26,6000,2,2084,100000,-1,0,305
2085,5,金刚,/images/Skill/WeiShi/04_JinGang.png,挺身而出，猛击对手，按照技能等级附加攻击力。,1,10,5,1,79,100000,28,8000,2,2085,100000,-1,0,305
2086,5,金刚,/images/Skill/WeiShi/04_JinGang.png,挺身而出，猛击对手，按照技能等级附加攻击力。,1,10,6,1,83,100000,30,11000,2,2086,100000,-1,0,305
2087,5,金刚,/images/Skill/WeiShi/04_JinGang.png,挺身而出，猛击对手，按照技能等级附加攻击力。,1,10,7,1,87,100000,32,15000,2,2087,100000,-1,0,305
2088,5,金刚,/images/Skill/WeiShi/04_JinGang.png,挺身而出，猛击对手，按照技能等级附加攻击力。,1,10,8,1,91,100000,34,22000,2,2088,100000,-1,0,305
2089,5,金刚,/images/Skill/WeiShi/04_JinGang.png,挺身而出，猛击对手，按照技能等级附加攻击力。,1,10,9,1,95,100000,36,30000,2,2089,100000,-1,0,305
2090,5,金刚,/images/Skill/WeiShi/04_JinGang.png,挺身而出，猛击对手，按照技能等级附加攻击力。,1,10,10,1,99,100000,38,40000,2,2090,100000,-1,0,305
2101,5,奋迅,/images/Skill/WeiShi/06_FenXun.png,以奋猛之势发起攻击，伤害对手的同时减少对手的命中率。,1,10,1,1,74,100000,30,11000,2,2101,100000,-1,0,306
2102,5,奋迅,/images/Skill/WeiShi/06_FenXun.png,以奋猛之势发起攻击，伤害对手的同时减少对手的命中率。,1,10,2,1,79,100000,33,18000,2,2102,100000,-1,0,306
2103,5,奋迅,/images/Skill/WeiShi/06_FenXun.png,以奋猛之势发起攻击，伤害对手的同时减少对手的命中率。,1,10,3,1,84,100000,36,30000,2,2103,100000,-1,0,306
2104,5,奋迅,/images/Skill/WeiShi/06_FenXun.png,以奋猛之势发起攻击，伤害对手的同时减少对手的命中率。,1,10,4,1,89,100000,39,45000,2,2104,100000,-1,0,306
2105,5,奋迅,/images/Skill/WeiShi/06_FenXun.png,以奋猛之势发起攻击，伤害对手的同时减少对手的命中率。,1,10,5,1,94,100000,42,70000,2,2105,100000,-1,0,306
2106,5,奋迅,/images/Skill/WeiShi/06_FenXun.png,以奋猛之势发起攻击，伤害对手的同时减少对手的命中率。,1,10,6,1,99,100000,45,128200,2,2106,100000,-1,0,306
2107,5,奋迅,/images/Skill/WeiShi/06_FenXun.png,以奋猛之势发起攻击，伤害对手的同时减少对手的命中率。,1,10,7,1,104,100000,48,177000,2,2107,100000,-1,0,306
2108,5,奋迅,/images/Skill/WeiShi/06_FenXun.png,以奋猛之势发起攻击，伤害对手的同时减少对手的命中率。,1,10,8,1,109,100000,51,239700,2,2108,100000,-1,0,306
2109,5,奋迅,/images/Skill/WeiShi/06_FenXun.png,以奋猛之势发起攻击，伤害对手的同时减少对手的命中率。,1,10,9,1,114,100000,54,320000,2,2109,100000,-1,0,306
2110,5,奋迅,/images/Skill/WeiShi/06_FenXun.png,以奋猛之势发起攻击，伤害对手的同时减少对手的命中率。,1,10,10,1,119,100000,57,0,2,2110,100000,-1,0,306
2121,95,二档“喷气”,/images/Skill/DM/06_ErDangPenQi.png,凝结自己的力量，将对手的攻击反弹回去。,1,10,1,2,250,100000,30,11000,2,2121,100000,-1,0,307
2122,95,二档“喷气”,/images/Skill/DM/06_ErDangPenQi.png,凝结自己的力量，将对手的攻击反弹回去。,1,10,2,2,280,100000,33,18000,2,2122,100000,-1,0,307
2123,95,二档“喷气”,/images/Skill/DM/06_ErDangPenQi.png,凝结自己的力量，将对手的攻击反弹回去。,1,10,3,2,310,100000,36,30000,2,2123,100000,-1,0,307
2124,95,二档“喷气”,/images/Skill/DM/06_ErDangPenQi.png,凝结自己的力量，将对手的攻击反弹回去。,1,10,4,2,340,100000,39,45000,2,2124,100000,-1,0,307
2125,95,二档“喷气”,/images/Skill/DM/06_ErDangPenQi.png,凝结自己的力量，将对手的攻击反弹回去。,1,10,5,2,370,100000,42,70000,2,2125,100000,-1,0,307
2126,95,二档“喷气”,/images/Skill/DM/06_ErDangPenQi.png,凝结自己的力量，将对手的攻击反弹回去。,1,10,6,2,400,100000,45,128200,2,2126,100000,-1,0,307
2127,95,二档“喷气”,/images/Skill/DM/06_ErDangPenQi.png,凝结自己的力量，将对手的攻击反弹回去。,1,10,7,2,430,100000,48,177000,2,2127,100000,-1,0,307
2128,95,二档“喷气”,/images/Skill/DM/06_ErDangPenQi.png,凝结自己的力量，将对手的攻击反弹回去。,1,10,8,2,460,100000,51,239700,2,2128,100000,-1,0,307
2129,95,二档“喷气”,/images/Skill/DM/06_ErDangPenQi.png,凝结自己的力量，将对手的攻击反弹回去。,1,10,9,2,490,100000,54,320000,2,2129,100000,-1,0,307
2130,95,二档“喷气”,/images/Skill/DM/06_ErDangPenQi.png,凝结自己的力量，将对手的攻击反弹回去。,1,10,10,2,520,100000,57,0,2,2130,100000,-1,0,307
2141,95,三千世界,/images/Skill/DM/06_SanQianShiJie.png,三刀流奥义，速度极快，威力巨大。一定时间内使自身防御骤增。,1,10,1,1,70,100000,31,13000,2,-1,100000,-1,0,308
2142,95,三千世界,/images/Skill/DM/06_SanQianShiJie.png,三刀流奥义，速度极快，威力巨大。一定时间内使自身防御骤增。,1,10,2,1,76,100000,34,22000,2,-1,100000,-1,0,308
2143,95,三千世界,/images/Skill/DM/06_SanQianShiJie.png,三刀流奥义，速度极快，威力巨大。一定时间内使自身防御骤增。,1,10,3,1,82,100000,37,35000,2,2141,100000,-1,0,308
2144,95,三千世界,/images/Skill/DM/06_SanQianShiJie.png,三刀流奥义，速度极快，威力巨大。一定时间内使自身防御骤增。,1,10,4,1,88,100000,40,52000,2,2142,100000,-1,0,308
2145,95,三千世界,/images/Skill/DM/06_SanQianShiJie.png,三刀流奥义，速度极快，威力巨大。一定时间内使自身防御骤增。,1,10,5,1,94,100000,43,80000,2,2143,100000,-1,0,308
2146,95,三千世界,/images/Skill/DM/06_SanQianShiJie.png,三刀流奥义，速度极快，威力巨大。一定时间内使自身防御骤增。,1,10,6,1,100,100000,46,143100,2,2144,100000,-1,0,308
2147,95,三千世界,/images/Skill/DM/06_SanQianShiJie.png,三刀流奥义，速度极快，威力巨大。一定时间内使自身防御骤增。,1,10,7,1,106,100000,49,196200,2,2145,100000,-1,0,308
2148,95,三千世界,/images/Skill/DM/06_SanQianShiJie.png,三刀流奥义，速度极快，威力巨大。一定时间内使自身防御骤增。,1,10,8,1,112,100000,52,364100,2,2146,100000,-1,0,308
2149,95,三千世界,/images/Skill/DM/06_SanQianShiJie.png,三刀流奥义，速度极快，威力巨大。一定时间内使自身防御骤增。,1,10,9,1,118,100000,55,360000,2,2147,100000,-1,0,308
2150,95,三千世界,/images/Skill/DM/06_SanQianShiJie.png,三刀流奥义，速度极快，威力巨大。一定时间内使自身防御骤增。,1,10,10,1,124,100000,58,0,2,2148,100000,-1,0,308
2161,95,鼻呗三丁 箭羽斩,/images/Skill/DM/06_BiBeiSanDingJianYuZhan.png,急速攻击，攻击后可使对手的攻击降低。,1,10,1,1,93,100000,42,70000,3,2149,100000,-1,0,309
2162,95,鼻呗三丁 箭羽斩,/images/Skill/DM/06_BiBeiSanDingJianYuZhan.png,急速攻击，攻击后可使对手的攻击降低。,1,10,2,1,100,100000,45,128200,3,2150,100000,-1,0,309
2163,95,鼻呗三丁 箭羽斩,/images/Skill/DM/06_BiBeiSanDingJianYuZhan.png,急速攻击，攻击后可使对手的攻击降低。,1,10,3,1,107,100000,48,177000,3,2161,100000,-1,0,309
2164,95,鼻呗三丁 箭羽斩,/images/Skill/DM/06_BiBeiSanDingJianYuZhan.png,急速攻击，攻击后可使对手的攻击降低。,1,10,4,1,114,100000,51,239700,3,2162,100000,-1,0,309
2165,95,鼻呗三丁 箭羽斩,/images/Skill/DM/06_BiBeiSanDingJianYuZhan.png,急速攻击，攻击后可使对手的攻击降低。,1,10,5,1,121,100000,54,320000,3,2163,100000,-1,0,309
2166,95,鼻呗三丁 箭羽斩,/images/Skill/DM/06_BiBeiSanDingJianYuZhan.png,急速攻击，攻击后可使对手的攻击降低。,1,10,6,1,128,100000,57,0,3,2164,100000,-1,0,309
2167,95,鼻呗三丁 箭羽斩,/images/Skill/DM/06_BiBeiSanDingJianYuZhan.png,急速攻击，攻击后可使对手的攻击降低。,1,10,7,1,135,100000,60,0,3,2165,100000,-1,0,309
2168,95,鼻呗三丁 箭羽斩,/images/Skill/DM/06_BiBeiSanDingJianYuZhan.png,急速攻击，攻击后可使对手的攻击降低。,1,10,8,1,142,100000,63,0,3,2166,100000,-1,0,309
2169,95,鼻呗三丁 箭羽斩,/images/Skill/DM/06_BiBeiSanDingJianYuZhan.png,急速攻击，攻击后可使对手的攻击降低。,1,10,9,1,149,100000,66,0,3,2167,100000,-1,0,309
2170,95,鼻呗三丁 箭羽斩,/images/Skill/DM/06_BiBeiSanDingJianYuZhan.png,急速攻击，攻击后可使对手的攻击降低。,1,10,10,1,156,100000,69,0,3,2168,100000,-1,0,309
2181,95,黑暗果实,/images/Skill/DM/06_HeiAnGuoShi.png,暗影之力，使收到的伤害倍加，从而增加自身的防御力。,1,10,1,2,250,100000,40,52000,3,2169,100000,-1,0,310
2182,95,黑暗果实,/images/Skill/DM/06_HeiAnGuoShi.png,暗影之力，使收到的伤害倍加，从而增加自身的防御力。,1,10,2,2,290,100000,43,80000,3,2170,100000,-1,0,310
2183,95,黑暗果实,/images/Skill/DM/06_HeiAnGuoShi.png,暗影之力，使收到的伤害倍加，从而增加自身的防御力。,1,10,3,2,330,100000,46,143100,3,2181,100000,-1,0,310
2184,95,黑暗果实,/images/Skill/DM/06_HeiAnGuoShi.png,暗影之力，使收到的伤害倍加，从而增加自身的防御力。,1,10,4,2,370,100000,49,196200,3,2182,100000,-1,0,310
2185,95,黑暗果实,/images/Skill/DM/06_HeiAnGuoShi.png,暗影之力，使收到的伤害倍加，从而增加自身的防御力。,1,10,5,2,410,100000,52,264100,3,2185,100000,-1,0,310
2186,95,黑暗果实,/images/Skill/DM/06_HeiAnGuoShi.png,暗影之力，使收到的伤害倍加，从而增加自身的防御力。,1,10,6,2,450,100000,55,360000,3,2186,100000,-1,0,310
2187,95,黑暗果实,/images/Skill/DM/06_HeiAnGuoShi.png,暗影之力，使收到的伤害倍加，从而增加自身的防御力。,1,10,7,2,490,100000,58,0,3,2187,100000,-1,0,310
2188,95,黑暗果实,/images/Skill/DM/06_HeiAnGuoShi.png,暗影之力，使收到的伤害倍加，从而增加自身的防御力。,1,10,8,2,530,100000,61,0,3,2188,100000,-1,0,310
2189,95,黑暗果实,/images/Skill/DM/06_HeiAnGuoShi.png,暗影之力，使收到的伤害倍加，从而增加自身的防御力。,1,10,9,2,570,100000,64,0,3,2189,100000,-1,0,310
2190,95,黑暗果实,/images/Skill/DM/06_HeiAnGuoShi.png,暗影之力，使收到的伤害倍加，从而增加自身的防御力。,1,10,10,2,610,100000,67,0,3,2190,100000,-1,0,310
2201,95,橡皮枪乱打,/images/Skill/DM/06_XiangPiQiangLuanDa.png,引诱敌人先行攻击，一回合之后给与敌人加倍的致命攻击。,1,8,1,1,179,100000,50,214000,3,2201,100000,-1,0,311
2202,95,橡皮枪乱打,/images/Skill/DM/06_XiangPiQiangLuanDa.png,引诱敌人先行攻击，一回合之后给与敌人加倍的致命攻击。,1,8,2,1,0,100000,53,290000,3,2202,100000,-1,0,311
2203,95,橡皮枪乱打,/images/Skill/DM/06_XiangPiQiangLuanDa.png,引诱敌人先行攻击，一回合之后给与敌人加倍的致命攻击。,1,8,3,1,0,100000,56,0,3,2203,100000,-1,0,311
2204,95,橡皮枪乱打,/images/Skill/DM/06_XiangPiQiangLuanDa.png,引诱敌人先行攻击，一回合之后给与敌人加倍的致命攻击。,1,8,4,1,0,100000,59,0,3,2204,100000,-1,0,311
2205,95,橡皮枪乱打,/images/Skill/DM/06_XiangPiQiangLuanDa.png,引诱敌人先行攻击，一回合之后给与敌人加倍的致命攻击。,1,8,5,1,0,100000,62,0,3,2205,100000,-1,0,311
2206,95,橡皮枪乱打,/images/Skill/DM/06_XiangPiQiangLuanDa.png,引诱敌人先行攻击，一回合之后给与敌人加倍的致命攻击。,1,8,6,1,0,100000,65,0,3,2206,100000,-1,0,311
2207,95,橡皮枪乱打,/images/Skill/DM/06_XiangPiQiangLuanDa.png,引诱敌人先行攻击，一回合之后给与敌人加倍的致命攻击。,1,8,7,1,0,100000,68,0,3,2207,100000,-1,0,311
2208,95,橡皮枪乱打,/images/Skill/DM/06_XiangPiQiangLuanDa.png,引诱敌人先行攻击，一回合之后给与敌人加倍的致命攻击。,1,8,8,1,0,100000,71,0,3,2208,100000,-1,0,311
2501,6,力战,/images/Skill/YongShi/01_LiZhan.png,以勇猛来作战的方法。按照技能等级附加攻击力。,1,10,1,1,40,100000,10,100,1,5001,100000,-1,0,251
2502,6,力战,/images/Skill/YongShi/01_LiZhan.png,以勇猛来作战的方法。按照技能等级附加攻击力。,1,10,2,1,43,100000,12,200,1,5002,100000,-1,0,251
2503,6,力战,/images/Skill/YongShi/01_LiZhan.png,以勇猛来作战的方法。按照技能等级附加攻击力。,1,10,3,1,46,100000,14,300,1,5003,100000,-1,0,251
2504,6,力战,/images/Skill/YongShi/01_LiZhan.png,以勇猛来作战的方法。按照技能等级附加攻击力。,1,10,4,1,49,100000,16,600,1,5004,100000,-1,0,251
2505,6,力战,/images/Skill/YongShi/01_LiZhan.png,以勇猛来作战的方法。按照技能等级附加攻击力。,1,10,5,1,52,100000,18,1100,1,5005,100000,-1,0,251
2506,6,力战,/images/Skill/YongShi/01_LiZhan.png,以勇猛来作战的方法。按照技能等级附加攻击力。,1,10,6,1,55,100000,20,1800,1,5006,100000,-1,0,251
2507,6,力战,/images/Skill/YongShi/01_LiZhan.png,以勇猛来作战的方法。按照技能等级附加攻击力。,1,10,7,1,58,100000,22,2900,1,5007,100000,-1,0,251
2508,6,力战,/images/Skill/YongShi/01_LiZhan.png,以勇猛来作战的方法。按照技能等级附加攻击力。,1,10,8,1,61,100000,24,4500,1,5008,100000,-1,0,251
2509,6,力战,/images/Skill/YongShi/01_LiZhan.png,以勇猛来作战的方法。按照技能等级附加攻击力。,1,10,9,1,64,100000,26,6700,1,5009,100000,-1,0,251
2510,6,力战,/images/Skill/YongShi/01_LiZhan.png,以勇猛来作战的方法。按照技能等级附加攻击力。,1,10,10,1,67,100000,28,9600,1,5010,100000,-1,0,251
2521,6,长兵要诀,/images/Skill/YongShi/02_ChangBingYaoJue.png,精通长兵器的运用，提高使用长兵器时的攻击力。,1,10,1,3,0,100000,11,300,1,5021,100000,-1,0,252
2522,6,长兵要诀,/images/Skill/YongShi/02_ChangBingYaoJue.png,精通长兵器的运用，提高使用长兵器时的攻击力。,1,10,2,3,0,100000,13,700,1,5022,100000,-1,0,252
2523,6,长兵要诀,/images/Skill/YongShi/02_ChangBingYaoJue.png,精通长兵器的运用，提高使用长兵器时的攻击力。,1,10,3,3,0,100000,15,1400,1,5023,100000,-1,0,252
2524,6,长兵要诀,/images/Skill/YongShi/02_ChangBingYaoJue.png,精通长兵器的运用，提高使用长兵器时的攻击力。,1,10,4,3,0,100000,17,2600,1,5024,100000,-1,0,252
2525,6,长兵要诀,/images/Skill/YongShi/02_ChangBingYaoJue.png,精通长兵器的运用，提高使用长兵器时的攻击力。,1,10,5,3,0,100000,19,4500,1,5025,100000,-1,0,252
2526,6,长兵要诀,/images/Skill/YongShi/02_ChangBingYaoJue.png,精通长兵器的运用，提高使用长兵器时的攻击力。,1,10,6,3,0,100000,21,7400,1,5026,100000,-1,0,252
2527,6,长兵要诀,/images/Skill/YongShi/02_ChangBingYaoJue.png,精通长兵器的运用，提高使用长兵器时的攻击力。,1,10,7,3,0,100000,23,11700,1,5027,100000,-1,0,252
2528,6,长兵要诀,/images/Skill/YongShi/02_ChangBingYaoJue.png,精通长兵器的运用，提高使用长兵器时的攻击力。,1,10,8,3,0,100000,25,17700,1,5028,100000,-1,0,252
2529,6,长兵要诀,/images/Skill/YongShi/02_ChangBingYaoJue.png,精通长兵器的运用，提高使用长兵器时的攻击力。,1,10,9,3,0,100000,27,26000,1,5029,100000,-1,0,252
2530,6,长兵要诀,/images/Skill/YongShi/02_ChangBingYaoJue.png,精通长兵器的运用，提高使用长兵器时的攻击力。,1,10,10,3,0,100000,29,37100,1,5030,100000,-1,0,252
2541,6,连击,/images/Skill/YongShi/03_LianJi.png,将自己的力量一分为二，分为两次攻击对手的战法。,1,10,1,1,38,100000,12,200,1,5041,100000,-1,0,253
2542,6,连击,/images/Skill/YongShi/03_LianJi.png,将自己的力量一分为二，分为两次攻击对手的战法。,1,10,2,1,41,100000,14,300,1,5042,100000,-1,0,253
2543,6,连击,/images/Skill/YongShi/03_LianJi.png,将自己的力量一分为二，分为两次攻击对手的战法。,1,10,3,1,44,100000,16,600,1,5043,100000,-1,0,253
2544,6,连击,/images/Skill/YongShi/03_LianJi.png,将自己的力量一分为二，分为两次攻击对手的战法。,1,10,4,1,47,100000,18,1100,1,5044,100000,-1,0,253
2545,6,连击,/images/Skill/YongShi/03_LianJi.png,将自己的力量一分为二，分为两次攻击对手的战法。,1,10,5,1,50,100000,20,1800,1,5045,100000,-1,0,253
2546,6,连击,/images/Skill/YongShi/03_LianJi.png,将自己的力量一分为二，分为两次攻击对手的战法。,1,10,6,1,53,100000,22,2900,1,5046,100000,-1,0,253
2547,6,连击,/images/Skill/YongShi/03_LianJi.png,将自己的力量一分为二，分为两次攻击对手的战法。,1,10,7,1,56,100000,24,4500,1,5047,100000,-1,0,253
2548,6,连击,/images/Skill/YongShi/03_LianJi.png,将自己的力量一分为二，分为两次攻击对手的战法。,1,10,8,1,59,100000,26,6700,1,5048,100000,-1,0,253
2549,6,连击,/images/Skill/YongShi/03_LianJi.png,将自己的力量一分为二，分为两次攻击对手的战法。,1,10,9,1,62,100000,28,9600,1,5049,100000,-1,0,253
2550,6,连击,/images/Skill/YongShi/03_LianJi.png,将自己的力量一分为二，分为两次攻击对手的战法。,1,10,10,1,65,100000,30,13500,1,5050,100000,-1,0,253
2561,6,武勇锻炼,/images/Skill/YongShi/04_WuYongDuanLian.png,锻炼自己的武勇，使自己攻击力更强。,1,10,1,3,0,100000,20,5800,2,5061,100000,-1,0,254
2562,6,武勇锻炼,/images/Skill/YongShi/04_WuYongDuanLian.png,锻炼自己的武勇，使自己攻击力更强。,1,10,2,3,0,100000,22,9400,2,5062,100000,-1,0,254
2563,6,武勇锻炼,/images/Skill/YongShi/04_WuYongDuanLian.png,锻炼自己的武勇，使自己攻击力更强。,1,10,3,3,0,100000,24,14400,2,5063,100000,-1,0,254
2564,6,武勇锻炼,/images/Skill/YongShi/04_WuYongDuanLian.png,锻炼自己的武勇，使自己攻击力更强。,1,10,4,3,0,100000,26,21500,2,5064,100000,-1,0,254
2565,6,武勇锻炼,/images/Skill/YongShi/04_WuYongDuanLian.png,锻炼自己的武勇，使自己攻击力更强。,1,10,5,3,0,100000,28,31100,2,5065,100000,-1,0,254
2566,6,武勇锻炼,/images/Skill/YongShi/04_WuYongDuanLian.png,锻炼自己的武勇，使自己攻击力更强。,1,10,6,3,0,100000,30,43900,2,5066,100000,-1,0,254
2567,6,武勇锻炼,/images/Skill/YongShi/04_WuYongDuanLian.png,锻炼自己的武勇，使自己攻击力更强。,1,10,7,3,0,100000,32,60600,2,5067,100000,-1,0,254
2568,6,武勇锻炼,/images/Skill/YongShi/04_WuYongDuanLian.png,锻炼自己的武勇，使自己攻击力更强。,1,10,8,3,0,100000,34,82100,2,5068,100000,-1,0,254
2569,6,武勇锻炼,/images/Skill/YongShi/04_WuYongDuanLian.png,锻炼自己的武勇，使自己攻击力更强。,1,10,9,3,0,100000,36,109200,2,5069,100000,-1,0,254
2570,6,武勇锻炼,/images/Skill/YongShi/04_WuYongDuanLian.png,锻炼自己的武勇，使自己攻击力更强。,1,10,10,3,0,100000,38,143100,2,5070,100000,-1,0,254
2581,6,血战,/images/Skill/YongShi/05_XueZhan.png,不惜牺牲也要打败对手，每次攻击以损失体力为代价提高攻击力。,1,10,1,1,0,100000,21,2300,2,5081,100000,-1,0,255
2582,6,血战,/images/Skill/YongShi/05_XueZhan.png,不惜牺牲也要打败对手，每次攻击以损失体力为代价提高攻击力。,1,10,2,1,0,100000,23,3600,2,5082,100000,-1,0,255
2583,6,血战,/images/Skill/YongShi/05_XueZhan.png,不惜牺牲也要打败对手，每次攻击以损失体力为代价提高攻击力。,1,10,3,1,0,100000,25,5500,2,5083,100000,-1,0,255
2584,6,血战,/images/Skill/YongShi/05_XueZhan.png,不惜牺牲也要打败对手，每次攻击以损失体力为代价提高攻击力。,1,10,4,1,0,100000,27,8000,2,5084,100000,-1,0,255
2585,6,血战,/images/Skill/YongShi/05_XueZhan.png,不惜牺牲也要打败对手，每次攻击以损失体力为代价提高攻击力。,1,10,5,1,0,100000,29,11400,2,5085,100000,-1,0,255
2586,6,血战,/images/Skill/YongShi/05_XueZhan.png,不惜牺牲也要打败对手，每次攻击以损失体力为代价提高攻击力。,1,10,6,1,0,100000,31,16000,2,5086,100000,-1,0,255
2587,6,血战,/images/Skill/YongShi/05_XueZhan.png,不惜牺牲也要打败对手，每次攻击以损失体力为代价提高攻击力。,1,10,7,1,0,100000,33,21800,2,5087,100000,-1,0,255
2588,6,血战,/images/Skill/YongShi/05_XueZhan.png,不惜牺牲也要打败对手，每次攻击以损失体力为代价提高攻击力。,1,10,8,1,0,100000,35,29200,2,5088,100000,-1,0,255
2589,6,血战,/images/Skill/YongShi/05_XueZhan.png,不惜牺牲也要打败对手，每次攻击以损失体力为代价提高攻击力。,1,10,9,1,0,100000,37,38600,2,5089,100000,-1,0,255
2590,6,血战,/images/Skill/YongShi/05_XueZhan.png,不惜牺牲也要打败对手，每次攻击以损失体力为代价提高攻击力。,1,10,10,1,0,100000,39,50200,2,5090,100000,-1,0,255
2601,6,奇袭,/images/Skill/YongShi/06_QiXi.png,在难以防备的角落出击，命中后使对手流血。流血伤害不受到防御力影响。,1,10,1,2,250,100000,30,43900,2,5101,100000,-1,0,256
2602,6,奇袭,/images/Skill/YongShi/06_QiXi.png,在难以防备的角落出击，命中后使对手流血。流血伤害不受到防御力影响。,1,10,2,2,280,100000,33,70700,2,5102,100000,-1,0,256
2603,6,奇袭,/images/Skill/YongShi/06_QiXi.png,在难以防备的角落出击，命中后使对手流血。流血伤害不受到防御力影响。,1,10,3,2,310,100000,36,109200,2,5103,100000,-1,0,256
2604,6,奇袭,/images/Skill/YongShi/06_QiXi.png,在难以防备的角落出击，命中后使对手流血。流血伤害不受到防御力影响。,1,10,4,2,340,100000,39,163000,2,5104,100000,-1,0,256
2605,6,奇袭,/images/Skill/YongShi/06_QiXi.png,在难以防备的角落出击，命中后使对手流血。流血伤害不受到防御力影响。,1,10,5,2,370,100000,42,236000,2,5105,100000,-1,0,256
2606,6,奇袭,/images/Skill/YongShi/06_QiXi.png,在难以防备的角落出击，命中后使对手流血。流血伤害不受到防御力影响。,1,10,6,2,400,100000,45,333200,2,5106,100000,-1,0,256
2607,6,奇袭,/images/Skill/YongShi/06_QiXi.png,在难以防备的角落出击，命中后使对手流血。流血伤害不受到防御力影响。,1,10,7,2,430,100000,48,0,2,5107,100000,-1,0,256
2608,6,奇袭,/images/Skill/YongShi/06_QiXi.png,在难以防备的角落出击，命中后使对手流血。流血伤害不受到防御力影响。,1,10,8,2,460,100000,51,0,2,5108,100000,-1,0,256
2609,6,奇袭,/images/Skill/YongShi/06_QiXi.png,在难以防备的角落出击，命中后使对手流血。流血伤害不受到防御力影响。,1,10,9,2,490,100000,54,0,2,5109,100000,-1,0,256
2610,6,奇袭,/images/Skill/YongShi/06_QiXi.png,在难以防备的角落出击，命中后使对手流血。流血伤害不受到防御力影响。,1,10,10,2,520,100000,57,0,2,5110,100000,-1,0,256
2621,96,黎明歌 极光突,null,急速突进，用剑气刺人之剑法，使对手难以躲闪。,1,10,1,1,30,100000,32,18700,2,5121,100000,-1,0,257
2622,96,黎明歌 极光突,null,急速突进，用剑气刺人之剑法，使对手难以躲闪。,1,10,2,1,33,100000,35,29200,2,5122,100000,-1,0,257
2623,96,黎明歌 极光突,null,急速突进，用剑气刺人之剑法，使对手难以躲闪。,1,10,3,1,36,100000,38,44100,2,5123,100000,-1,0,257
2624,96,黎明歌 极光突,null,急速突进，用剑气刺人之剑法，使对手难以躲闪。,1,10,4,1,39,100000,41,64400,2,5124,100000,-1,0,257
2625,96,黎明歌 极光突,null,急速突进，用剑气刺人之剑法，使对手难以躲闪。,1,10,5,1,42,100000,44,91700,2,5125,100000,-1,0,257
2626,96,黎明歌 极光突,null,急速突进，用剑气刺人之剑法，使对手难以躲闪。,1,10,6,1,45,100000,47,127500,2,5126,100000,-1,0,257
2627,96,黎明歌 极光突,null,急速突进，用剑气刺人之剑法，使对手难以躲闪。,1,10,7,1,48,100000,50,173700,2,5127,100000,-1,0,257
2628,96,黎明歌 极光突,null,急速突进，用剑气刺人之剑法，使对手难以躲闪。,1,10,8,1,51,100000,53,230800,2,5128,100000,-1,0,257
2629,96,黎明歌 极光突,null,急速突进，用剑气刺人之剑法，使对手难以躲闪。,1,10,9,1,54,100000,56,0,2,5129,100000,-1,0,257
2630,96,黎明歌 极光突,null,急速突进，用剑气刺人之剑法，使对手难以躲闪。,1,10,10,1,57,100000,59,0,2,5130,100000,-1,0,257
2641,96,身经百战,null,身经百战的海贼知道如何更有效的打击敌人。,1,10,1,3,0,100000,38,143100,3,5141,100000,-1,0,258
2642,96,身经百战,null,身经百战的海贼知道如何更有效的打击敌人。,1,10,2,3,0,100000,41,209200,3,5142,100000,-1,0,258
2643,96,身经百战,null,身经百战的海贼知道如何更有效的打击敌人。,1,10,3,3,0,100000,44,297800,3,5143,100000,-1,0,258
2644,96,身经百战,null,身经百战的海贼知道如何更有效的打击敌人。,1,10,4,3,0,100000,47,0,3,5144,100000,-1,0,258
2645,96,身经百战,null,身经百战的海贼知道如何更有效的打击敌人。,1,10,5,3,0,100000,50,0,3,5145,100000,-1,0,258
2646,96,身经百战,null,身经百战的海贼知道如何更有效的打击敌人。,1,10,6,3,0,100000,53,0,3,5146,100000,-1,0,258
2647,96,身经百战,null,身经百战的海贼知道如何更有效的打击敌人。,1,10,7,3,0,100000,56,0,3,5147,100000,-1,0,258
2648,96,身经百战,null,身经百战的海贼知道如何更有效的打击敌人。,1,10,8,3,0,100000,59,0,3,5148,100000,-1,0,258
2649,96,身经百战,null,身经百战的海贼知道如何更有效的打击敌人。,1,10,9,3,0,100000,62,0,3,5149,100000,-1,0,258
2650,96,身经百战,null,身经百战的海贼知道如何更有效的打击敌人。,1,10,10,3,0,100000,65,0,3,5150,100000,-1,0,258
2661,96,三十六烦恼风,null,眼、耳、鼻、舌、身、意是人的六根，再加上好、恶、平!各自又有清静与污染，正是一世三十六烦恼。利用一把刀的威力制造出大炮般回旋剑风。被击中会减少法力值。,1,10,1,1,74,100000,39,50200,3,5161;5171,100000;100000,-1,0,259
2662,96,三十六烦恼风,null,眼、耳、鼻、舌、身、意是人的六根，再加上好、恶、平!各自又有清静与污染，正是一世三十六烦恼。利用一把刀的威力制造出大炮般回旋剑风。被击中会减少法力值。,1,10,2,1,81,100000,42,72700,3,5162;5172,100000;100000,-1,0,259
2663,96,三十六烦恼风,null,眼、耳、鼻、舌、身、意是人的六根，再加上好、恶、平!各自又有清静与污染，正是一世三十六烦恼。利用一把刀的威力制造出大炮般回旋剑风。被击中会减少法力值。,1,10,3,1,88,100000,45,102600,3,5163;5173,100000;100000,-1,0,259
2664,96,三十六烦恼风,null,眼、耳、鼻、舌、身、意是人的六根，再加上好、恶、平!各自又有清静与污染，正是一世三十六烦恼。利用一把刀的威力制造出大炮般回旋剑风。被击中会减少法力值。,1,10,4,1,93,100000,48,141800,3,5164;5174,100000;100000,-1,0,259
2665,96,三十六烦恼风,null,眼、耳、鼻、舌、身、意是人的六根，再加上好、恶、平!各自又有清静与污染，正是一世三十六烦恼。利用一把刀的威力制造出大炮般回旋剑风。被击中会减少法力值。,1,10,5,1,100,100000,51,191500,3,5165;5175,100000;100000,-1,0,259
2666,96,三十六烦恼风,null,眼、耳、鼻、舌、身、意是人的六根，再加上好、恶、平!各自又有清静与污染，正是一世三十六烦恼。利用一把刀的威力制造出大炮般回旋剑风。被击中会减少法力值。,1,10,6,1,107,100000,54,252400,3,5166;5176,100000;100000,-1,0,259
2667,96,三十六烦恼风,null,眼、耳、鼻、舌、身、意是人的六根，再加上好、恶、平!各自又有清静与污染，正是一世三十六烦恼。利用一把刀的威力制造出大炮般回旋剑风。被击中会减少法力值。,1,10,7,1,114,100000,57,0,3,5167;5177,100000;100000,-1,0,259
2668,96,三十六烦恼风,null,眼、耳、鼻、舌、身、意是人的六根，再加上好、恶、平!各自又有清静与污染，正是一世三十六烦恼。利用一把刀的威力制造出大炮般回旋剑风。被击中会减少法力值。,1,10,8,1,121,100000,60,0,3,5168;5178,100000;100000,-1,0,259
2669,96,三十六烦恼风,null,眼、耳、鼻、舌、身、意是人的六根，再加上好、恶、平!各自又有清静与污染，正是一世三十六烦恼。利用一把刀的威力制造出大炮般回旋剑风。被击中会减少法力值。,1,10,9,1,128,100000,63,0,3,5169;5179,100000;100000,-1,0,259
2670,96,三十六烦恼风,null,眼、耳、鼻、舌、身、意是人的六根，再加上好、恶、平!各自又有清静与污染，正是一世三十六烦恼。利用一把刀的威力制造出大炮般回旋剑风。被击中会减少法力值。,1,10,10,1,133,100000,66,0,3,5170;5180,100000;100000,-1,0,259
2681,96,三刀流 邪魔狩,null,三刀乱舞。,1,10,1,1,60,100000,40,56900,3,5181,100000,-1,0,260
2682,96,三刀流 邪魔狩,null,三刀乱舞。,1,10,2,1,66,100000,43,81700,3,5182,100000,-1,0,260
2683,96,三刀流 邪魔狩,null,三刀乱舞。,1,10,3,1,72,100000,46,114500,3,5183,100000,-1,0,260
2684,96,三刀流 邪魔狩,null,三刀乱舞。,1,10,4,1,78,100000,49,157200,3,5184,100000,-1,0,260
2685,96,三刀流 邪魔狩,null,三刀乱舞。,1,10,5,1,84,100000,52,210500,3,5185,100000,-1,0,260
2686,96,三刀流 邪魔狩,null,三刀乱舞。,1,10,6,1,90,100000,55,275400,3,5186,100000,-1,0,260
2687,96,三刀流 邪魔狩,null,三刀乱舞。,1,10,7,1,96,100000,58,0,3,5187,100000,-1,0,260
2688,96,三刀流 邪魔狩,null,三刀乱舞。,1,10,8,1,102,100000,61,0,3,5188,100000,-1,0,260
2689,96,三刀流 邪魔狩,null,三刀乱舞。,1,10,9,1,108,100000,64,0,3,5189,100000,-1,0,260
2690,96,三刀流 邪魔狩,null,三刀乱舞。,1,10,10,1,114,100000,67,0,3,5190,100000,-1,0,260
2701,96,居合 狮子挽歌,null,越危险的时候越容易发挥强大的力量，其威力就如电光火石，连铁也可斩开。,1,8,1,1,60,100000,50,173700,3,5201,100000,-1,0,261
2702,96,居合 狮子挽歌,null,越危险的时候越容易发挥强大的力量，其威力就如电光火石，连铁也可斩开。,1,8,2,1,0,100000,54,252400,3,-1,100000,-1,0,261
9001,8,武器磨砺,null,以黑暗的力量给敌人强力的一击。,-1,1,1,1,25,30000,1,0,0,90001,100000,-1,0,901
9101,8,黑暗抑制,null,以黑暗的力量抑制敌人力量。,-1,1,1,1,25,20000,1,0,0,90011,100000,-1,0,911
9201,8,黑暗回流,null,以黑暗的力量吸取敌人法力。,-1,1,1,1,25,100000,1,0,0,90021,100000,-1,0,921
9301,8,黑暗之影,null,以黑暗的力量加快自身速度。,-1,1,1,1,25,100000,1,0,0,90031,100000,-1,0,931
9311,8,瞬步,null,死神的独特步法，提高速度。,-1,1,1,1,30,100000,1,0,0,90031,100000,-1,0,932
9501,9,军曹重拳,null,KERORO军曹特有的招数。,-1,1,1,1,50,30000,1,0,0,90001,100000,-1,0,951
9502,9,奥丁权杖,null,null,-1,1,1,1,100,30000,1,0,0,90001,100000,-1,0,952
9503,9,蜕皮,null,对一些生物来说蜕皮就等于新生。,-1,1,1,1,200,10000,1,0,0,99001,100000,-1,0,953
9504,9,雷神,null,从天而降的巨大雷柱。即使勉强逃过一劫，也会受电流影响而浑身麻痹。,-1,1,1,1,280,25000,1,0,0,90001;99002,100000;100000,-1,0,954
9505,9,死亡弹,null,强大的力量足以毁灭一颗行星。,-1,1,1,1,500,30000,1,0,0,90001,100000,-1,0,955
